{"type":"FeatureCollection","features":[{"type":"Feature","geometry":{"type":"Polygon","coordinates":[[[98.277288,19.391707],[98.276961,19.391635],[98.276464,19.391633],[98.276053,19.391586],[98.275665,19.391492],[98.275412,19.391317],[98.275063,19.39088],[98.274858,19.390705],[98.274568,19.390451],[98.274387,19.390242],[98.274183,19.39007],[98.273772,19.389815],[98.273494,19.38955],[98.273302,19.389319],[98.273194,19.389237],[98.272999,19.389259],[98.272829,19.389328],[98.272598,19.389521],[98.272452,19.389692],[98.272342,19.389934],[98.272243,19.390153],[98.272207,19.390279],[98.272109,19.390369],[98.27154,19.390321],[98.271298,19.390296],[98.271055,19.390317],[98.270885,19.390409],[98.270776,19.39049],[98.27052,19.390695],[98.27018,19.390842],[98.270034,19.39098],[98.269792,19.390909],[98.269539,19.390725],[98.269164,19.390459],[98.268572,19.390167],[98.267931,19.389968],[98.26752,19.389806],[98.267193,19.389701],[98.26683,19.389641],[98.266334,19.389639],[98.265813,19.389566],[98.26528,19.38953],[98.26533,19.389241],[98.264894,19.389172],[98.26447,19.389145],[98.264082,19.389166],[98.263804,19.389097],[98.263272,19.388921],[98.262897,19.388805],[98.262775,19.388897],[98.262666,19.389009],[98.262678,19.389034],[98.26247,19.389435],[98.262275,19.389651],[98.262104,19.389847],[98.26197,19.389892],[98.261776,19.389936],[98.261461,19.389992],[98.261036,19.390139],[98.26043,19.390263],[98.259642,19.390386],[98.259181,19.390371],[98.258721,19.390414],[98.258225,19.390229],[98.257657,19.389892],[98.25744,19.389661],[98.256981,19.38951],[98.256485,19.389289],[98.255856,19.389079],[98.25536,19.388948],[98.254827,19.38898],[98.254427,19.388944],[98.254136,19.389011],[98.253966,19.389021],[98.253689,19.388778],[98.253617,19.388618],[98.253208,19.388191],[98.252772,19.388004],[98.252228,19.387898],[98.251573,19.388008],[98.250991,19.388144],[98.250784,19.388235],[98.25082,19.388269],[98.250661,19.388626],[98.250465,19.389005],[98.250161,19.389231],[98.249929,19.389506],[98.249746,19.389736],[98.249539,19.389918],[98.249284,19.389987],[98.248921,19.390042],[98.248655,19.389959],[98.248461,19.389832],[98.248208,19.389623],[98.248088,19.389417],[98.247825,19.388817],[98.247608,19.388586],[98.247366,19.388504],[98.246968,19.388674],[98.246568,19.388326],[98.246459,19.388177],[98.2464,19.387878],[98.246292,19.387498],[98.246281,19.387257],[98.246281,19.38704],[98.24621,19.386705],[98.246053,19.386339],[98.245933,19.386119],[98.245692,19.385808],[98.245499,19.385451],[98.245246,19.385047],[98.244909,19.384554],[98.244595,19.384139],[98.244173,19.383724],[98.243907,19.383436],[98.243485,19.383228],[98.243171,19.383078],[98.242602,19.382994],[98.242215,19.382925],[98.24184,19.382808],[98.241429,19.382705],[98.241042,19.382669],[98.240619,19.382656],[98.240256,19.382666],[98.239928,19.382884],[98.239685,19.383158],[98.239479,19.383503],[98.239296,19.38387],[98.239102,19.384111],[98.238617,19.38443],[98.238314,19.384522],[98.237903,19.384612],[98.237455,19.384669],[98.236971,19.384724],[98.236498,19.385011],[98.23605,19.385203],[98.235625,19.385432],[98.234947,19.385707],[98.234135,19.386117],[98.233335,19.386541],[98.232462,19.387066],[98.231954,19.387398],[98.231735,19.387639],[98.231577,19.387925],[98.231418,19.388292],[98.23132,19.388728],[98.23121,19.389245],[98.231135,19.39006],[98.230831,19.390405],[98.230649,19.390727],[98.230406,19.390954],[98.230055,19.391045],[98.229729,19.39101],[98.229499,19.390998],[98.228967,19.39079],[98.228604,19.390673],[98.228314,19.390764],[98.228095,19.390971],[98.227925,19.391224],[98.227815,19.391591],[98.227705,19.3919],[98.227607,19.392474],[98.227484,19.392957],[98.227193,19.393163],[98.226697,19.393276],[98.226394,19.393264],[98.226189,19.393252],[98.225874,19.393239],[98.225571,19.393249],[98.225257,19.393284],[98.224918,19.393294],[98.22453,19.39343],[98.22407,19.393554],[98.223598,19.393668],[98.223368,19.393759],[98.222883,19.393909],[98.222133,19.3941],[98.221552,19.394122],[98.220789,19.393992],[98.220402,19.393968],[98.220052,19.393854],[98.219508,19.393725],[98.218842,19.393561],[98.218468,19.39332],[98.218046,19.392939],[98.217611,19.392662],[98.217007,19.392361],[98.216403,19.391877],[98.215896,19.391405],[98.215607,19.391001],[98.215439,19.39077],[98.215246,19.390494],[98.21492,19.390239],[98.214521,19.390021],[98.214171,19.389952],[98.213941,19.389939],[98.213626,19.38996],[98.213214,19.389936],[98.212695,19.389796],[98.212393,19.3896],[98.212308,19.389496],[98.212297,19.389232],[98.212359,19.388726],[98.212445,19.388336],[98.212458,19.388153],[98.21258,19.387855],[98.212532,19.387568],[98.212351,19.38737],[98.212158,19.387153],[98.211917,19.386955],[98.211567,19.386667],[98.211144,19.38624],[98.210819,19.385791],[98.210517,19.385562],[98.210082,19.38549],[98.209901,19.385295],[98.209503,19.384939],[98.209069,19.384442],[98.20861,19.38413],[98.208163,19.38367],[98.207959,19.383244],[98.207658,19.382807],[98.207042,19.382436],[98.206523,19.382124],[98.205738,19.38142],[98.205316,19.381016],[98.204712,19.380603],[98.204206,19.380049],[98.203686,19.37976],[98.20318,19.37924],[98.202528,19.378745],[98.201972,19.378524],[98.201392,19.378338],[98.201102,19.378154],[98.200873,19.377866],[98.200777,19.377682],[98.200729,19.377463],[98.200706,19.377176],[98.200816,19.376752],[98.200684,19.376417],[98.200443,19.375968],[98.20013,19.375646],[98.199755,19.375507],[98.199369,19.375173],[98.199006,19.375056],[98.198667,19.375102],[98.198086,19.375237],[98.197626,19.375407],[98.197396,19.37542],[98.197214,19.375383],[98.196925,19.375257],[98.196659,19.375096],[98.196114,19.375104],[98.195776,19.375103],[98.19511,19.375193],[98.194468,19.375271],[98.193826,19.37551],[98.193197,19.375704],[98.192566,19.376024],[98.191923,19.376561],[98.191463,19.376823],[98.190917,19.377178],[98.190347,19.377591],[98.188771,19.378492],[98.187923,19.378766],[98.187209,19.378971],[98.186592,19.379106],[98.186156,19.379219],[98.185986,19.379368],[98.185864,19.379541],[98.185779,19.379701],[98.185561,19.379872],[98.185306,19.379963],[98.184979,19.380009],[98.184701,19.379985],[98.184472,19.379869],[98.18423,19.379674],[98.183868,19.379498],[98.183481,19.379429],[98.18319,19.379486],[98.182875,19.379553],[98.182693,19.379771],[98.182729,19.37992],[98.18291,19.380081],[98.183079,19.380279],[98.182945,19.380472],[98.182775,19.380587],[98.182558,19.380608],[98.182292,19.380573],[98.181929,19.38047],[98.181518,19.380457],[98.181384,19.380479],[98.181275,19.380582],[98.181093,19.380846],[98.180899,19.380971],[98.180741,19.38112],[98.180462,19.381234],[98.179966,19.381279],[98.179494,19.381254],[98.178877,19.381274],[98.178175,19.381262],[98.177752,19.381215],[98.177148,19.381086],[98.176567,19.380889],[98.176048,19.380771],[98.175491,19.380631],[98.174911,19.380572],[98.17427,19.380259],[98.173582,19.379868],[98.172978,19.379578],[98.172301,19.37922],[98.171976,19.378805],[98.171603,19.378309],[98.171205,19.377801],[98.170831,19.377515],[98.17048,19.377375],[98.170045,19.377281],[98.169706,19.377279],[98.169404,19.377255],[98.169041,19.377312],[98.168714,19.377333],[98.168315,19.37732],[98.167891,19.377354],[98.167541,19.377364],[98.167081,19.377294],[98.166754,19.377177],[98.16638,19.376959],[98.165933,19.376853],[98.165535,19.376415],[98.165125,19.376058],[98.164714,19.375803],[98.164363,19.375791],[98.163916,19.375721],[98.163432,19.375651],[98.163033,19.375694],[98.162573,19.375739],[98.161992,19.375737],[98.161787,19.375679],[98.161291,19.3757],[98.160867,19.375641],[98.16048,19.375594],[98.160191,19.375259],[98.159987,19.374833],[98.159795,19.374385],[98.159554,19.374063],[98.159264,19.37389],[98.158986,19.373751],[98.158744,19.373761],[98.158441,19.373886],[98.158175,19.373919],[98.157957,19.37401],[98.157751,19.374113],[98.157581,19.374205],[98.157339,19.374159],[98.157122,19.374122],[98.15688,19.37403],[98.156663,19.37388],[98.156446,19.373637],[98.156325,19.373409],[98.156278,19.373144],[98.15628,19.372649],[98.15622,19.372281],[98.156039,19.372212],[98.155749,19.372107],[98.155459,19.372139],[98.155265,19.372175],[98.15512,19.372025],[98.155084,19.371839],[98.155146,19.371679],[98.155279,19.371461],[98.155437,19.37129],[98.155704,19.371142],[98.155752,19.371257],[98.155934,19.371073],[98.15608,19.370936],[98.156141,19.370694],[98.156238,19.370501],[98.156239,19.370408],[98.156215,19.370132],[98.156119,19.369845],[98.155879,19.369534],[98.155442,19.369171],[98.155656,19.369188],[98.155844,19.369166],[98.156062,19.368925],[98.156172,19.368754],[98.156233,19.368442],[98.156258,19.368214],[98.156235,19.36795],[98.156212,19.367686],[98.156212,19.367466],[98.156165,19.367213],[98.156141,19.366949],[98.156118,19.366707],[98.156131,19.366409],[98.156193,19.366066],[98.156315,19.365743],[98.156388,19.365479],[98.156474,19.365227],[98.156729,19.364963],[98.156935,19.364745],[98.157251,19.364482],[98.157445,19.3643],[98.157663,19.364139],[98.157905,19.364072],[98.158075,19.36398],[98.158293,19.363821],[98.158451,19.363695],[98.15856,19.363488],[98.158634,19.363224],[98.15878,19.362983],[98.158902,19.362696],[98.159024,19.362444],[98.159194,19.362203],[98.15934,19.361996],[98.159473,19.361836],[98.159595,19.361699],[98.159716,19.361618],[98.159813,19.361517],[98.159862,19.361354],[98.159875,19.361205],[98.159912,19.361],[98.160033,19.360804],[98.160252,19.360586],[98.160615,19.360427],[98.16093,19.360291],[98.161318,19.360155],[98.161717,19.36012],[98.161971,19.36011],[98.162274,19.360112],[98.16254,19.360158],[98.162721,19.360181],[98.16289,19.360205],[98.16312,19.360206],[98.163266,19.360173],[98.16352,19.360047],[98.163702,19.359933],[98.163896,19.359681],[98.164139,19.35944],[98.164285,19.359314],[98.164406,19.359141],[98.164479,19.358981],[98.164625,19.358798],[98.164771,19.358603],[98.164989,19.358432],[98.165256,19.358248],[98.165486,19.358156],[98.165801,19.358124],[98.166116,19.358125],[98.16643,19.358149],[98.16689,19.358104],[98.167204,19.358002],[98.167496,19.357797],[98.16769,19.35759],[98.167957,19.357406],[98.168212,19.357143],[98.168575,19.357018],[98.168854,19.356904],[98.16912,19.356849],[98.169374,19.35671],[98.169617,19.356621],[98.16975,19.356518],[98.16992,19.356322],[98.170017,19.356184],[98.170127,19.355955],[98.170164,19.35569],[98.170262,19.355393],[98.170433,19.354921],[98.170603,19.354716],[98.170918,19.354429],[98.171222,19.354075],[98.171695,19.353766],[98.17224,19.353366],[98.172689,19.353068],[98.173077,19.352828],[98.173416,19.352624],[98.173719,19.352395],[98.173889,19.352325],[98.174603,19.352225],[98.175027,19.352077],[98.175282,19.351916],[98.175705,19.351791],[98.176008,19.351598],[98.176336,19.351196],[98.17664,19.350783],[98.177041,19.350349],[98.177525,19.350074],[98.177829,19.349869],[98.178204,19.349571],[98.178763,19.349101],[98.179332,19.348679],[98.179902,19.348279],[98.180484,19.348038],[98.181126,19.347835],[98.181598,19.347629],[98.182046,19.347494],[98.182687,19.347438],[98.183172,19.347289],[98.183898,19.347177],[98.184467,19.347075],[98.185072,19.347031],[98.185834,19.346851],[98.186537,19.346669],[98.187057,19.346486],[98.187554,19.346294],[98.18793,19.34611],[98.188087,19.346007],[98.188342,19.345766],[98.188524,19.345514],[98.188743,19.345158],[98.189083,19.344907],[98.189349,19.344793],[98.189737,19.344566],[98.190004,19.34436],[98.190222,19.344223],[98.190598,19.343971],[98.191046,19.343718],[98.191482,19.343456],[98.191955,19.343182],[98.192464,19.342977],[98.192864,19.342807],[98.193214,19.342727],[98.193506,19.342509],[98.193748,19.342291],[98.193991,19.342075],[98.194149,19.341742],[98.194186,19.341489],[98.194187,19.341283],[98.194211,19.341075],[98.194213,19.34073],[98.194262,19.340305],[98.194239,19.339973],[98.194277,19.33965],[98.194411,19.33926],[98.194642,19.338893],[98.194909,19.338469],[98.195188,19.338125],[98.195407,19.337839],[98.195589,19.33762],[98.195759,19.337438],[98.19605,19.337254],[98.196365,19.337025],[98.196584,19.336821],[98.196887,19.336465],[98.197057,19.336294],[98.197336,19.336042],[98.197519,19.335652],[98.197665,19.335296],[98.197908,19.334917],[98.198199,19.334618],[98.198478,19.334355],[98.198745,19.334069],[98.199,19.333817],[98.199219,19.333611],[98.199388,19.333358],[98.199486,19.333106],[98.199548,19.332819],[98.1995,19.332475],[98.199537,19.332256],[98.19949,19.331924],[98.199442,19.331671],[98.199322,19.331417],[98.199166,19.331118],[98.198937,19.330727],[98.198793,19.33038],[98.198625,19.330059],[98.19842,19.329726],[98.198276,19.329391],[98.198132,19.329103],[98.19806,19.32876],[98.198061,19.328518],[98.198074,19.328161],[98.198172,19.327655],[98.198258,19.327301],[98.198429,19.326933],[98.198587,19.326485],[98.198831,19.326004],[98.199135,19.325373],[98.199438,19.325006],[98.199681,19.324628],[98.199864,19.324227],[98.200047,19.323733],[98.200157,19.323421],[98.200243,19.323146],[98.200534,19.322723],[98.200668,19.322389],[98.200924,19.321861],[98.201058,19.321322],[98.201241,19.320909],[98.201424,19.320463],[98.20157,19.320095],[98.201705,19.319624],[98.201851,19.319166],[98.201998,19.318683],[98.202229,19.318223],[98.202412,19.317822],[98.202607,19.317305],[98.202995,19.316837],[98.203202,19.316458],[98.203457,19.316044],[98.203761,19.31569],[98.20404,19.315391],[98.20427,19.315186],[98.204513,19.314887],[98.204816,19.314579],[98.205205,19.31419],[98.205726,19.313858],[98.206174,19.313607],[98.206634,19.313423],[98.207034,19.313206],[98.207397,19.313002],[98.20787,19.312796],[98.20833,19.312545],[98.20873,19.312258],[98.209263,19.311984],[98.209639,19.311606],[98.210148,19.31117],[98.210609,19.310782],[98.211022,19.310311],[98.211506,19.310038],[98.211967,19.309764],[98.212512,19.309502],[98.212839,19.309262],[98.213263,19.30909],[98.213602,19.308723],[98.213906,19.308299],[98.214258,19.307921],[98.214634,19.307589],[98.215179,19.307245],[98.215592,19.306834],[98.215883,19.306501],[98.216247,19.30617],[98.216502,19.305803],[98.216647,19.305584],[98.21683,19.30509],[98.216941,19.30461],[98.217099,19.304172],[98.217233,19.303852],[98.217307,19.303461],[98.217358,19.302691],[98.21742,19.302208],[98.217493,19.301702],[98.217495,19.30121],[98.21751,19.300369],[98.217511,19.299877],[98.217645,19.299464],[98.217574,19.298899],[98.217491,19.298451],[98.217335,19.298003],[98.217252,19.297497],[98.217168,19.297128],[98.217121,19.296715],[98.217075,19.296152],[98.217015,19.295727],[98.217016,19.29537],[98.21703,19.295015],[98.217007,19.29452],[98.216972,19.294095],[98.216973,19.293578],[98.216902,19.293015],[98.216747,19.292382],[98.216676,19.291968],[98.216423,19.291427],[98.216243,19.29092],[98.216306,19.290324],[98.216332,19.289784],[98.216369,19.28936],[98.216395,19.288922],[98.216383,19.288578],[98.21653,19.288084],[98.21664,19.287612],[98.216738,19.287292],[98.216848,19.286832],[98.217055,19.2865],[98.217164,19.286189],[98.217164,19.2862],[98.217468,19.285811],[98.217856,19.28556],[98.218231,19.285263],[98.218631,19.284942],[98.218923,19.284599],[98.219262,19.284255],[98.219396,19.283921],[98.21953,19.28359],[98.219677,19.2832],[98.219762,19.282866],[98.219969,19.282487],[98.220163,19.28219],[98.220405,19.281994],[98.220503,19.281753],[98.220564,19.281444],[98.220674,19.281247],[98.220832,19.280893],[98.221087,19.28063],[98.221269,19.280367],[98.221596,19.280034],[98.222008,19.27992],[98.222238,19.279772],[98.222516,19.279715],[98.222698,19.279715],[98.222819,19.279705],[98.222988,19.27975],[98.223072,19.279796],[98.223108,19.279866],[98.22318,19.280038],[98.223168,19.280199],[98.22301,19.280521],[98.222839,19.28099],[98.22268,19.281518],[98.222607,19.281782],[98.222655,19.282071],[98.222738,19.282427],[98.222883,19.28268],[98.223027,19.282841],[98.223353,19.282992],[98.223692,19.28305],[98.224006,19.283062],[98.224381,19.283098],[98.224719,19.28318],[98.225057,19.283503],[98.225334,19.283768],[98.225563,19.283986],[98.225841,19.284184],[98.226083,19.28423],[98.226458,19.284198],[98.226833,19.284141],[98.22722,19.284131],[98.22751,19.284177],[98.227896,19.284396],[98.228089,19.284582],[98.22827,19.284743],[98.228572,19.284893],[98.228789,19.284962],[98.2292,19.28502],[98.229829,19.284978],[98.230398,19.284851],[98.231112,19.284728],[98.231753,19.284753],[98.232466,19.28479],[98.23295,19.284837],[98.233288,19.284861],[98.233723,19.284852],[98.234207,19.284874],[98.234872,19.285004],[98.235319,19.285109],[98.235983,19.285478],[98.236707,19.285861],[98.237166,19.286147],[98.237891,19.286358],[98.238423,19.286406],[98.238955,19.286304],[98.239452,19.286202],[98.239936,19.286111],[98.240468,19.2861],[98.24077,19.286067],[98.241302,19.286022],[98.241882,19.286117],[98.242511,19.286337],[98.242849,19.286521],[98.243247,19.286891],[98.24379,19.28727],[98.244261,19.287388],[98.244768,19.287665],[98.24524,19.287816],[98.245747,19.287979],[98.245976,19.288115],[98.246151,19.2882],[98.247072,19.28812],[98.247641,19.288032],[98.248622,19.288095],[98.249081,19.288304],[98.249553,19.28841],[98.249879,19.288549],[98.249987,19.28862],[98.250144,19.2887],[98.250508,19.288737],[98.251064,19.288911],[98.251716,19.289192],[98.252247,19.289424],[98.252791,19.289612],[98.253408,19.289867],[98.253939,19.290123],[98.254495,19.29031],[98.254772,19.29053],[98.255098,19.290807],[98.255278,19.290957],[98.255459,19.291166],[98.255687,19.291501],[98.255915,19.291904],[98.256083,19.292203],[98.256323,19.292561],[98.256492,19.292747],[98.256721,19.292953],[98.257107,19.293186],[98.257433,19.293338],[98.257964,19.293742],[98.258422,19.294056],[98.258688,19.294251],[98.259061,19.294553],[98.259339,19.294774],[98.25958,19.294969],[98.259991,19.295201],[98.260401,19.295422],[98.260788,19.295539],[98.261114,19.295703],[98.261356,19.295771],[98.261755,19.295891],[98.262348,19.295949],[98.262759,19.296078],[98.263194,19.296208],[98.263521,19.296302],[98.263908,19.296292],[98.264235,19.296328],[98.264525,19.296363],[98.264791,19.296389],[98.265215,19.296551],[98.265709,19.296842],[98.266228,19.297212],[98.26659,19.297571],[98.267036,19.297907],[98.26741,19.298195],[98.26776,19.298427],[98.268109,19.298704],[98.268423,19.299028],[98.268796,19.299375],[98.269158,19.299619],[98.269508,19.299839],[98.269811,19.299922],[98.270258,19.30005],[98.270608,19.300201],[98.270898,19.300294],[98.271297,19.300445],[98.271636,19.300562],[98.271938,19.300633],[98.272265,19.300682],[98.272531,19.30066],[98.272834,19.30065],[98.27321,19.300593],[98.273586,19.300515],[98.274094,19.300506],[98.274349,19.300403],[98.274737,19.300314],[98.275016,19.300259],[98.275561,19.300157],[98.275949,19.300068],[98.276422,19.3],[98.277003,19.300016],[98.277524,19.300018],[98.278226,19.299976],[98.278542,19.299873],[98.278724,19.299747],[98.279027,19.299624],[98.279367,19.299488],[98.279791,19.299397],[98.280216,19.299285],[98.280568,19.29909],[98.280871,19.29899],[98.281344,19.298842],[98.281708,19.29874],[98.28206,19.298581],[98.282375,19.298444],[98.282691,19.298263],[98.283019,19.298056],[98.283432,19.297796],[98.283712,19.297623],[98.283882,19.297418],[98.284077,19.297177],[98.284297,19.296936],[98.284491,19.296754],[98.284759,19.296502],[98.285063,19.296309],[98.285391,19.296057],[98.285683,19.295805],[98.285999,19.295564],[98.286303,19.295349],[98.286619,19.29512],[98.286899,19.294845],[98.287215,19.294618],[98.287567,19.294366],[98.287992,19.294163],[98.28832,19.29399],[98.288575,19.293819],[98.288951,19.293683],[98.289412,19.293547],[98.2898,19.293388],[98.2902,19.293265],[98.290686,19.293118],[98.291062,19.292948],[98.291559,19.292812],[98.291995,19.292757],[98.292407,19.2927],[98.29294,19.292634],[98.293219,19.292543],[98.293595,19.292476],[98.29391,19.292432],[98.294358,19.292355],[98.294771,19.29223],[98.295219,19.292094],[98.295681,19.291901],[98.295936,19.291742],[98.296154,19.291616],[98.296239,19.291558],[98.296072,19.291248],[98.296653,19.29109],[98.297114,19.291046],[98.297573,19.291116],[98.298058,19.291199],[98.298747,19.291249],[98.299402,19.291139],[98.300117,19.291071],[98.300844,19.290927],[98.301426,19.290733],[98.302106,19.290473],[98.302858,19.290156],[98.303513,19.289835],[98.304254,19.289553],[98.304824,19.289336],[98.30526,19.289338],[98.305915,19.289123],[98.306363,19.28901],[98.306739,19.288966],[98.307188,19.288774],[98.307588,19.288615],[98.307928,19.288419],[98.308256,19.288215],[98.308608,19.287986],[98.308973,19.287748],[98.309434,19.287485],[98.310029,19.287155],[98.310394,19.286881],[98.310722,19.286686],[98.311062,19.28647],[98.311329,19.286322],[98.311536,19.286174],[98.311742,19.286059],[98.311924,19.285922],[98.312058,19.285762],[98.312095,19.285555],[98.312109,19.285245],[98.312207,19.285038],[98.31239,19.284867],[98.312778,19.28464],[98.313154,19.284456],[98.313579,19.284356],[98.314015,19.284346],[98.314354,19.284336],[98.314656,19.28436],[98.314947,19.284386],[98.315226,19.284249],[98.315651,19.28402],[98.3161,19.28378],[98.316441,19.283495],[98.316926,19.283257],[98.317266,19.283039],[98.317643,19.282824],[98.31791,19.282687],[98.318322,19.282584],[98.31877,19.282541],[98.319302,19.282624],[98.319617,19.282673],[98.320028,19.282857],[98.320354,19.282963],[98.320875,19.283012],[98.321564,19.283107],[98.322326,19.283284],[98.322943,19.283424],[98.323646,19.283393],[98.324409,19.283362],[98.325171,19.283412],[98.325703,19.283529],[98.325885,19.283541],[98.326381,19.283613],[98.326853,19.28373],[98.327372,19.283894],[98.327953,19.284068],[98.328425,19.284185],[98.328981,19.284223],[98.329514,19.284169],[98.330289,19.284276],[98.330942,19.284359],[98.331632,19.284398],[98.332249,19.284504],[98.333023,19.284668],[98.333677,19.284799],[98.334269,19.285088],[98.334775,19.28548],[98.335317,19.286059],[98.335739,19.286383],[98.336005,19.286581],[98.336222,19.286787],[98.336475,19.286984],[98.336849,19.287273],[98.337139,19.287425],[98.337574,19.287542],[98.33795,19.287543],[98.338301,19.287545],[98.338846,19.287445],[98.339428,19.287354],[98.340118,19.287255],[98.340833,19.287292],[98.341522,19.287479],[98.342078,19.287712],[98.34273,19.288096],[98.34337,19.288363],[98.344011,19.288677],[98.344748,19.288966],[98.345304,19.289095],[98.345921,19.28926],[98.346466,19.289332],[98.346865,19.289311],[98.347374,19.28936],[98.34804,19.28927],[98.348585,19.28917],[98.349143,19.289],[98.350053,19.288784],[98.350816,19.288674],[98.351482,19.288642],[98.352221,19.288656],[98.352789,19.28874],[98.353334,19.288696],[98.353843,19.288608],[98.354365,19.288402],[98.354802,19.288254],[98.355298,19.288258],[98.355708,19.288524],[98.356095,19.288699],[98.356361,19.288746],[98.35664,19.288713],[98.357174,19.28852],[98.357769,19.288165],[98.358352,19.287627],[98.358924,19.28716],[98.359713,19.286634],[98.360442,19.286178],[98.36117,19.285733],[98.361875,19.285277],[98.362433,19.284944],[98.363016,19.284684],[98.363755,19.284642],[98.364711,19.284681],[98.36551,19.284788],[98.36609,19.284905],[98.366671,19.285092],[98.367167,19.285139],[98.367687,19.285166],[98.36839,19.285064],[98.368948,19.284917],[98.369481,19.284747],[98.370002,19.284681],[98.370728,19.284858],[98.371248,19.28502],[98.371841,19.285173],[98.372444,19.285566],[98.373012,19.285959],[98.373519,19.286135],[98.37433,19.286323],[98.374983,19.286429],[98.375358,19.2865],[98.375782,19.286536],[98.376145,19.286435],[98.376656,19.286046],[98.377106,19.285668],[98.377373,19.285348],[98.377508,19.285037],[98.377752,19.28459],[98.37796,19.284108],[98.378155,19.283799],[98.378291,19.283374],[98.37834,19.283099],[98.378354,19.282823],[98.378294,19.282615],[98.378174,19.282385],[98.378078,19.282224],[98.377994,19.282074],[98.377886,19.281866],[98.377802,19.281669],[98.377742,19.281497],[98.377671,19.281267],[98.377842,19.280924],[98.378073,19.28066],[98.378571,19.280316],[98.379045,19.280042],[98.37998,19.27937],[98.380527,19.278911],[98.38088,19.278431],[98.381355,19.277938],[98.381853,19.27747],[98.382194,19.277125],[98.382559,19.276794],[98.382948,19.276416],[98.38318,19.275981],[98.38346,19.275534],[98.38362,19.274914],[98.383756,19.274464],[98.383869,19.27357],[98.38404,19.273144],[98.384103,19.272778],[98.384104,19.272373],[98.384166,19.272053],[98.384314,19.27148],[98.384449,19.271053],[98.384657,19.270595],[98.384769,19.270067],[98.384831,19.269654],[98.384906,19.269182],[98.384944,19.268746],[98.384825,19.268343],[98.384778,19.267997],[98.384756,19.267618],[98.384685,19.267227],[98.384674,19.26687],[98.384737,19.266479],[98.384787,19.266077],[98.384934,19.265594],[98.385191,19.265021],[98.385448,19.264401],[98.38568,19.263931],[98.385888,19.263471],[98.386181,19.263059],[98.386461,19.262579],[98.386863,19.26213],[98.38758,19.261581],[98.388247,19.261218],[98.388951,19.26084],[98.389825,19.260362],[98.390553,19.259999],[98.391378,19.25968],[98.391814,19.259508],[98.392518,19.259189],[98.393221,19.258905],[98.39378,19.258448],[98.394753,19.257408],[98.395518,19.256985],[98.396198,19.256563],[98.396865,19.256197],[98.396914,19.256186],[98.397605,19.255994],[98.398114,19.25595],[98.398875,19.256102],[98.399686,19.25629],[98.400738,19.256422],[98.40184,19.256552],[98.402675,19.25658],[98.403426,19.256444],[98.404166,19.256173],[98.404894,19.25574],[98.405864,19.255282],[98.406653,19.254896],[98.407514,19.254463],[98.408327,19.254133],[98.409333,19.253768],[98.410303,19.253509],[98.411223,19.253478],[98.41224,19.25347],[98.413185,19.253394],[98.414057,19.253307],[98.415196,19.253012],[98.416082,19.252579],[98.416895,19.252044],[98.417744,19.251748],[98.418338,19.251474],[98.41843,19.251423],[98.419935,19.251041],[98.420177,19.250893],[98.420323,19.250778],[98.420566,19.250537],[98.420894,19.250344],[98.421233,19.250322],[98.421657,19.250242],[98.422492,19.250362],[98.422782,19.250352],[98.423109,19.25026],[98.423388,19.250205],[98.423751,19.250217],[98.424029,19.250367],[98.424512,19.250577],[98.424826,19.250715],[98.425153,19.25082],[98.425637,19.25096],[98.42612,19.251065],[98.426444,19.251114],[98.426636,19.251141],[98.426689,19.251148],[98.42727,19.251164],[98.427742,19.251199],[98.428299,19.251178],[98.42871,19.251146],[98.428764,19.251139],[98.429005,19.251113],[98.429207,19.251091],[98.429582,19.251044],[98.42997,19.250989],[98.430359,19.25067],[98.430615,19.250291],[98.430774,19.2499],[98.43092,19.249533],[98.431018,19.249246],[98.43114,19.249005],[98.431287,19.248673],[98.431397,19.248499],[98.431591,19.248272],[98.431798,19.248053],[98.431968,19.247939],[98.432041,19.247871],[98.431993,19.247871],[98.432477,19.247678],[98.432865,19.247564],[98.43335,19.247312],[98.433848,19.24712],[98.434199,19.247006],[98.434672,19.246869],[98.435036,19.246502],[98.435521,19.246458],[98.436151,19.246162],[98.436613,19.245809],[98.436881,19.245441],[98.437306,19.245144],[98.437597,19.244974],[98.438045,19.244826],[98.43853,19.244701],[98.438991,19.244553],[98.439536,19.24444],[98.440032,19.24443],[98.440601,19.244409],[98.441267,19.244504],[98.441871,19.244646],[98.442536,19.244808],[98.443141,19.244961],[98.443625,19.245019],[98.444544,19.245275],[98.445317,19.245589],[98.445861,19.245844],[98.446441,19.246135],[98.447057,19.246356],[98.447807,19.246566],[98.448399,19.246762],[98.449101,19.247019],[98.449765,19.247274],[98.450406,19.247473],[98.451155,19.247751],[98.451675,19.247868],[98.452002,19.24788],[98.45251,19.247963],[98.452958,19.247919],[98.453443,19.24776],[98.454001,19.247463],[98.454438,19.247144],[98.454718,19.246833],[98.455058,19.24657],[98.455277,19.246353],[98.455483,19.246146],[98.455605,19.246009],[98.455649,19.245882],[98.455702,19.24593],[98.45604,19.246114],[98.456378,19.246278],[98.45649,19.246303],[98.456535,19.247261],[98.456333,19.248187],[98.455865,19.248983],[98.455,19.249443],[98.453847,19.250007],[98.453291,19.250701],[98.452902,19.251484],[98.452852,19.251655],[98.452742,19.251953],[98.452632,19.25231],[98.452642,19.252723],[98.452592,19.253159],[98.452469,19.253597],[98.452418,19.254148],[98.45232,19.254446],[98.45198,19.25471],[98.451773,19.254973],[98.451554,19.255237],[98.451202,19.25543],[98.45102,19.255522],[98.450669,19.255625],[98.45016,19.255669],[98.449676,19.255758],[98.449275,19.255906],[98.448729,19.25618],[98.448414,19.256443],[98.448037,19.256636],[98.447819,19.256877],[98.447817,19.257153],[98.447949,19.257429],[98.448021,19.257682],[98.448106,19.257786],[98.448275,19.257834],[98.448723,19.257881],[98.449086,19.257882],[98.449509,19.257872],[98.449836,19.257943],[98.450054,19.258002],[98.450235,19.258118],[98.450343,19.258198],[98.4505,19.258499],[98.450462,19.258842],[98.45045,19.258889],[98.450412,19.25921],[98.450265,19.259612],[98.45013,19.259968],[98.449947,19.260392],[98.449666,19.260943],[98.449374,19.26138],[98.448984,19.261942],[98.448776,19.262481],[98.44852,19.26286],[98.448325,19.263295],[98.448202,19.263708],[98.448164,19.264099],[98.448053,19.264523],[98.447991,19.264925],[98.448146,19.26557],[98.448217,19.265974],[98.448215,19.266352],[98.448153,19.266824],[98.448152,19.267032],[98.448041,19.267479],[98.447869,19.267903],[98.447687,19.268121],[98.447359,19.268464],[98.44708,19.268589],[98.446716,19.26883],[98.44634,19.269012],[98.445782,19.269205],[98.445394,19.269251],[98.44491,19.269202],[98.444426,19.269178],[98.444063,19.269118],[98.443869,19.269025],[98.443713,19.268841],[98.443532,19.268633],[98.443425,19.268276],[98.443281,19.26793],[98.443137,19.267493],[98.443066,19.267158],[98.443044,19.266779],[98.442935,19.266595],[98.442779,19.266398],[98.442598,19.266305],[98.442272,19.266063],[98.441897,19.265982],[98.441678,19.266153],[98.441411,19.266302],[98.440683,19.266575],[98.440635,19.266561],[98.440501,19.266687],[98.440452,19.266884],[98.440378,19.267137],[98.440437,19.267562],[98.440545,19.267781],[98.440665,19.268057],[98.440797,19.268414],[98.44105,19.268783],[98.441278,19.269094],[98.441289,19.269383],[98.441276,19.269555],[98.441191,19.269737],[98.441081,19.269911],[98.440923,19.27006],[98.440777,19.270197],[98.440559,19.270368],[98.440364,19.27055],[98.44017,19.270665],[98.439939,19.270825],[98.439805,19.271066],[98.439732,19.271192],[98.439718,19.271491],[98.439693,19.271802],[98.439607,19.272078],[98.439617,19.272548],[98.439773,19.272916],[98.440026,19.273159],[98.440267,19.273379],[98.440485,19.273483],[98.440763,19.273622],[98.440993,19.273693],[98.44121,19.273716],[98.441453,19.273626],[98.441768,19.273419],[98.442072,19.273179],[98.4424,19.27294],[98.442764,19.27277],[98.443189,19.272586],[98.443564,19.272496],[98.443843,19.27252],[98.44406,19.272591],[98.444241,19.272833],[98.444495,19.273017],[98.444566,19.273213],[98.44442,19.273385],[98.444202,19.27351],[98.444128,19.273729],[98.443886,19.273842],[98.443642,19.274083],[98.443374,19.274461],[98.442974,19.274828],[98.442718,19.275171],[98.442559,19.275494],[98.442521,19.275826],[98.442581,19.276079],[98.442725,19.276265],[98.442857,19.276507],[98.443002,19.276634],[98.443231,19.276876],[98.443436,19.27713],[98.443689,19.277361],[98.443955,19.277579],[98.444184,19.27781],[98.44434,19.278018],[98.444557,19.278331],[98.444592,19.278581],[98.444567,19.278871],[98.444421,19.279053],[98.444117,19.279398],[98.443922,19.279718],[98.44369,19.280004],[98.443556,19.280338],[98.443385,19.280625],[98.443032,19.281037],[98.442777,19.281346],[98.442582,19.281666],[98.442338,19.28193],[98.442119,19.282275],[98.442069,19.28262],[98.442056,19.282733],[98.442092,19.282907],[98.442334,19.283091],[98.442563,19.283196],[98.442865,19.283393],[98.443119,19.283498],[98.443385,19.283625],[98.443675,19.283775],[98.443904,19.283891],[98.444158,19.284018],[98.444412,19.284134],[98.444544,19.284261],[98.444557,19.284261],[98.444579,19.284641],[98.444457,19.284871],[98.444323,19.285031],[98.444068,19.285227],[98.443874,19.285386],[98.443654,19.285811],[98.443447,19.286144],[98.443324,19.286569],[98.443214,19.286855],[98.443249,19.287108],[98.443441,19.2875],[98.443646,19.28772],[98.44402,19.287996],[98.444516,19.288217],[98.444951,19.288288],[98.445302,19.288323],[98.445726,19.288327],[98.445873,19.288074],[98.446164,19.287867],[98.44654,19.287801],[98.446927,19.287847],[98.447435,19.287966],[98.447943,19.288083],[98.448693,19.288282],[98.449516,19.288433],[98.450254,19.288483],[98.450629,19.288588],[98.451235,19.288533],[98.451719,19.288523],[98.45201,19.288536],[98.452301,19.288433],[98.452653,19.288262],[98.452811,19.288113],[98.452932,19.288012],[98.453151,19.28769],[98.453226,19.287346],[98.453239,19.287023],[98.453228,19.286714],[98.453193,19.286287],[98.453051,19.285538],[98.453102,19.285035],[98.453078,19.285035],[98.453078,19.284861],[98.453152,19.284551],[98.453155,19.283953],[98.453218,19.283436],[98.453461,19.283068],[98.453789,19.282933],[98.454298,19.282865],[98.454818,19.282821],[98.455218,19.282777],[98.455727,19.282711],[98.456406,19.282598],[98.456865,19.282692],[98.457301,19.282752],[98.4577,19.282972],[98.457941,19.283122],[98.458134,19.28333],[98.458484,19.283573],[98.458593,19.283677],[98.458701,19.2837],[98.458883,19.28385],[98.459269,19.284025],[98.459741,19.284234],[98.460128,19.284326],[98.460793,19.284572],[98.461264,19.284792],[98.461735,19.285036],[98.462122,19.285245],[98.4624,19.285498],[98.462652,19.285843],[98.462748,19.286155],[98.462892,19.286476],[98.462903,19.286706],[98.462818,19.28688],[98.462684,19.287063],[98.462428,19.287326],[98.462234,19.287579],[98.461978,19.287944],[98.461782,19.288334],[98.461575,19.288621],[98.461356,19.289036],[98.460916,19.28985],[98.460818,19.290227],[98.460731,19.29078],[98.46079,19.291205],[98.460982,19.29163],[98.46121,19.292058],[98.461463,19.292506],[98.461728,19.292911],[98.462004,19.293337],[98.462305,19.293866],[98.46246,19.294283],[98.462785,19.294742],[98.463038,19.295215],[98.463326,19.295758],[98.46364,19.296173],[98.463929,19.296519],[98.464338,19.296993],[98.464748,19.297638],[98.465132,19.298339],[98.46536,19.298859],[98.465661,19.299355],[98.465926,19.299826],[98.466142,19.300253],[98.466443,19.300668],[98.466659,19.301014],[98.467081,19.301499],[98.467407,19.301857],[98.467624,19.302167],[98.467888,19.30257],[98.468177,19.303065],[98.468297,19.303319],[98.468248,19.303572],[98.468137,19.303928],[98.468027,19.304136],[98.467832,19.304501],[98.467552,19.30479],[98.467188,19.304949],[98.466365,19.305037],[98.465771,19.305069],[98.465396,19.305068],[98.464657,19.305168],[98.463905,19.305371],[98.463456,19.305623],[98.462995,19.305712],[98.462728,19.305975],[98.462472,19.306388],[98.462264,19.306767],[98.462044,19.307238],[98.461983,19.307548],[98.461872,19.307823],[98.461702,19.30803],[98.461411,19.308167],[98.461083,19.308293],[98.460768,19.308416],[98.460296,19.308415],[98.460005,19.308495],[98.459641,19.308585],[98.459555,19.30877],[98.459433,19.309045],[98.459408,19.309332],[98.459394,19.309779],[98.459453,19.310229],[98.459451,19.310597],[98.459522,19.311067],[98.45958,19.311621],[98.459603,19.312068],[98.459589,19.312425],[98.459636,19.312898],[98.459512,19.313494],[98.459341,19.313814],[98.459218,19.314229],[98.458975,19.314434],[98.458478,19.314616],[98.458235,19.314787],[98.458029,19.314937],[98.457556,19.315015],[98.457156,19.315059],[98.456793,19.314999],[98.45649,19.314894],[98.456042,19.314929],[98.455523,19.314709],[98.455208,19.314604],[98.45487,19.314451],[98.454555,19.314369],[98.454204,19.314379],[98.453804,19.314471],[98.453488,19.314619],[98.453232,19.314961],[98.453001,19.315388],[98.45283,19.315753],[98.452391,19.316351],[98.452099,19.316797],[98.451721,19.31737],[98.451319,19.317875],[98.451245,19.318243],[98.45122,19.318484],[98.451219,19.318656],[98.451314,19.318968],[98.451423,19.319174],[98.451627,19.319509],[98.45165,19.31983],[98.451649,19.320049],[98.451504,19.320037],[98.451431,19.320118],[98.451261,19.320242],[98.45103,19.320449],[98.450908,19.320587],[98.450519,19.321022],[98.450397,19.321103],[98.450251,19.32133],[98.450104,19.321676],[98.450054,19.322134],[98.449991,19.322617],[98.450001,19.323205],[98.450011,19.323652],[98.450022,19.323987],[98.45002,19.324355],[98.450115,19.324769],[98.450211,19.32509],[98.450379,19.325458],[98.450523,19.325737],[98.450691,19.326069],[98.450788,19.326244],[98.450823,19.326472],[98.450701,19.326702],[98.450579,19.326955],[98.450517,19.327278],[98.450491,19.327714],[98.450465,19.328059],[98.450488,19.328484],[98.45045,19.328942],[98.450339,19.329403],[98.450361,19.329817],[98.450311,19.330115],[98.450177,19.330449],[98.450103,19.330794],[98.449932,19.331033],[98.449665,19.331229],[98.449398,19.331354],[98.449216,19.331467],[98.448924,19.331626],[98.448802,19.331879],[98.448643,19.332202],[98.448436,19.332511],[98.448398,19.332867],[98.448312,19.333188],[98.448359,19.333568],[98.448406,19.333843],[98.448478,19.334074],[98.448513,19.334339],[98.448597,19.334614],[98.448729,19.334927],[98.44886,19.33534],[98.448956,19.335698],[98.449015,19.336021],[98.44905,19.336331],[98.449,19.336583],[98.448951,19.336802],[98.448708,19.336881],[98.448526,19.336995],[98.448187,19.337096],[98.447799,19.337095],[98.447399,19.337139],[98.446988,19.33707],[98.446395,19.336849],[98.445899,19.336881],[98.445378,19.336866],[98.444893,19.336887],[98.444433,19.336748],[98.443997,19.336747],[98.443646,19.33678],[98.44344,19.336858],[98.44327,19.336973],[98.44322,19.337237],[98.44311,19.337478],[98.442976,19.337812],[98.442755,19.33827],[98.442634,19.338464],[98.442572,19.338615],[98.442511,19.338821],[98.442158,19.339314],[98.441889,19.339842],[98.441546,19.340795],[98.441434,19.341416],[98.441323,19.342059],[98.441163,19.34261],[98.441003,19.343172],[98.440928,19.343667],[98.440934,19.343818],[98.439848,19.344018],[98.439242,19.344131],[98.438575,19.344461],[98.437895,19.34478],[98.437289,19.34495],[98.436476,19.345223],[98.435858,19.3453],[98.434453,19.345282],[98.434005,19.345132],[98.433558,19.344866],[98.433135,19.344634],[98.432687,19.34454],[98.432021,19.344536],[98.431573,19.344605],[98.430955,19.3446],[98.430762,19.344485],[98.430485,19.34407],[98.430039,19.343493],[98.429545,19.34287],[98.429038,19.342477],[98.428361,19.342313],[98.42767,19.34231],[98.426907,19.342272],[98.426399,19.342178],[98.425868,19.341763],[98.425276,19.341449],[98.424912,19.341482],[98.425056,19.341783],[98.425043,19.341977],[98.424897,19.342046],[98.424667,19.342046],[98.424401,19.341997],[98.424184,19.341814],[98.424063,19.341673],[98.423773,19.341512],[98.423398,19.341373],[98.422709,19.34114],[98.422019,19.341032],[98.421219,19.341052],[98.420481,19.341106],[98.419548,19.341044],[98.418882,19.340938],[98.417937,19.340947],[98.417283,19.341046],[98.416508,19.3411],[98.41584,19.341317],[98.415089,19.341475],[98.414287,19.341895],[98.413645,19.342112],[98.412892,19.342476],[98.412272,19.342876],[98.411726,19.343184],[98.411203,19.343607],[98.410644,19.344111],[98.410291,19.344523],[98.409841,19.344969],[98.409342,19.345404],[98.40888,19.345827],[98.408333,19.346182],[98.407872,19.346409],[98.407216,19.346764],[98.40679,19.347187],[98.406462,19.347428],[98.406256,19.347506],[98.406111,19.347517],[98.405844,19.347539],[98.40571,19.347642],[98.405601,19.347768],[98.405466,19.348043],[98.40532,19.348341],[98.405185,19.348709],[98.405026,19.349099],[98.404818,19.349453],[98.404865,19.349684],[98.40501,19.349926],[98.40519,19.350168],[98.405298,19.350456],[98.405346,19.350619],[98.405272,19.350824],[98.404968,19.351135],[98.4047,19.351511],[98.404493,19.351696],[98.404092,19.35197],[98.403642,19.352312],[98.403155,19.352873],[98.402608,19.3534],[98.402158,19.353812],[98.401708,19.354178],[98.401317,19.354878],[98.400988,19.355369],[98.400502,19.355758],[98.400076,19.356229],[98.399625,19.356756],[98.399174,19.357281],[98.3987,19.357786],[98.398286,19.358141],[98.397836,19.358564],[98.397337,19.359193],[98.396909,19.360043],[98.396531,19.360605],[98.396067,19.361326],[98.395724,19.362152],[98.395395,19.362634],[98.394993,19.363207],[98.394638,19.363908],[98.394237,19.364262],[98.393788,19.364443],[98.3934,19.364501],[98.393024,19.364508],[98.392685,19.364473],[98.392261,19.364413],[98.391705,19.36424],[98.391221,19.364053],[98.390798,19.363936],[98.390133,19.363566],[98.390085,19.363507],[98.389759,19.363286],[98.388707,19.362777],[98.387729,19.362186],[98.386907,19.36179],[98.386205,19.361558],[98.385395,19.361383],[98.38439,19.361194],[98.383761,19.360869],[98.383291,19.360337],[98.382868,19.360141],[98.382336,19.360114],[98.381923,19.360194],[98.381753,19.360377],[98.381716,19.36056],[98.38169,19.360871],[98.381615,19.36133],[98.381614,19.36156],[98.381516,19.361894],[98.381248,19.362076],[98.380921,19.362179],[98.380617,19.362246],[98.380435,19.362349],[98.380289,19.362439],[98.380192,19.362646],[98.380142,19.362911],[98.38002,19.363141],[98.379813,19.363379],[98.379255,19.363597],[98.37872,19.363916],[98.378646,19.363949],[98.378125,19.364189],[98.377749,19.364278],[98.377083,19.364161],[98.376417,19.3641],[98.375825,19.363937],[98.375487,19.363672],[98.375174,19.363244],[98.374897,19.362829],[98.374595,19.362643],[98.373991,19.362354],[98.373011,19.361935],[98.372044,19.361552],[98.371076,19.361178],[98.369977,19.360461],[98.369144,19.359952],[98.368408,19.359373],[98.367491,19.358471],[98.366308,19.357524],[98.365187,19.356529],[98.364354,19.355859],[98.363496,19.355384],[98.362796,19.35491],[98.361903,19.354145],[98.361227,19.35358],[98.360805,19.353174],[98.360409,19.352473],[98.359974,19.352103],[98.359322,19.351685],[98.358718,19.351314],[98.358115,19.350795],[98.357463,19.35025],[98.356957,19.349799],[98.356257,19.349119],[98.355436,19.348644],[98.354602,19.34827],[98.353684,19.347842],[98.352935,19.347424],[98.352305,19.34734],[98.351615,19.3472],[98.350973,19.347254],[98.350197,19.347398],[98.349299,19.347648],[98.348499,19.347862],[98.347929,19.348068],[98.347383,19.348122],[98.346826,19.348107],[98.346014,19.348161],[98.345177,19.348365],[98.344232,19.348509],[98.343202,19.348539],[98.342681,19.348731],[98.342184,19.348752],[98.341772,19.348647],[98.341434,19.348553],[98.341022,19.34854],[98.340416,19.348664],[98.339918,19.348846],[98.339336,19.349083],[98.33885,19.349346],[98.338376,19.349631],[98.338036,19.34986],[98.337538,19.35003],[98.336908,19.350177],[98.336483,19.350392],[98.336093,19.350815],[98.335728,19.35116],[98.335387,19.351513],[98.335046,19.351984],[98.334789,19.352363],[98.334424,19.352831],[98.334289,19.353118],[98.334118,19.353404],[98.333923,19.353749],[98.333812,19.354047],[98.333738,19.354311],[98.333712,19.354586],[98.333687,19.354898],[98.333613,19.355139],[98.333515,19.355333],[98.333332,19.355527],[98.333053,19.355734],[98.332724,19.356042],[98.332529,19.35634],[98.332273,19.356626],[98.332078,19.356901],[98.331955,19.357201],[98.331893,19.357544],[98.331818,19.357912],[98.331805,19.358176],[98.331791,19.358533],[98.331717,19.358901],[98.331654,19.359269],[98.331702,19.359556],[98.3317,19.359877],[98.331662,19.360234],[98.331612,19.360602],[98.331501,19.3609],[98.331391,19.361163],[98.331135,19.361449],[98.330855,19.361701],[98.330612,19.361908],[98.330356,19.362124],[98.330017,19.362272],[98.329665,19.362431],[98.329228,19.362556],[98.328779,19.362634],[98.328282,19.362758],[98.327821,19.36279],[98.327252,19.362845],[98.326901,19.362832],[98.326416,19.36276],[98.325932,19.362725],[98.325471,19.362791],[98.325023,19.362846],[98.324405,19.3629],[98.323883,19.362968],[98.323447,19.362964],[98.322974,19.363089],[98.322574,19.363225],[98.322124,19.363454],[98.321699,19.363739],[98.32125,19.363966],[98.320715,19.364194],[98.320242,19.364443],[98.319792,19.364717],[98.319428,19.364899],[98.319172,19.36514],[98.318929,19.36538],[98.318625,19.365621],[98.318357,19.36593],[98.318174,19.366238],[98.31799,19.366549],[98.317782,19.366926],[98.317684,19.367271],[98.317585,19.36758],[98.31745,19.367982],[98.317229,19.36851],[98.317156,19.368695],[98.316996,19.369108],[98.316813,19.36945],[98.316581,19.36984],[98.316361,19.370242],[98.316128,19.370668],[98.31575,19.371148],[98.315348,19.371548],[98.314911,19.37189],[98.314449,19.372256],[98.314035,19.372601],[98.313585,19.373035],[98.313013,19.37341],[98.312612,19.373707],[98.312138,19.374062],[98.311724,19.374325],[98.311129,19.374621],[98.310546,19.374928],[98.310024,19.375224],[98.309526,19.375475],[98.309016,19.375735],[98.308506,19.376009],[98.307851,19.376167],[98.307329,19.376325],[98.306807,19.376531],[98.306237,19.376665],[98.305642,19.376811],[98.305011,19.377062],[98.304393,19.377173],[98.303786,19.377308],[98.303276,19.377501],[98.302779,19.377659],[98.30216,19.377817],[98.301408,19.378008],[98.300608,19.378098],[98.299784,19.378185],[98.299177,19.378332],[98.298607,19.378535],[98.297806,19.378704],[98.297127,19.378907],[98.296593,19.379124],[98.296252,19.379328],[98.295863,19.379695],[98.295449,19.379992],[98.295049,19.380128],[98.294539,19.380275],[98.294102,19.380434],[98.293751,19.380489],[98.293496,19.380626],[98.293361,19.380819],[98.293324,19.380901],[98.293348,19.381039],[98.293347,19.381235],[98.293419,19.381441],[98.29349,19.381638],[98.293573,19.38197],[98.293621,19.382212],[98.293655,19.382535],[98.29369,19.382811],[98.293543,19.383109],[98.293433,19.383339],[98.293274,19.383602],[98.293018,19.383922],[98.292775,19.38414],[98.292398,19.384403],[98.291997,19.384585],[98.291621,19.384662],[98.291171,19.384914],[98.290686,19.385131],[98.290358,19.385231],[98.289958,19.385241],[98.289523,19.385102],[98.28916,19.384974],[98.288677,19.384705],[98.288314,19.384555],[98.287952,19.384266],[98.287541,19.384172],[98.287081,19.384111],[98.286704,19.384214],[98.286316,19.384348],[98.286073,19.384428],[98.285721,19.384576],[98.285442,19.384665],[98.285224,19.384712],[98.285091,19.384711],[98.284751,19.384733],[98.284363,19.384754],[98.283915,19.384786],[98.283563,19.384956],[98.283162,19.385092],[98.282761,19.385285],[98.282239,19.385513],[98.281753,19.385762],[98.281279,19.386151],[98.281168,19.386415],[98.281045,19.38676],[98.280838,19.387137],[98.280617,19.387504],[98.280422,19.38786],[98.280202,19.38825],[98.280067,19.388492],[98.279823,19.388845],[98.279615,19.389167],[98.279323,19.389487],[98.279006,19.38975],[98.278739,19.389932],[98.27835,19.390276],[98.278239,19.390493],[98.278056,19.390849],[98.277751,19.391227],[98.277288,19.391707]]]},"properties":{"Admin_code":"580305","T_Name_T":"ตำบลทุ่งยาว","T_Name_E":"TAMBON THUNG YAO","Source_Nam":"DOPA","Source_dat":1388361600000}},{"type":"Feature","geometry":{"type":"Polygon","coordinates":[[[98.439311,19.374611],[98.439222,19.374633],[98.438749,19.374758],[98.438204,19.374881],[98.437657,19.375166],[98.437123,19.375336],[98.436638,19.375439],[98.43642,19.37561],[98.43637,19.37584],[98.436394,19.376001],[98.436453,19.376231],[98.436488,19.376566],[98.436511,19.376875],[98.436365,19.377035],[98.436074,19.377183],[98.435698,19.377297],[98.43537,19.377502],[98.435078,19.377777],[98.434737,19.378017],[98.434204,19.378084],[98.433634,19.378138],[98.433174,19.378114],[98.432605,19.377997],[98.432121,19.37788],[98.43148,19.377659],[98.430947,19.377554],[98.430463,19.377435],[98.429822,19.377306],[98.428914,19.377177],[98.428005,19.377149],[98.427459,19.37724],[98.426998,19.377478],[98.426658,19.377696],[98.426317,19.378038],[98.426049,19.378395],[98.425769,19.378773],[98.425537,19.379139],[98.425245,19.379506],[98.425086,19.379792],[98.424878,19.380241],[98.424815,19.380677],[98.424766,19.381009],[98.424704,19.381321],[98.42412,19.381836],[98.42378,19.382086],[98.423573,19.382293],[98.423292,19.382809],[98.423097,19.38313],[98.422792,19.383497],[98.42256,19.38384],[98.42228,19.38423],[98.422049,19.384401],[98.421782,19.384492],[98.42137,19.38457],[98.420934,19.384591],[98.420582,19.384556],[98.42011,19.3846],[98.419528,19.384539],[98.419093,19.384457],[98.418645,19.384376],[98.418027,19.384257],[98.417265,19.383979],[98.416757,19.383839],[98.416019,19.383652],[98.415486,19.383442],[98.414591,19.383139],[98.413938,19.38294],[98.413031,19.382431],[98.412862,19.382394],[98.412511,19.38221],[98.412077,19.381886],[98.41163,19.381471],[98.411172,19.38109],[98.410701,19.380718],[98.409915,19.380302],[98.408948,19.37979],[98.408137,19.379501],[98.407472,19.379291],[98.406782,19.379162],[98.406166,19.378826],[98.405465,19.37834],[98.404993,19.378153],[98.404679,19.378141],[98.4044,19.378126],[98.404255,19.378069],[98.403867,19.378021],[98.40348,19.377836],[98.402802,19.377753],[98.402113,19.377473],[98.401606,19.377114],[98.401074,19.376814],[98.400554,19.376638],[98.40013,19.376533],[98.399877,19.376302],[98.399769,19.376037],[98.399625,19.375612],[98.399566,19.375311],[98.399301,19.374919],[98.39883,19.374676],[98.398395,19.374399],[98.398129,19.374373],[98.397899,19.374406],[98.397596,19.37436],[98.397305,19.374301],[98.396858,19.374105],[98.396556,19.373907],[98.396291,19.373595],[98.396074,19.373284],[98.395796,19.373146],[98.395384,19.373257],[98.395056,19.373383],[98.394668,19.373542],[98.394401,19.373667],[98.39423,19.373861],[98.393877,19.374332],[98.393694,19.374435],[98.393416,19.374446],[98.393004,19.374397],[98.392738,19.374281],[98.3924,19.373982],[98.392087,19.373565],[98.391992,19.373058],[98.391728,19.372597],[98.391414,19.372367],[98.391221,19.372297],[98.391051,19.372215],[98.390797,19.37211],[98.390447,19.371878],[98.390254,19.371729],[98.390206,19.371498],[98.390112,19.370969],[98.390102,19.370418],[98.390043,19.370027],[98.3899,19.369588],[98.389671,19.369334],[98.389369,19.369195],[98.389066,19.369136],[98.388739,19.369101],[98.388461,19.369052],[98.388194,19.369189],[98.387976,19.369177],[98.387637,19.369027],[98.387372,19.368852],[98.387179,19.368553],[98.386975,19.368114],[98.386807,19.367734],[98.386469,19.367401],[98.386155,19.367203],[98.385842,19.366879],[98.385576,19.366774],[98.385249,19.366762],[98.384898,19.366704],[98.384559,19.366599],[98.384208,19.366483],[98.383773,19.366296],[98.383423,19.366019],[98.383109,19.365684],[98.382663,19.365303],[98.38224,19.365059],[98.381817,19.364814],[98.381479,19.364698],[98.381151,19.364767],[98.380739,19.364833],[98.380472,19.364913],[98.38029,19.364981],[98.380047,19.365048],[98.379805,19.365047],[98.37949,19.365046],[98.379224,19.364975],[98.379043,19.364836],[98.378838,19.364619],[98.378658,19.364261],[98.378646,19.363949],[98.37872,19.363916],[98.379255,19.363597],[98.379813,19.363379],[98.38002,19.363141],[98.380142,19.362911],[98.380192,19.362646],[98.380289,19.362439],[98.380435,19.362349],[98.380617,19.362246],[98.380921,19.362179],[98.381248,19.362076],[98.381516,19.361894],[98.381614,19.36156],[98.381615,19.36133],[98.38169,19.360871],[98.381716,19.36056],[98.381753,19.360377],[98.381923,19.360194],[98.382336,19.360114],[98.382868,19.360141],[98.383291,19.360337],[98.383761,19.360869],[98.38439,19.361194],[98.385395,19.361383],[98.386205,19.361558],[98.386907,19.36179],[98.387729,19.362186],[98.388707,19.362777],[98.389759,19.363286],[98.390085,19.363507],[98.390133,19.363566],[98.390798,19.363936],[98.391221,19.364053],[98.391705,19.36424],[98.392261,19.364413],[98.392685,19.364473],[98.393024,19.364508],[98.3934,19.364501],[98.393788,19.364443],[98.394237,19.364262],[98.394638,19.363908],[98.394993,19.363207],[98.395395,19.362634],[98.395724,19.362152],[98.396067,19.361326],[98.396531,19.360605],[98.396909,19.360043],[98.397337,19.359193],[98.397836,19.358564],[98.398286,19.358141],[98.3987,19.357786],[98.399174,19.357281],[98.399625,19.356756],[98.400076,19.356229],[98.400502,19.355758],[98.400988,19.355369],[98.401317,19.354878],[98.401708,19.354178],[98.402158,19.353812],[98.402608,19.3534],[98.403155,19.352873],[98.403642,19.352312],[98.404092,19.35197],[98.404493,19.351696],[98.4047,19.351511],[98.404968,19.351135],[98.405272,19.350824],[98.405346,19.350619],[98.405298,19.350456],[98.40519,19.350168],[98.40501,19.349926],[98.404865,19.349684],[98.404818,19.349453],[98.405026,19.349099],[98.405185,19.348709],[98.40532,19.348341],[98.405466,19.348043],[98.405601,19.347768],[98.40571,19.347642],[98.405844,19.347539],[98.406111,19.347517],[98.406256,19.347506],[98.406462,19.347428],[98.40679,19.347187],[98.407216,19.346764],[98.407872,19.346409],[98.408333,19.346182],[98.40888,19.345827],[98.409342,19.345404],[98.409841,19.344969],[98.410291,19.344523],[98.410644,19.344111],[98.411203,19.343607],[98.411726,19.343184],[98.412272,19.342876],[98.412892,19.342476],[98.413645,19.342112],[98.414287,19.341895],[98.415089,19.341475],[98.41584,19.341317],[98.416508,19.3411],[98.417283,19.341046],[98.417937,19.340947],[98.418882,19.340938],[98.419548,19.341044],[98.420481,19.341106],[98.421219,19.341052],[98.422019,19.341032],[98.422709,19.34114],[98.423398,19.341373],[98.423773,19.341512],[98.424063,19.341673],[98.424184,19.341814],[98.424401,19.341997],[98.424667,19.342046],[98.424897,19.342046],[98.425043,19.341977],[98.425056,19.341783],[98.424912,19.341482],[98.425276,19.341449],[98.425868,19.341763],[98.426399,19.342178],[98.426907,19.342272],[98.42767,19.34231],[98.428361,19.342313],[98.429038,19.342477],[98.429545,19.34287],[98.430039,19.343493],[98.430485,19.34407],[98.430762,19.344485],[98.430955,19.3446],[98.431573,19.344605],[98.432021,19.344536],[98.432687,19.34454],[98.433135,19.344634],[98.433558,19.344866],[98.434005,19.345132],[98.434453,19.345282],[98.435858,19.3453],[98.436476,19.345223],[98.437289,19.34495],[98.437895,19.34478],[98.438575,19.344461],[98.439242,19.344131],[98.439848,19.344018],[98.440934,19.343818],[98.44095,19.344218],[98.441093,19.344747],[98.441285,19.345104],[98.441514,19.345521],[98.441827,19.345877],[98.442165,19.346338],[98.44244,19.346904],[98.442778,19.347389],[98.443091,19.347837],[98.443307,19.34831],[98.44351,19.348943],[98.44375,19.349405],[98.443797,19.3499],[98.443833,19.350083],[98.443985,19.351152],[98.444092,19.351706],[98.444211,19.352291],[98.444281,19.352924],[98.444328,19.353281],[98.444459,19.353776],[98.444457,19.354327],[98.444454,19.354845],[98.444512,19.355444],[98.444535,19.355939],[98.444678,19.356445],[98.44493,19.356952],[98.445243,19.357459],[98.445701,19.35791],[98.445979,19.358152],[98.446148,19.358392],[98.446244,19.358578],[98.446279,19.358705],[98.446291,19.358854],[98.446278,19.359039],[98.446132,19.359244],[98.445998,19.359452],[98.445827,19.359645],[98.445621,19.359783],[98.445305,19.359965],[98.44499,19.360135],[98.444576,19.360514],[98.444345,19.360789],[98.444234,19.361111],[98.444197,19.361364],[98.444159,19.361628],[98.444146,19.361915],[98.444096,19.362259],[98.444191,19.362675],[98.444214,19.363029],[98.444225,19.363375],[98.444332,19.363789],[98.444279,19.364048],[98.444233,19.364272],[98.444147,19.36457],[98.44388,19.364845],[98.443611,19.365212],[98.443344,19.365476],[98.443064,19.365705],[98.442955,19.365761],[98.442737,19.365772],[98.442531,19.365771],[98.442361,19.365737],[98.442156,19.365608],[98.441902,19.365492],[98.441576,19.365375],[98.441345,19.365375],[98.441018,19.365455],[98.440823,19.365626],[98.440738,19.365764],[98.440701,19.366005],[98.440651,19.366236],[98.440626,19.366373],[98.440405,19.36705],[98.440379,19.367464],[98.440342,19.367694],[98.440232,19.367947],[98.440134,19.368256],[98.440035,19.36868],[98.440021,19.369037],[98.440129,19.369462],[98.44026,19.369842],[98.440355,19.370315],[98.44056,19.370729],[98.440751,19.371168],[98.440798,19.371685],[98.440832,19.372122],[98.440819,19.372445],[98.440807,19.372445],[98.440721,19.372616],[98.440453,19.372936],[98.440295,19.373225],[98.440136,19.373534],[98.43988,19.373809],[98.439661,19.374072],[98.439454,19.374325],[98.439311,19.374611]]]},"properties":{"Admin_code":"580301","T_Name_T":"ตำบลเวียงใต้","T_Name_E":"TAMBON WIANG TAI","Source_Nam":"DOPA","Source_dat":1388361600000}},{"type":"Feature","geometry":{"type":"Polygon","coordinates":[[[98.575698,19.37862],[98.574994,19.378539],[98.574268,19.378422],[98.573301,19.3783],[98.572274,19.378158],[98.57138,19.377945],[98.569845,19.37756],[98.56865,19.377094],[98.567322,19.376616],[98.566465,19.376163],[98.565585,19.375675],[98.564608,19.375026],[98.563848,19.374713],[98.563136,19.374295],[98.562291,19.373979],[98.561591,19.373713],[98.561132,19.373606],[98.560757,19.373557],[98.560394,19.373613],[98.559933,19.37375],[98.559425,19.373862],[98.558867,19.374136],[98.558551,19.374329],[98.558151,19.374568],[98.557677,19.374817],[98.557301,19.375137],[98.556755,19.375412],[98.556294,19.375627],[98.555687,19.375958],[98.55496,19.376322],[98.554317,19.376628],[98.553954,19.376616],[98.553761,19.37659],[98.553459,19.376452],[98.55323,19.3763],[98.552953,19.376035],[98.552592,19.375618],[98.552413,19.375159],[98.552053,19.374594],[98.551802,19.374121],[98.55132,19.373751],[98.550825,19.373621],[98.550342,19.373446],[98.549581,19.373214],[98.54865,19.373058],[98.547623,19.372915],[98.546909,19.372911],[98.546135,19.372873],[98.545711,19.373066],[98.545359,19.37326],[98.544994,19.373498],[98.544642,19.373843],[98.544071,19.374208],[98.543368,19.374558],[98.542725,19.374832],[98.541999,19.374896],[98.54131,19.374836],[98.540705,19.374787],[98.540208,19.374968],[98.540014,19.374979],[98.53958,19.374793],[98.539133,19.374652],[98.538457,19.374431],[98.53801,19.374267],[98.537478,19.374311],[98.53715,19.374423],[98.536835,19.374513],[98.536412,19.374593],[98.536072,19.374671],[98.535491,19.374794],[98.535115,19.37501],[98.534762,19.375364],[98.534434,19.375604],[98.534179,19.37573],[98.533949,19.375798],[98.53361,19.375761],[98.53326,19.375723],[98.532704,19.375711],[98.5321,19.375524],[98.531459,19.375461],[98.531035,19.375505],[98.530744,19.375654],[98.530405,19.375777],[98.530175,19.375754],[98.529872,19.375787],[98.52951,19.37575],[98.528929,19.375701],[98.528494,19.375689],[98.528482,19.375689],[98.528397,19.375641],[98.52812,19.375525],[98.52783,19.375443],[98.52748,19.375245],[98.5269,19.375219],[98.526331,19.37524],[98.525762,19.375282],[98.525023,19.375519],[98.524465,19.375768],[98.524185,19.375987],[98.52393,19.376214],[98.523638,19.376444],[98.523371,19.376615],[98.52296,19.376657],[98.522681,19.376726],[98.522415,19.376723],[98.522307,19.376619],[98.522284,19.376436],[98.522236,19.376275],[98.521946,19.376182],[98.521608,19.376111],[98.521233,19.376015],[98.520725,19.376059],[98.520447,19.376115],[98.519551,19.376122],[98.518922,19.376165],[98.518607,19.376313],[98.518037,19.37654],[98.517648,19.376745],[98.517163,19.377039],[98.516823,19.377325],[98.516508,19.377336],[98.516181,19.377391],[98.515806,19.377343],[98.515541,19.377204],[98.515143,19.377007],[98.514671,19.376924],[98.514128,19.376794],[98.513669,19.376711],[98.513209,19.376731],[98.512628,19.376706],[98.512108,19.376691],[98.511552,19.376572],[98.511009,19.376386],[98.510454,19.376165],[98.509934,19.376105],[98.509572,19.375941],[98.509246,19.375825],[98.508702,19.375788],[98.508097,19.37568],[98.50771,19.375667],[98.507686,19.375645],[98.507165,19.375872],[98.506849,19.376099],[98.506522,19.376258],[98.506219,19.376384],[98.506,19.376567],[98.505805,19.376702],[98.50555,19.376909],[98.505234,19.377113],[98.504943,19.377318],[98.504566,19.377649],[98.504274,19.377843],[98.504007,19.378073],[98.503692,19.378196],[98.503377,19.378252],[98.50299,19.378273],[98.502869,19.378284],[98.502143,19.378201],[98.501926,19.378119],[98.501733,19.37806],[98.501406,19.378011],[98.501201,19.378033],[98.501031,19.378067],[98.500777,19.3781],[98.50051,19.378248],[98.500243,19.378338],[98.499782,19.378601],[98.499576,19.378738],[98.499357,19.378943],[98.499331,19.379162],[98.499124,19.379412],[98.498917,19.379654],[98.498746,19.379895],[98.498551,19.380226],[98.498391,19.380606],[98.49822,19.380903],[98.497989,19.38112],[98.497856,19.381131],[98.497772,19.381072],[98.497603,19.381003],[98.497494,19.380922],[98.497301,19.380851],[98.497168,19.380769],[98.496981,19.380636],[98.496928,19.380597],[98.496834,19.380581],[98.496506,19.380478],[98.496493,19.380478],[98.49625,19.380466],[98.495608,19.380417],[98.495414,19.380611],[98.495328,19.380807],[98.495158,19.380897],[98.494782,19.380977],[98.4942,19.381181],[98.493739,19.381444],[98.493278,19.381626],[98.492804,19.38183],[98.492489,19.382004],[98.492063,19.382278],[98.491735,19.382494],[98.491189,19.382723],[98.490632,19.382812],[98.490026,19.382844],[98.489613,19.383003],[98.489189,19.383081],[98.488729,19.383057],[98.488038,19.382929],[98.487554,19.382731],[98.486817,19.382451],[98.486598,19.382498],[98.486514,19.38236],[98.486309,19.382002],[98.486141,19.381724],[98.485997,19.381448],[98.485962,19.380989],[98.485818,19.38062],[98.485638,19.380136],[98.485506,19.379917],[98.485495,19.379515],[98.485363,19.379318],[98.485267,19.378963],[98.485087,19.378605],[98.484725,19.378315],[98.484411,19.377912],[98.484012,19.377852],[98.483491,19.377839],[98.483042,19.377883],[98.482534,19.377859],[98.482013,19.377855],[98.481443,19.377888],[98.480982,19.377968],[98.480666,19.378254],[98.480338,19.378436],[98.479756,19.378594],[98.479211,19.378708],[98.478714,19.378741],[98.478278,19.378751],[98.477696,19.378735],[98.477224,19.378641],[98.476449,19.37849],[98.475868,19.378337],[98.475057,19.37807],[98.474586,19.377769],[98.474261,19.377399],[98.47391,19.377134],[98.473634,19.376638],[98.473441,19.37627],[98.473298,19.375786],[98.472876,19.37536],[98.472646,19.37514],[98.472235,19.374908],[98.471885,19.374747],[98.471352,19.374537],[98.47082,19.374247],[98.470264,19.374037],[98.469853,19.373794],[98.46943,19.373597],[98.469056,19.373297],[98.468778,19.373066],[98.468597,19.372697],[98.468757,19.372341],[98.468782,19.371939],[98.468796,19.371537],[98.468689,19.371157],[98.468581,19.37072],[98.468401,19.370363],[98.468148,19.37005],[98.467654,19.369486],[98.467097,19.369218],[98.466602,19.368952],[98.466118,19.36872],[98.465489,19.368533],[98.464835,19.368416],[98.464036,19.36831],[98.463382,19.368215],[98.462765,19.368073],[98.462184,19.367945],[98.461797,19.367736],[98.461531,19.367541],[98.461254,19.367136],[98.461074,19.36686],[98.460784,19.366628],[98.460324,19.366408],[98.459671,19.366096],[98.458934,19.36576],[98.458159,19.365606],[98.457433,19.365396],[98.456621,19.365416],[98.456246,19.365323],[98.455616,19.365332],[98.45495,19.365317],[98.454344,19.365396],[98.453629,19.36545],[98.452938,19.365539],[98.452586,19.365642],[98.45198,19.365708],[98.451556,19.365833],[98.450792,19.366002],[98.450259,19.366023],[98.450004,19.366194],[98.449797,19.366309],[98.449579,19.366444],[98.449203,19.366535],[98.448645,19.366545],[98.448367,19.366462],[98.447846,19.366402],[98.447375,19.366274],[98.446951,19.366113],[98.446697,19.365985],[98.446371,19.365765],[98.445864,19.365452],[98.445598,19.365139],[98.445358,19.364829],[98.445068,19.364598],[98.444279,19.364048],[98.444332,19.363789],[98.444225,19.363375],[98.444214,19.363029],[98.444191,19.362675],[98.444096,19.362259],[98.444146,19.361915],[98.444159,19.361628],[98.444197,19.361364],[98.444234,19.361111],[98.444345,19.360789],[98.444576,19.360514],[98.44499,19.360135],[98.445305,19.359965],[98.445621,19.359783],[98.445827,19.359645],[98.445998,19.359452],[98.446132,19.359244],[98.446278,19.359039],[98.446291,19.358854],[98.446279,19.358705],[98.446244,19.358578],[98.446148,19.358392],[98.445979,19.358152],[98.445701,19.35791],[98.445243,19.357459],[98.44493,19.356952],[98.444678,19.356445],[98.444535,19.355939],[98.444512,19.355444],[98.444454,19.354845],[98.444457,19.354327],[98.444459,19.353776],[98.444328,19.353281],[98.444281,19.352924],[98.444211,19.352291],[98.444092,19.351706],[98.443985,19.351152],[98.443833,19.350083],[98.443797,19.3499],[98.44375,19.349405],[98.44351,19.348943],[98.443307,19.34831],[98.443091,19.347837],[98.442778,19.347389],[98.44244,19.346904],[98.442165,19.346338],[98.441827,19.345877],[98.441514,19.345521],[98.441285,19.345104],[98.441093,19.344747],[98.44095,19.344218],[98.440934,19.343818],[98.440928,19.343667],[98.441003,19.343172],[98.441163,19.34261],[98.441323,19.342059],[98.441434,19.341416],[98.441546,19.340795],[98.441889,19.339842],[98.442158,19.339314],[98.442511,19.338821],[98.442572,19.338615],[98.442634,19.338464],[98.442755,19.33827],[98.442976,19.337812],[98.44311,19.337478],[98.44322,19.337237],[98.44327,19.336973],[98.44344,19.336858],[98.443646,19.33678],[98.443997,19.336747],[98.444433,19.336748],[98.444893,19.336887],[98.445378,19.336866],[98.445899,19.336881],[98.446395,19.336849],[98.446988,19.33707],[98.447399,19.337139],[98.447799,19.337095],[98.448187,19.337096],[98.448526,19.336995],[98.448708,19.336881],[98.448951,19.336802],[98.449,19.336583],[98.44905,19.336331],[98.449015,19.336021],[98.448956,19.335698],[98.44886,19.33534],[98.448729,19.334927],[98.448597,19.334614],[98.448513,19.334339],[98.448478,19.334074],[98.448406,19.333843],[98.448359,19.333568],[98.448312,19.333188],[98.448398,19.332867],[98.448436,19.332511],[98.448643,19.332202],[98.448802,19.331879],[98.448924,19.331626],[98.449216,19.331467],[98.449398,19.331354],[98.449665,19.331229],[98.449932,19.331033],[98.450103,19.330794],[98.450177,19.330449],[98.450311,19.330115],[98.450361,19.329817],[98.450339,19.329403],[98.45045,19.328942],[98.450488,19.328484],[98.450465,19.328059],[98.450491,19.327714],[98.450517,19.327278],[98.450579,19.326955],[98.450701,19.326702],[98.450823,19.326472],[98.450788,19.326244],[98.450691,19.326069],[98.450523,19.325737],[98.450379,19.325458],[98.450211,19.32509],[98.450115,19.324769],[98.45002,19.324355],[98.450022,19.323987],[98.450011,19.323652],[98.450001,19.323205],[98.449991,19.322617],[98.450054,19.322134],[98.450104,19.321676],[98.450251,19.32133],[98.450397,19.321103],[98.450519,19.321022],[98.450908,19.320587],[98.45103,19.320449],[98.451261,19.320242],[98.451431,19.320118],[98.451504,19.320037],[98.451649,19.320049],[98.45165,19.31983],[98.451627,19.319509],[98.451423,19.319174],[98.451314,19.318968],[98.451219,19.318656],[98.45122,19.318484],[98.451245,19.318243],[98.451319,19.317875],[98.451721,19.31737],[98.452099,19.316797],[98.452391,19.316351],[98.45283,19.315753],[98.453001,19.315388],[98.453232,19.314961],[98.453488,19.314619],[98.453804,19.314471],[98.454204,19.314379],[98.454555,19.314369],[98.45487,19.314451],[98.455208,19.314604],[98.455523,19.314709],[98.456042,19.314929],[98.45649,19.314894],[98.456793,19.314999],[98.457156,19.315059],[98.457556,19.315015],[98.458029,19.314937],[98.458235,19.314787],[98.458478,19.314616],[98.458975,19.314434],[98.459218,19.314229],[98.459341,19.313814],[98.459512,19.313494],[98.459636,19.312898],[98.459589,19.312425],[98.459603,19.312068],[98.45958,19.311621],[98.459522,19.311067],[98.459451,19.310597],[98.459453,19.310229],[98.459394,19.309779],[98.459408,19.309332],[98.459433,19.309045],[98.459555,19.30877],[98.459641,19.308585],[98.460005,19.308495],[98.460296,19.308415],[98.460768,19.308416],[98.461083,19.308293],[98.461411,19.308167],[98.461702,19.30803],[98.461872,19.307823],[98.461983,19.307548],[98.462044,19.307238],[98.462264,19.306767],[98.462472,19.306388],[98.462728,19.305975],[98.462995,19.305712],[98.463456,19.305623],[98.463905,19.305371],[98.464657,19.305168],[98.465396,19.305068],[98.465771,19.305069],[98.466365,19.305037],[98.467188,19.304949],[98.467552,19.30479],[98.467832,19.304501],[98.468027,19.304136],[98.468137,19.303928],[98.468248,19.303572],[98.468297,19.303319],[98.468177,19.303065],[98.467888,19.30257],[98.467624,19.302167],[98.467407,19.301857],[98.467081,19.301499],[98.466659,19.301014],[98.466443,19.300668],[98.466142,19.300253],[98.465926,19.299826],[98.465661,19.299355],[98.46536,19.298859],[98.465132,19.298339],[98.464748,19.297638],[98.464338,19.296993],[98.463929,19.296519],[98.46364,19.296173],[98.463326,19.295758],[98.463038,19.295215],[98.462785,19.294742],[98.46246,19.294283],[98.462305,19.293866],[98.462004,19.293337],[98.461728,19.292911],[98.461463,19.292506],[98.46121,19.292058],[98.460982,19.29163],[98.46079,19.291205],[98.460731,19.29078],[98.460818,19.290227],[98.460916,19.28985],[98.461356,19.289036],[98.461575,19.288621],[98.461782,19.288334],[98.461978,19.287944],[98.462234,19.287579],[98.462428,19.287326],[98.462684,19.287063],[98.462818,19.28688],[98.462903,19.286706],[98.462892,19.286476],[98.462748,19.286155],[98.462652,19.285843],[98.4624,19.285498],[98.462122,19.285245],[98.461735,19.285036],[98.461264,19.284792],[98.460793,19.284572],[98.460128,19.284326],[98.459741,19.284234],[98.459269,19.284025],[98.458883,19.28385],[98.458701,19.2837],[98.458593,19.283677],[98.458484,19.283573],[98.458134,19.28333],[98.457941,19.283122],[98.4577,19.282972],[98.457301,19.282752],[98.456865,19.282692],[98.456406,19.282598],[98.455727,19.282711],[98.455218,19.282777],[98.454818,19.282821],[98.454298,19.282865],[98.453789,19.282933],[98.453461,19.283068],[98.453218,19.283436],[98.453155,19.283953],[98.453152,19.284551],[98.453078,19.284861],[98.453078,19.285035],[98.453102,19.285035],[98.453051,19.285538],[98.453193,19.286287],[98.453228,19.286714],[98.453239,19.287023],[98.453226,19.287346],[98.453151,19.28769],[98.452932,19.288012],[98.452811,19.288113],[98.452653,19.288262],[98.452301,19.288433],[98.45201,19.288536],[98.451719,19.288523],[98.451235,19.288533],[98.450629,19.288588],[98.450254,19.288483],[98.449516,19.288433],[98.448693,19.288282],[98.447943,19.288083],[98.447435,19.287966],[98.446927,19.287847],[98.44654,19.287801],[98.446164,19.287867],[98.445873,19.288074],[98.445726,19.288327],[98.445302,19.288323],[98.444951,19.288288],[98.444516,19.288217],[98.44402,19.287996],[98.443646,19.28772],[98.443441,19.2875],[98.443249,19.287108],[98.443214,19.286855],[98.443324,19.286569],[98.443447,19.286144],[98.443654,19.285811],[98.443874,19.285386],[98.444068,19.285227],[98.444323,19.285031],[98.444457,19.284871],[98.444579,19.284641],[98.444557,19.284261],[98.444544,19.284261],[98.444412,19.284134],[98.444158,19.284018],[98.443904,19.283891],[98.443675,19.283775],[98.443385,19.283625],[98.443119,19.283498],[98.442865,19.283393],[98.442563,19.283196],[98.442334,19.283091],[98.442092,19.282907],[98.442056,19.282733],[98.442069,19.28262],[98.442119,19.282275],[98.442338,19.28193],[98.442582,19.281666],[98.442777,19.281346],[98.443032,19.281037],[98.443385,19.280625],[98.443556,19.280338],[98.44369,19.280004],[98.443922,19.279718],[98.444117,19.279398],[98.444421,19.279053],[98.444567,19.278871],[98.444592,19.278581],[98.444557,19.278331],[98.44434,19.278018],[98.444184,19.27781],[98.443955,19.277579],[98.443689,19.277361],[98.443436,19.27713],[98.443231,19.276876],[98.443002,19.276634],[98.442857,19.276507],[98.442725,19.276265],[98.442581,19.276079],[98.442521,19.275826],[98.442559,19.275494],[98.442718,19.275171],[98.442974,19.274828],[98.443374,19.274461],[98.443642,19.274083],[98.443886,19.273842],[98.444128,19.273729],[98.444202,19.27351],[98.44442,19.273385],[98.444566,19.273213],[98.444495,19.273017],[98.444241,19.272833],[98.44406,19.272591],[98.443843,19.27252],[98.443564,19.272496],[98.443189,19.272586],[98.442764,19.27277],[98.4424,19.27294],[98.442072,19.273179],[98.441768,19.273419],[98.441453,19.273626],[98.44121,19.273716],[98.440993,19.273693],[98.440763,19.273622],[98.440485,19.273483],[98.440267,19.273379],[98.440026,19.273159],[98.439773,19.272916],[98.439617,19.272548],[98.439607,19.272078],[98.439693,19.271802],[98.439718,19.271491],[98.439732,19.271192],[98.439805,19.271066],[98.439939,19.270825],[98.44017,19.270665],[98.440364,19.27055],[98.440559,19.270368],[98.440777,19.270197],[98.440923,19.27006],[98.441081,19.269911],[98.441191,19.269737],[98.441276,19.269555],[98.441289,19.269383],[98.441278,19.269094],[98.44105,19.268783],[98.440797,19.268414],[98.440665,19.268057],[98.440545,19.267781],[98.440437,19.267562],[98.440378,19.267137],[98.440452,19.266884],[98.440501,19.266687],[98.440635,19.266561],[98.440683,19.266575],[98.441411,19.266302],[98.441678,19.266153],[98.441897,19.265982],[98.442272,19.266063],[98.442598,19.266305],[98.442779,19.266398],[98.442935,19.266595],[98.443044,19.266779],[98.443066,19.267158],[98.443137,19.267493],[98.443281,19.26793],[98.443425,19.268276],[98.443532,19.268633],[98.443713,19.268841],[98.443869,19.269025],[98.444063,19.269118],[98.444426,19.269178],[98.44491,19.269202],[98.445394,19.269251],[98.445782,19.269205],[98.44634,19.269012],[98.446716,19.26883],[98.44708,19.268589],[98.447359,19.268464],[98.447687,19.268121],[98.447869,19.267903],[98.448041,19.267479],[98.448152,19.267032],[98.448153,19.266824],[98.448215,19.266352],[98.448217,19.265974],[98.448146,19.26557],[98.447991,19.264925],[98.448053,19.264523],[98.448164,19.264099],[98.448202,19.263708],[98.448325,19.263295],[98.44852,19.26286],[98.448776,19.262481],[98.448984,19.261942],[98.449374,19.26138],[98.449666,19.260943],[98.449947,19.260392],[98.45013,19.259968],[98.450265,19.259612],[98.450412,19.25921],[98.45045,19.258889],[98.450462,19.258842],[98.4505,19.258499],[98.450343,19.258198],[98.450235,19.258118],[98.450054,19.258002],[98.449836,19.257943],[98.449509,19.257872],[98.449086,19.257882],[98.448723,19.257881],[98.448275,19.257834],[98.448106,19.257786],[98.448021,19.257682],[98.447949,19.257429],[98.447817,19.257153],[98.447819,19.256877],[98.448037,19.256636],[98.448414,19.256443],[98.448729,19.25618],[98.449275,19.255906],[98.449676,19.255758],[98.45016,19.255669],[98.450669,19.255625],[98.45102,19.255522],[98.451202,19.25543],[98.451554,19.255237],[98.451773,19.254973],[98.45198,19.25471],[98.45232,19.254446],[98.452418,19.254148],[98.452469,19.253597],[98.452592,19.253159],[98.452642,19.252723],[98.452632,19.25231],[98.452742,19.251953],[98.452852,19.251655],[98.452902,19.251484],[98.453291,19.250701],[98.453847,19.250007],[98.455,19.249443],[98.455865,19.248983],[98.456333,19.248187],[98.456535,19.247261],[98.45649,19.246303],[98.456802,19.246369],[98.457201,19.246395],[98.457552,19.246351],[98.457928,19.24626],[98.458255,19.246227],[98.458522,19.24609],[98.458619,19.245907],[98.458777,19.245849],[98.459055,19.245931],[98.459442,19.24607],[98.459708,19.246129],[98.459962,19.246209],[98.460227,19.246373],[98.460396,19.246556],[98.460529,19.246706],[98.460746,19.246858],[98.461036,19.24703],[98.46135,19.247169],[98.461773,19.24731],[98.462209,19.247379],[98.462729,19.247462],[98.463068,19.247533],[98.463491,19.247661],[98.463938,19.247755],[98.464204,19.247823],[98.464507,19.247928],[98.464821,19.24801],[98.465123,19.248081],[98.465511,19.248083],[98.465947,19.248016],[98.466225,19.247969],[98.466504,19.247846],[98.46665,19.247754],[98.46682,19.247605],[98.46699,19.247386],[98.467039,19.247192],[98.467113,19.24703],[98.467246,19.246906],[98.467416,19.246803],[98.467549,19.246769],[98.46778,19.246781],[98.468045,19.246886],[98.468287,19.247024],[98.46854,19.247219],[98.468782,19.247439],[98.469035,19.247555],[98.469434,19.247638],[98.469834,19.247639],[98.470258,19.247502],[98.47067,19.247458],[98.47107,19.247344],[98.471301,19.247173],[98.471422,19.247047],[98.471568,19.246842],[98.471629,19.246645],[98.471642,19.246485],[98.471594,19.246324],[98.471426,19.24615],[98.471269,19.245863],[98.471028,19.24562],[98.47092,19.245505],[98.470799,19.245321],[98.470679,19.245147],[98.470619,19.244986],[98.470596,19.24479],[98.470572,19.244618],[98.470573,19.244365],[98.470683,19.244135],[98.470756,19.243986],[98.470914,19.243826],[98.471181,19.243781],[98.47152,19.243771],[98.471822,19.243795],[98.472233,19.243855],[98.472705,19.243912],[98.473044,19.24395],[98.473407,19.244066],[98.473745,19.244171],[98.474024,19.244239],[98.474338,19.244288],[98.474652,19.244322],[98.474919,19.244337],[98.475161,19.244313],[98.475391,19.244212],[98.475659,19.243982],[98.475781,19.243673],[98.475914,19.243569],[98.476133,19.243421],[98.476497,19.243295],[98.476751,19.243239],[98.477344,19.243286],[98.477767,19.243254],[98.47818,19.243176],[98.47847,19.243039],[98.478749,19.242947],[98.479271,19.242754],[98.479683,19.242584],[98.479937,19.242492],[98.480301,19.242414],[98.480555,19.24238],[98.48064,19.242333],[98.48075,19.242035],[98.480812,19.241575],[98.480899,19.241209],[98.481094,19.240886],[98.481058,19.240554],[98.481023,19.240301],[98.481072,19.240071],[98.481133,19.239922],[98.4814,19.239864],[98.481654,19.239912],[98.481895,19.24012],[98.482088,19.240293],[98.482306,19.240442],[98.482548,19.240491],[98.482789,19.240525],[98.483032,19.240515],[98.48325,19.240447],[98.483419,19.240355],[98.483542,19.240021],[98.483665,19.239552],[98.483714,19.239206],[98.4838,19.238919],[98.483826,19.238391],[98.483864,19.238093],[98.483986,19.237908],[98.484132,19.23768],[98.484254,19.23745],[98.484485,19.237209],[98.48503,19.237039],[98.485745,19.236914],[98.486253,19.236778],[98.486835,19.23663],[98.487527,19.236196],[98.487976,19.235773],[98.488377,19.235453],[98.488729,19.235097],[98.489021,19.234628],[98.489289,19.234353],[98.489496,19.233904],[98.489582,19.233583],[98.489632,19.23326],[98.489609,19.232973],[98.489682,19.232698],[98.489865,19.232515],[98.490204,19.232345],[98.490628,19.232208],[98.491186,19.232117],[98.491743,19.232006],[98.492348,19.231858],[98.492857,19.231826],[98.493232,19.231804],[98.493608,19.23169],[98.493645,19.231482],[98.493453,19.231102],[98.493575,19.230827],[98.494036,19.230507],[98.494594,19.230188],[98.495067,19.229947],[98.495636,19.229845],[98.496145,19.229871],[98.49693,19.229792],[98.497532,19.229839],[98.497759,19.230036],[98.498061,19.230243],[98.498291,19.230358],[98.498714,19.230371],[98.499076,19.230406],[98.499378,19.230522],[98.499644,19.230694],[98.499825,19.23097],[98.499933,19.231328],[98.499993,19.231696],[98.500173,19.232006],[98.500294,19.232271],[98.500608,19.232536],[98.501042,19.23279],[98.501465,19.232997],[98.501888,19.233172],[98.502299,19.233297],[98.502516,19.233413],[98.502758,19.233599],[98.503193,19.233679],[98.5037,19.233796],[98.504244,19.233958],[98.504618,19.234085],[98.505005,19.234132],[98.505234,19.234178],[98.505524,19.234212],[98.505996,19.234191],[98.506298,19.234122],[98.506624,19.234123],[98.506903,19.234089],[98.507168,19.234068],[98.507386,19.233953],[98.507616,19.233687],[98.507762,19.23347],[98.507943,19.233263],[98.508052,19.233159],[98.508185,19.233056],[98.508488,19.232837],[98.508766,19.23277],[98.509056,19.232701],[98.509274,19.232609],[98.509564,19.232438],[98.509794,19.232312],[98.509988,19.232198],[98.51023,19.232049],[98.510375,19.231887],[98.510496,19.231749],[98.510605,19.231542],[98.51057,19.231117],[98.51045,19.230495],[98.51039,19.230253],[98.510293,19.229978],[98.510366,19.229609],[98.510391,19.229345],[98.510524,19.229013],[98.510621,19.228795],[98.51084,19.228404],[98.511045,19.22814],[98.511251,19.227888],[98.511421,19.227509],[98.511531,19.227037],[98.511822,19.226416],[98.512076,19.226004],[98.512415,19.225462],[98.512718,19.224923],[98.513094,19.224359],[98.513554,19.223635],[98.513966,19.223189],[98.514511,19.222648],[98.515116,19.222178],[98.516107,19.221801],[98.516893,19.221699],[98.517425,19.221678],[98.517896,19.221631],[98.518609,19.221484],[98.518888,19.221449],[98.519311,19.221323],[98.519806,19.221142],[98.520351,19.221014],[98.520302,19.22098],[98.520653,19.220843],[98.521101,19.220555],[98.521427,19.220351],[98.521851,19.219995],[98.522142,19.219557],[98.522445,19.218914],[98.522893,19.218249],[98.523341,19.217674],[98.523595,19.21734],[98.52391,19.216973],[98.52408,19.216686],[98.524116,19.216492],[98.524128,19.216492],[98.524346,19.216032],[98.524395,19.215675],[98.524553,19.215192],[98.524735,19.214686],[98.525098,19.214204],[98.525425,19.213918],[98.525764,19.213665],[98.526091,19.213458],[98.526332,19.213321],[98.526598,19.213184],[98.526973,19.213045],[98.527493,19.213012],[98.528134,19.212944],[98.529016,19.212991],[98.529632,19.213038],[98.5302,19.213087],[98.530768,19.213086],[98.531276,19.212984],[98.53182,19.212962],[98.532351,19.213079],[98.53281,19.213182],[98.533439,19.21331],[98.533849,19.213505],[98.534393,19.213771],[98.535021,19.214026],[98.535552,19.214314],[98.535951,19.214487],[98.536229,19.214637],[98.536591,19.21473],[98.537304,19.214743],[98.53821,19.214664],[98.538851,19.214688],[98.53954,19.214758],[98.540217,19.214748],[98.540845,19.214542],[98.541414,19.214313],[98.541982,19.21391],[98.542636,19.213476],[98.543264,19.213177],[98.544087,19.212856],[98.544788,19.212731],[98.545102,19.212524],[98.545707,19.212157],[98.54613,19.211871],[98.546505,19.211687],[98.546844,19.211572],[98.547146,19.211528],[98.54746,19.21154],[98.547895,19.211482],[98.548367,19.211312],[98.54867,19.210967],[98.548972,19.210588],[98.549662,19.210278],[98.551051,19.210155],[98.551934,19.210155],[98.552949,19.210157],[98.553904,19.210193],[98.554894,19.210401],[98.555788,19.210609],[98.556429,19.210737],[98.5569,19.210772],[98.557492,19.210819],[98.557927,19.210946],[98.558459,19.211201],[98.55899,19.211697],[98.559654,19.212123],[98.560523,19.21255],[98.5612,19.212895],[98.561937,19.213333],[98.562806,19.213771],[98.563531,19.214107],[98.564243,19.214337],[98.565138,19.214581],[98.565947,19.214836],[98.56672,19.21517],[98.569367,19.21568],[98.56933,19.215829],[98.569205,19.216088],[98.569197,19.216104],[98.569039,19.216346],[98.568906,19.216542],[98.568918,19.216668],[98.569015,19.216759],[98.569159,19.216829],[98.569377,19.21683],[98.569534,19.216796],[98.569679,19.216783],[98.56986,19.216887],[98.570066,19.216992],[98.570307,19.217108],[98.570597,19.217269],[98.570863,19.217419],[98.57108,19.217534],[98.571407,19.217546],[98.571684,19.217615],[98.572096,19.217523],[98.572712,19.217595],[98.573026,19.21757],[98.573316,19.217515],[98.573582,19.2174],[98.573945,19.217182],[98.574199,19.217008],[98.574429,19.216745],[98.574804,19.216413],[98.575058,19.216125],[98.575325,19.215734],[98.575905,19.215449],[98.576703,19.215128],[98.576812,19.215092],[98.577054,19.214991],[98.577295,19.214921],[98.577598,19.214933],[98.577863,19.215094],[98.578069,19.215278],[98.578225,19.215441],[98.578443,19.215728],[98.578624,19.21597],[98.579143,19.216304],[98.579397,19.216535],[98.579626,19.21665],[98.579952,19.216753],[98.580254,19.216812],[98.580532,19.216892],[98.580871,19.216904],[98.581197,19.216927],[98.581487,19.216835],[98.58208,19.216744],[98.582345,19.217045],[98.582574,19.217125],[98.583009,19.217264],[98.583456,19.217391],[98.584,19.217645],[98.584556,19.217897],[98.585305,19.218279],[98.585691,19.21851],[98.58609,19.218798],[98.586476,19.21904],[98.586899,19.219328],[98.587382,19.219616],[98.587696,19.219811],[98.58795,19.219997],[98.588336,19.220249],[98.58865,19.220446],[98.58923,19.220861],[98.589568,19.221149],[98.589906,19.221402],[98.59016,19.221609],[98.590425,19.221944],[98.590606,19.222253],[98.590727,19.22245],[98.591222,19.223186],[98.591475,19.223532],[98.591753,19.223935],[98.592091,19.224349],[98.592381,19.224533],[98.592695,19.224671],[98.593093,19.224995],[98.593431,19.225305],[98.593721,19.22564],[98.594156,19.2261],[98.594554,19.22648],[98.594965,19.226872],[98.595315,19.227216],[98.595592,19.227529],[98.595882,19.227816],[98.596245,19.228059],[98.596619,19.228195],[98.596945,19.228243],[98.59755,19.228462],[98.597791,19.228555],[98.598045,19.22875],[98.598238,19.228958],[98.598322,19.229107],[98.598407,19.229349],[98.598455,19.22951],[98.598479,19.229729],[98.598454,19.229971],[98.598454,19.230224],[98.598454,19.230694],[98.59849,19.231005],[98.598586,19.231613],[98.598645,19.232235],[98.598621,19.23251],[98.598488,19.232662],[98.598246,19.232844],[98.598101,19.233052],[98.597907,19.233259],[98.597653,19.233579],[98.597278,19.233809],[98.597266,19.23382],[98.597157,19.233901],[98.596903,19.234176],[98.596745,19.234589],[98.596673,19.235061],[98.5966,19.235522],[98.596563,19.235832],[98.596611,19.236211],[98.596707,19.236523],[98.596876,19.236799],[98.597009,19.237191],[98.597045,19.237407],[98.597045,19.237661],[98.596911,19.237857],[98.596754,19.238087],[98.596524,19.238421],[98.59627,19.238696],[98.596052,19.238856],[98.595726,19.239052],[98.595351,19.239326],[98.595012,19.239601],[98.594758,19.239809],[98.594492,19.240005],[98.594141,19.240257],[98.593838,19.240543],[98.593633,19.240807],[98.593596,19.240843],[98.593391,19.241014],[98.593197,19.241186],[98.592907,19.241508],[98.592689,19.241738],[98.592471,19.241934],[98.592253,19.242198],[98.592132,19.242403],[98.592023,19.242841],[98.59201,19.24306],[98.592022,19.243336],[98.591986,19.243623],[98.591997,19.243876],[98.592021,19.244222],[98.591997,19.244624],[98.59196,19.244969],[98.591923,19.245302],[98.591911,19.245613],[98.59185,19.245993],[98.591814,19.246268],[98.591801,19.246612],[98.591777,19.246935],[98.591704,19.247221],[98.591631,19.24751],[98.59151,19.247775],[98.591352,19.24798],[98.591304,19.24805],[98.591122,19.24828],[98.590941,19.248521],[98.590784,19.248692],[98.59053,19.248922],[98.590263,19.249141],[98.590021,19.249486],[98.589924,19.249703],[98.589779,19.24991],[98.589597,19.250152],[98.589476,19.250393],[98.589403,19.250784],[98.588958,19.252757],[98.588766,19.253109],[98.588571,19.253522],[98.58829,19.253969],[98.588023,19.254289],[98.587732,19.254438],[98.587441,19.254631],[98.587367,19.254873],[98.587304,19.255264],[98.587339,19.255539],[98.587398,19.255872],[98.587505,19.256139],[98.587734,19.256333],[98.588024,19.256415],[98.588326,19.256486],[98.588531,19.25659],[98.58876,19.256695],[98.588928,19.256869],[98.589168,19.257204],[98.589383,19.257663],[98.589539,19.258032],[98.589669,19.258482],[98.589764,19.258839],[98.589811,19.259081],[98.589725,19.25932],[98.589531,19.259595],[98.589312,19.259871],[98.589055,19.260329],[98.588884,19.26073],[98.588858,19.261144],[98.588928,19.261594],[98.589047,19.261996],[98.589226,19.262342],[98.589406,19.262629],[98.58961,19.263034],[98.589861,19.263471],[98.590233,19.264163],[98.590544,19.264681],[98.590723,19.265142],[98.59089,19.26566],[98.591032,19.266203],[98.591102,19.266673],[98.591342,19.267112],[98.591714,19.267503],[98.591991,19.267816],[98.59246,19.268359],[98.592941,19.268855],[98.59341,19.269294],[98.593916,19.269573],[98.594471,19.269828],[98.595074,19.270095],[98.595701,19.270431],[98.596232,19.270606],[98.596859,19.271001],[98.597087,19.271336],[98.597243,19.271612],[98.59729,19.271808],[98.597325,19.272152],[98.597274,19.272613],[98.597272,19.272934],[98.59733,19.273383],[98.597437,19.273842],[98.597652,19.274441],[98.597853,19.275156],[98.598165,19.275733],[98.598416,19.276169],[98.598644,19.276515],[98.598958,19.276622],[98.599224,19.276657],[98.599442,19.276646],[98.59984,19.276728],[98.600323,19.276869],[98.600661,19.276951],[98.601083,19.277171],[98.60136,19.277357],[98.601722,19.277611],[98.602192,19.277894],[98.602204,19.277901],[98.602211,19.277908],[98.602637,19.278259],[98.602962,19.278549],[98.603287,19.278873],[98.603455,19.27916],[98.603575,19.279334],[98.603695,19.27954],[98.603851,19.279737],[98.603923,19.279934],[98.603922,19.280128],[98.60386,19.280311],[98.603702,19.280507],[98.603544,19.28069],[98.603361,19.280906],[98.602973,19.281159],[98.602706,19.28133],[98.602355,19.281535],[98.602004,19.281635],[98.60164,19.281716],[98.601204,19.281851],[98.600793,19.28194],[98.60043,19.281984],[98.599777,19.282062],[98.599438,19.282061],[98.598761,19.282114],[98.598325,19.282192],[98.598107,19.282307],[98.5979,19.282661],[98.597788,19.283156],[98.597945,19.283294],[98.597967,19.283696],[98.597794,19.284396],[98.597574,19.284936],[98.597451,19.285338],[98.596927,19.286118],[98.596586,19.286483],[98.596126,19.286744],[98.595411,19.287018],[98.595169,19.287097],[98.594829,19.287302],[98.594598,19.287532],[98.594355,19.287829],[98.594172,19.288229],[98.594049,19.28847],[98.593963,19.288746],[98.593852,19.28932],[98.593922,19.289654],[98.594065,19.290104],[98.594257,19.290473],[98.594641,19.290946],[98.59499,19.291258],[98.595591,19.291974],[98.596036,19.292503],[98.596409,19.292897],[98.596529,19.293117],[98.596527,19.293404],[98.596526,19.293634],[98.59662,19.294115],[98.596727,19.29452],[98.596835,19.294726],[98.597099,19.295095],[98.597532,19.295523],[98.597881,19.295835],[98.598338,19.296308],[98.59871,19.296815],[98.599142,19.29753],[98.599441,19.298118],[98.599621,19.298431],[98.599716,19.298752],[98.599751,19.299097],[98.599713,19.299328],[98.599578,19.299845],[98.599492,19.300039],[98.599345,19.300371],[98.599235,19.300578],[98.599052,19.300933],[98.598893,19.301357],[98.598733,19.301806],[98.598343,19.302481],[98.598293,19.302723],[98.598219,19.303091],[98.598229,19.303411],[98.598325,19.30362],[98.598469,19.30385],[98.598637,19.304149],[98.598876,19.30461],[98.599225,19.305095],[98.599646,19.305477],[98.600163,19.305928],[98.600657,19.306343],[98.601139,19.306725],[98.601452,19.307072],[98.601655,19.307522],[98.601774,19.307913],[98.601928,19.308408],[98.601962,19.308959],[98.601887,19.309395],[98.601703,19.30989],[98.601531,19.310393],[98.601275,19.310854],[98.601116,19.311253],[98.600798,19.311851],[98.600725,19.312034],[98.600664,19.31216],[98.600614,19.312447],[98.600841,19.313069],[98.600877,19.313103],[98.600889,19.313139],[98.600948,19.313266],[98.601043,19.313702],[98.601342,19.314347],[98.601474,19.314589],[98.601364,19.314749],[98.601242,19.314934],[98.601011,19.315184],[98.600865,19.315322],[98.600598,19.315527],[98.600246,19.315871],[98.59993,19.316144],[98.599602,19.316374],[98.599396,19.316545],[98.599093,19.316727],[98.598789,19.31691],[98.598462,19.317126],[98.598134,19.317356],[98.597781,19.317789],[98.597416,19.318271],[98.596967,19.318603],[98.596554,19.318956],[98.596238,19.319254],[98.595898,19.319447],[98.595498,19.319779],[98.59535,19.320237],[98.595263,19.320698],[98.595007,19.321063],[98.594728,19.321212],[98.594498,19.321326],[98.594109,19.32161],[98.593878,19.321885],[98.593622,19.322343],[98.593474,19.322942],[98.593194,19.323341],[98.593059,19.323675],[98.593057,19.323939],[98.593081,19.324043],[98.59314,19.32433],[98.593223,19.324721],[98.593317,19.325158],[98.593291,19.325607],[98.593205,19.325824],[98.59301,19.326147],[98.592779,19.326329],[98.592367,19.3265],[98.592052,19.326601],[98.59164,19.326783],[98.591191,19.326999],[98.5909,19.327262],[98.590584,19.32742],[98.590172,19.32774],[98.590208,19.327776],[98.590074,19.32797],[98.589914,19.328372],[98.589718,19.328968],[98.58963,19.329668],[98.58959,19.330337],[98.589587,19.330877],[98.58944,19.33122],[98.58927,19.33138],[98.589233,19.331551],[98.589003,19.331585],[98.588965,19.33193],[98.588855,19.332147],[98.588781,19.332366],[98.588744,19.332538],[98.588731,19.3327],[98.588742,19.332849],[98.588862,19.333033],[98.588942,19.333094],[98.58914,19.333196],[98.58926,19.3333],[98.589477,19.333393],[98.589754,19.333658],[98.589935,19.333763],[98.59014,19.333878],[98.590333,19.333994],[98.590573,19.33434],[98.590718,19.334467],[98.590801,19.334664],[98.591041,19.335044],[98.591173,19.335356],[98.591413,19.335632],[98.59163,19.335795],[98.59181,19.336116],[98.592122,19.336533],[98.592374,19.336947],[98.592577,19.337386],[98.592708,19.337765],[98.592816,19.338089],[98.592959,19.338503],[98.593113,19.33902],[98.593257,19.339355],[98.59346,19.339769],[98.593567,19.340207],[98.593529,19.340436],[98.593431,19.340734],[98.59326,19.341056],[98.593113,19.341377],[98.592955,19.341641],[98.592748,19.341905],[98.592492,19.342315],[98.592211,19.342798],[98.591906,19.343337],[98.591601,19.343725],[98.591357,19.344104],[98.591077,19.344517],[98.590943,19.344815],[98.59082,19.345102],[98.590564,19.34556],[98.59038,19.346052],[98.590232,19.346512],[98.590061,19.346982],[98.590023,19.347305],[98.590009,19.34766],[98.590031,19.348143],[98.590161,19.348557],[98.590256,19.348973],[98.590339,19.349364],[98.590434,19.349721],[98.590516,19.350191],[98.59055,19.350709],[98.590451,19.350973],[98.590353,19.351307],[98.590169,19.351833],[98.589985,19.352257],[98.589886,19.352614],[98.589921,19.352924],[98.589992,19.353177],[98.590089,19.35327],[98.59027,19.35334],[98.590463,19.353318],[98.590657,19.353341],[98.590996,19.353367],[98.591274,19.353367],[98.591649,19.353359],[98.592108,19.353315],[98.593293,19.353516],[98.593777,19.353438],[98.594213,19.35336],[98.594684,19.35342],[98.594782,19.353443],[98.594829,19.353454],[98.594937,19.353628],[98.595021,19.353766],[98.595093,19.353871],[98.595152,19.354135],[98.595164,19.354295],[98.595187,19.354526],[98.595162,19.354756],[98.595099,19.355066],[98.594988,19.355479],[98.594841,19.355971],[98.594669,19.356511],[98.594484,19.357199],[98.594179,19.357556],[98.593985,19.357704],[98.593779,19.357828],[98.593536,19.357954],[98.593246,19.358033],[98.592846,19.358136],[98.592228,19.358408],[98.591658,19.35868],[98.591172,19.358966],[98.590747,19.359319],[98.590236,19.359847],[98.589859,19.360361],[98.589397,19.360853],[98.589006,19.361459],[98.588629,19.361942],[98.588191,19.362307],[98.58796,19.362616],[98.587681,19.362869],[98.58728,19.363107],[98.586988,19.363335],[98.586527,19.363587],[98.585981,19.364033],[98.585544,19.36435],[98.584925,19.364636],[98.584247,19.364919],[98.583617,19.365089],[98.583484,19.365064],[98.583181,19.365156],[98.582926,19.365212],[98.582527,19.365267],[98.582103,19.365368],[98.58174,19.365424],[98.581461,19.365513],[98.581315,19.36564],[98.581206,19.3658],[98.581096,19.365974],[98.58101,19.366235],[98.581057,19.366466],[98.581091,19.366812],[98.581066,19.367053],[98.580968,19.367293],[98.58087,19.367545],[98.580699,19.367776],[98.580481,19.367947],[98.580041,19.368691],[98.579846,19.369],[98.579638,19.369413],[98.579321,19.369905],[98.579053,19.370388],[98.578784,19.370823],[98.578504,19.371236],[98.578259,19.371683],[98.578136,19.37213],[98.577855,19.372658],[98.577659,19.373254],[98.57762,19.373634],[98.577667,19.374013],[98.577628,19.374438],[98.577614,19.374806],[98.5776,19.375149],[98.577683,19.375565],[98.577668,19.376105],[98.577666,19.376474],[98.577628,19.376749],[98.577506,19.376909],[98.577069,19.377263],[98.576802,19.377457],[98.576425,19.377799],[98.576194,19.378006],[98.575963,19.378212],[98.575756,19.378532],[98.575698,19.37862]]]},"properties":{"Admin_code":"580304","T_Name_T":"ตำบลแม่ฮี้","T_Name_E":"TAMBON MAE HI","Source_Nam":"DOPA","Source_dat":1388361600000}},{"type":"Feature","geometry":{"type":"Polygon","coordinates":[[[98.455649,19.245882],[98.455605,19.246009],[98.455483,19.246146],[98.455277,19.246353],[98.455058,19.24657],[98.454718,19.246833],[98.454438,19.247144],[98.454001,19.247463],[98.453443,19.24776],[98.452958,19.247919],[98.45251,19.247963],[98.452002,19.24788],[98.451675,19.247868],[98.451155,19.247751],[98.450406,19.247473],[98.449765,19.247274],[98.449101,19.247019],[98.448399,19.246762],[98.447807,19.246566],[98.447057,19.246356],[98.446441,19.246135],[98.445861,19.245844],[98.445317,19.245589],[98.444544,19.245275],[98.443625,19.245019],[98.443141,19.244961],[98.442536,19.244808],[98.441871,19.244646],[98.441267,19.244504],[98.440601,19.244409],[98.440032,19.24443],[98.439536,19.24444],[98.438991,19.244553],[98.43853,19.244701],[98.438045,19.244826],[98.437597,19.244974],[98.437306,19.245144],[98.436881,19.245441],[98.436613,19.245809],[98.436151,19.246162],[98.435521,19.246458],[98.435036,19.246502],[98.434672,19.246869],[98.434199,19.247006],[98.433848,19.24712],[98.43335,19.247312],[98.432865,19.247564],[98.432477,19.247678],[98.431993,19.247871],[98.432041,19.247871],[98.431968,19.247939],[98.431798,19.248053],[98.431591,19.248272],[98.431397,19.248499],[98.431287,19.248673],[98.43114,19.249005],[98.431018,19.249246],[98.43092,19.249533],[98.430774,19.2499],[98.430615,19.250291],[98.430359,19.25067],[98.42997,19.250989],[98.429582,19.251044],[98.429207,19.251091],[98.429005,19.251113],[98.428764,19.251139],[98.42871,19.251146],[98.428299,19.251178],[98.427742,19.251199],[98.42727,19.251164],[98.426689,19.251148],[98.426636,19.251141],[98.426444,19.251114],[98.42612,19.251065],[98.425637,19.25096],[98.425153,19.25082],[98.424826,19.250715],[98.424512,19.250577],[98.424029,19.250367],[98.423751,19.250217],[98.423388,19.250205],[98.423109,19.25026],[98.422782,19.250352],[98.422492,19.250362],[98.421657,19.250242],[98.421233,19.250322],[98.420894,19.250344],[98.420566,19.250537],[98.420323,19.250778],[98.420177,19.250893],[98.419935,19.251041],[98.41843,19.251423],[98.418338,19.251474],[98.417744,19.251748],[98.416895,19.252044],[98.416082,19.252579],[98.415196,19.253012],[98.414057,19.253307],[98.413185,19.253394],[98.41224,19.25347],[98.411223,19.253478],[98.410303,19.253509],[98.409333,19.253768],[98.408327,19.254133],[98.407514,19.254463],[98.406653,19.254896],[98.405864,19.255282],[98.404894,19.25574],[98.404166,19.256173],[98.403426,19.256444],[98.402675,19.25658],[98.40184,19.256552],[98.400738,19.256422],[98.399686,19.25629],[98.398875,19.256102],[98.398114,19.25595],[98.397605,19.255994],[98.396914,19.256186],[98.396865,19.256197],[98.396198,19.256563],[98.395518,19.256985],[98.394753,19.257408],[98.39378,19.258448],[98.393221,19.258905],[98.392518,19.259189],[98.391814,19.259508],[98.391378,19.25968],[98.390553,19.259999],[98.389825,19.260362],[98.388951,19.26084],[98.388247,19.261218],[98.38758,19.261581],[98.386863,19.26213],[98.386461,19.262579],[98.386181,19.263059],[98.385888,19.263471],[98.38568,19.263931],[98.385448,19.264401],[98.385191,19.265021],[98.384934,19.265594],[98.384787,19.266077],[98.384737,19.266479],[98.384674,19.26687],[98.384685,19.267227],[98.384756,19.267618],[98.384778,19.267997],[98.384825,19.268343],[98.384944,19.268746],[98.384906,19.269182],[98.384831,19.269654],[98.384769,19.270067],[98.384657,19.270595],[98.384449,19.271053],[98.384314,19.27148],[98.384166,19.272053],[98.384104,19.272373],[98.384103,19.272778],[98.38404,19.273144],[98.383869,19.27357],[98.383756,19.274464],[98.38362,19.274914],[98.38346,19.275534],[98.38318,19.275981],[98.382948,19.276416],[98.382559,19.276794],[98.382194,19.277125],[98.381853,19.27747],[98.381355,19.277938],[98.38088,19.278431],[98.380527,19.278911],[98.37998,19.27937],[98.379045,19.280042],[98.378571,19.280316],[98.378073,19.28066],[98.377842,19.280924],[98.377671,19.281267],[98.377742,19.281497],[98.377802,19.281669],[98.377886,19.281866],[98.377994,19.282074],[98.378078,19.282224],[98.378174,19.282385],[98.378294,19.282615],[98.378354,19.282823],[98.37834,19.283099],[98.378291,19.283374],[98.378155,19.283799],[98.37796,19.284108],[98.377752,19.28459],[98.377508,19.285037],[98.377373,19.285348],[98.377106,19.285668],[98.376656,19.286046],[98.376145,19.286435],[98.375782,19.286536],[98.375358,19.2865],[98.374983,19.286429],[98.37433,19.286323],[98.373519,19.286135],[98.373012,19.285959],[98.372444,19.285566],[98.371841,19.285173],[98.371248,19.28502],[98.370728,19.284858],[98.370002,19.284681],[98.369481,19.284747],[98.368948,19.284917],[98.36839,19.285064],[98.367687,19.285166],[98.367167,19.285139],[98.366671,19.285092],[98.36609,19.284905],[98.36551,19.284788],[98.364711,19.284681],[98.363755,19.284642],[98.363016,19.284684],[98.362433,19.284944],[98.361875,19.285277],[98.36117,19.285733],[98.360442,19.286178],[98.359713,19.286634],[98.358924,19.28716],[98.358352,19.287627],[98.357769,19.288165],[98.357174,19.28852],[98.35664,19.288713],[98.356361,19.288746],[98.356095,19.288699],[98.355708,19.288524],[98.355298,19.288258],[98.354802,19.288254],[98.354365,19.288402],[98.353843,19.288608],[98.353334,19.288696],[98.352789,19.28874],[98.352221,19.288656],[98.351482,19.288642],[98.350816,19.288674],[98.350053,19.288784],[98.349143,19.289],[98.348585,19.28917],[98.34804,19.28927],[98.347374,19.28936],[98.346865,19.289311],[98.346466,19.289332],[98.345921,19.28926],[98.345304,19.289095],[98.344748,19.288966],[98.344011,19.288677],[98.34337,19.288363],[98.34273,19.288096],[98.342078,19.287712],[98.341522,19.287479],[98.340833,19.287292],[98.340118,19.287255],[98.339428,19.287354],[98.338846,19.287445],[98.338301,19.287545],[98.33795,19.287543],[98.337574,19.287542],[98.337139,19.287425],[98.336849,19.287273],[98.336475,19.286984],[98.336222,19.286787],[98.336005,19.286581],[98.335739,19.286383],[98.335317,19.286059],[98.334775,19.28548],[98.334269,19.285088],[98.333677,19.284799],[98.333023,19.284668],[98.332249,19.284504],[98.331632,19.284398],[98.330942,19.284359],[98.330289,19.284276],[98.329514,19.284169],[98.328981,19.284223],[98.328425,19.284185],[98.327953,19.284068],[98.327372,19.283894],[98.326853,19.28373],[98.326381,19.283613],[98.325885,19.283541],[98.325703,19.283529],[98.325171,19.283412],[98.324409,19.283362],[98.323646,19.283393],[98.322943,19.283424],[98.322326,19.283284],[98.321564,19.283107],[98.320875,19.283012],[98.320354,19.282963],[98.320028,19.282857],[98.319617,19.282673],[98.319302,19.282624],[98.31877,19.282541],[98.318322,19.282584],[98.31791,19.282687],[98.317643,19.282824],[98.317266,19.283039],[98.316926,19.283257],[98.316441,19.283495],[98.3161,19.28378],[98.315651,19.28402],[98.315226,19.284249],[98.314947,19.284386],[98.314656,19.28436],[98.314354,19.284336],[98.314015,19.284346],[98.313579,19.284356],[98.313154,19.284456],[98.312778,19.28464],[98.31239,19.284867],[98.312207,19.285038],[98.312109,19.285245],[98.312095,19.285555],[98.312058,19.285762],[98.311924,19.285922],[98.311742,19.286059],[98.311536,19.286174],[98.311329,19.286322],[98.311062,19.28647],[98.310722,19.286686],[98.310394,19.286881],[98.310029,19.287155],[98.309434,19.287485],[98.308973,19.287748],[98.308608,19.287986],[98.308256,19.288215],[98.307928,19.288419],[98.307588,19.288615],[98.307188,19.288774],[98.306739,19.288966],[98.306363,19.28901],[98.305915,19.289123],[98.30526,19.289338],[98.304824,19.289336],[98.304254,19.289553],[98.303513,19.289835],[98.302858,19.290156],[98.302106,19.290473],[98.301426,19.290733],[98.300844,19.290927],[98.300117,19.291071],[98.299402,19.291139],[98.298747,19.291249],[98.298058,19.291199],[98.297573,19.291116],[98.297114,19.291046],[98.296653,19.29109],[98.296072,19.291248],[98.296239,19.291558],[98.296154,19.291616],[98.295936,19.291742],[98.295681,19.291901],[98.295219,19.292094],[98.294771,19.29223],[98.294358,19.292355],[98.29391,19.292432],[98.293595,19.292476],[98.293219,19.292543],[98.29294,19.292634],[98.292407,19.2927],[98.291995,19.292757],[98.291559,19.292812],[98.291062,19.292948],[98.290686,19.293118],[98.2902,19.293265],[98.2898,19.293388],[98.289412,19.293547],[98.288951,19.293683],[98.288575,19.293819],[98.28832,19.29399],[98.287992,19.294163],[98.287567,19.294366],[98.287215,19.294618],[98.286899,19.294845],[98.286619,19.29512],[98.286303,19.295349],[98.285999,19.295564],[98.285683,19.295805],[98.285391,19.296057],[98.285063,19.296309],[98.284759,19.296502],[98.284491,19.296754],[98.284297,19.296936],[98.284077,19.297177],[98.283882,19.297418],[98.283712,19.297623],[98.283432,19.297796],[98.283019,19.298056],[98.282691,19.298263],[98.282375,19.298444],[98.28206,19.298581],[98.281708,19.29874],[98.281344,19.298842],[98.280871,19.29899],[98.280568,19.29909],[98.280216,19.299285],[98.279791,19.299397],[98.279367,19.299488],[98.279027,19.299624],[98.278724,19.299747],[98.278542,19.299873],[98.278226,19.299976],[98.277524,19.300018],[98.277003,19.300016],[98.276422,19.3],[98.275949,19.300068],[98.275561,19.300157],[98.275016,19.300259],[98.274737,19.300314],[98.274349,19.300403],[98.274094,19.300506],[98.273586,19.300515],[98.27321,19.300593],[98.272834,19.30065],[98.272531,19.30066],[98.272265,19.300682],[98.271938,19.300633],[98.271636,19.300562],[98.271297,19.300445],[98.270898,19.300294],[98.270608,19.300201],[98.270258,19.30005],[98.269811,19.299922],[98.269508,19.299839],[98.269158,19.299619],[98.268796,19.299375],[98.268423,19.299028],[98.268109,19.298704],[98.26776,19.298427],[98.26741,19.298195],[98.267036,19.297907],[98.26659,19.297571],[98.266228,19.297212],[98.265709,19.296842],[98.265215,19.296551],[98.264791,19.296389],[98.264525,19.296363],[98.264235,19.296328],[98.263908,19.296292],[98.263521,19.296302],[98.263194,19.296208],[98.262759,19.296078],[98.262348,19.295949],[98.261755,19.295891],[98.261356,19.295771],[98.261114,19.295703],[98.260788,19.295539],[98.260401,19.295422],[98.259991,19.295201],[98.25958,19.294969],[98.259339,19.294774],[98.259061,19.294553],[98.258688,19.294251],[98.258422,19.294056],[98.257964,19.293742],[98.257433,19.293338],[98.257107,19.293186],[98.256721,19.292953],[98.256492,19.292747],[98.256323,19.292561],[98.256083,19.292203],[98.255915,19.291904],[98.255687,19.291501],[98.255459,19.291166],[98.255278,19.290957],[98.255098,19.290807],[98.254772,19.29053],[98.254495,19.29031],[98.253939,19.290123],[98.253408,19.289867],[98.252791,19.289612],[98.252247,19.289424],[98.251716,19.289192],[98.251064,19.288911],[98.250508,19.288737],[98.250144,19.2887],[98.249987,19.28862],[98.249879,19.288549],[98.249553,19.28841],[98.249081,19.288304],[98.248622,19.288095],[98.247641,19.288032],[98.247072,19.28812],[98.246151,19.2882],[98.245976,19.288115],[98.245747,19.287979],[98.24524,19.287816],[98.244768,19.287665],[98.244261,19.287388],[98.24379,19.28727],[98.243247,19.286891],[98.242849,19.286521],[98.242511,19.286337],[98.241882,19.286117],[98.241302,19.286022],[98.24077,19.286067],[98.240468,19.2861],[98.239936,19.286111],[98.239452,19.286202],[98.238955,19.286304],[98.238423,19.286406],[98.237891,19.286358],[98.237166,19.286147],[98.236707,19.285861],[98.235983,19.285478],[98.235319,19.285109],[98.234872,19.285004],[98.234207,19.284874],[98.233723,19.284852],[98.233288,19.284861],[98.23295,19.284837],[98.232466,19.28479],[98.231753,19.284753],[98.231112,19.284728],[98.230398,19.284851],[98.229829,19.284978],[98.2292,19.28502],[98.228789,19.284962],[98.228572,19.284893],[98.22827,19.284743],[98.228089,19.284582],[98.227896,19.284396],[98.22751,19.284177],[98.22722,19.284131],[98.226833,19.284141],[98.226458,19.284198],[98.226083,19.28423],[98.225841,19.284184],[98.225563,19.283986],[98.225334,19.283768],[98.225057,19.283503],[98.224719,19.28318],[98.224381,19.283098],[98.224006,19.283062],[98.223692,19.28305],[98.223353,19.282992],[98.223027,19.282841],[98.222883,19.28268],[98.222738,19.282427],[98.222655,19.282071],[98.222607,19.281782],[98.22268,19.281518],[98.222839,19.28099],[98.22301,19.280521],[98.223168,19.280199],[98.22318,19.280038],[98.223108,19.279866],[98.223072,19.279796],[98.222988,19.27975],[98.222819,19.279705],[98.222698,19.279715],[98.222516,19.279715],[98.222238,19.279772],[98.222008,19.27992],[98.221596,19.280034],[98.221269,19.280367],[98.221087,19.28063],[98.220832,19.280893],[98.220674,19.281247],[98.220564,19.281444],[98.220503,19.281753],[98.220405,19.281994],[98.220163,19.28219],[98.219969,19.282487],[98.219762,19.282866],[98.219677,19.2832],[98.21953,19.28359],[98.219396,19.283921],[98.219262,19.284255],[98.218923,19.284599],[98.218631,19.284942],[98.218231,19.285263],[98.217856,19.28556],[98.217468,19.285811],[98.217164,19.2862],[98.217164,19.286189],[98.217055,19.2865],[98.216848,19.286832],[98.216738,19.287292],[98.21664,19.287612],[98.21653,19.288084],[98.216383,19.288578],[98.216395,19.288922],[98.216369,19.28936],[98.216332,19.289784],[98.216306,19.290324],[98.216243,19.29092],[98.216423,19.291427],[98.216676,19.291968],[98.216747,19.292382],[98.216902,19.293015],[98.216973,19.293578],[98.216972,19.294095],[98.217007,19.29452],[98.21703,19.295015],[98.217016,19.29537],[98.217015,19.295727],[98.217075,19.296152],[98.217121,19.296715],[98.217168,19.297128],[98.217252,19.297497],[98.217335,19.298003],[98.217491,19.298451],[98.217574,19.298899],[98.217645,19.299464],[98.217511,19.299877],[98.21751,19.300369],[98.217495,19.30121],[98.217493,19.301702],[98.21742,19.302208],[98.217358,19.302691],[98.217307,19.303461],[98.217233,19.303852],[98.217099,19.304172],[98.216941,19.30461],[98.21683,19.30509],[98.216647,19.305584],[98.216502,19.305803],[98.216247,19.30617],[98.215883,19.306501],[98.215592,19.306834],[98.215179,19.307245],[98.214634,19.307589],[98.214258,19.307921],[98.213906,19.308299],[98.213602,19.308723],[98.213263,19.30909],[98.212839,19.309262],[98.212512,19.309502],[98.211967,19.309764],[98.211506,19.310038],[98.211022,19.310311],[98.210609,19.310782],[98.210148,19.31117],[98.209639,19.311606],[98.209263,19.311984],[98.20873,19.312258],[98.20833,19.312545],[98.20787,19.312796],[98.207397,19.313002],[98.207034,19.313206],[98.206634,19.313423],[98.206174,19.313607],[98.205726,19.313858],[98.205205,19.31419],[98.204816,19.314579],[98.204513,19.314887],[98.20427,19.315186],[98.20404,19.315391],[98.203761,19.31569],[98.203457,19.316044],[98.203202,19.316458],[98.202995,19.316837],[98.202607,19.317305],[98.202412,19.317822],[98.202229,19.318223],[98.201998,19.318683],[98.201851,19.319166],[98.201705,19.319624],[98.20157,19.320095],[98.201424,19.320463],[98.201241,19.320909],[98.201058,19.321322],[98.200924,19.321861],[98.200668,19.322389],[98.200534,19.322723],[98.200243,19.323146],[98.200157,19.323421],[98.200047,19.323733],[98.199864,19.324227],[98.199681,19.324628],[98.199438,19.325006],[98.199135,19.325373],[98.198831,19.326004],[98.198587,19.326485],[98.198429,19.326933],[98.198258,19.327301],[98.198172,19.327655],[98.198074,19.328161],[98.198061,19.328518],[98.19806,19.32876],[98.198132,19.329103],[98.198276,19.329391],[98.19842,19.329726],[98.198625,19.330059],[98.198793,19.33038],[98.198937,19.330727],[98.199166,19.331118],[98.199322,19.331417],[98.199442,19.331671],[98.19949,19.331924],[98.199537,19.332256],[98.1995,19.332475],[98.199548,19.332819],[98.199486,19.333106],[98.199388,19.333358],[98.199219,19.333611],[98.199,19.333817],[98.198745,19.334069],[98.198478,19.334355],[98.198199,19.334618],[98.197908,19.334917],[98.197665,19.335296],[98.197519,19.335652],[98.197336,19.336042],[98.197057,19.336294],[98.196887,19.336465],[98.196584,19.336821],[98.196365,19.337025],[98.19605,19.337254],[98.195759,19.337438],[98.195589,19.33762],[98.195407,19.337839],[98.195188,19.338125],[98.194909,19.338469],[98.194642,19.338893],[98.194411,19.33926],[98.194277,19.33965],[98.194239,19.339973],[98.194262,19.340305],[98.194213,19.34073],[98.194211,19.341075],[98.194187,19.341283],[98.194186,19.341489],[98.194149,19.341742],[98.193991,19.342075],[98.193748,19.342291],[98.193506,19.342509],[98.193214,19.342727],[98.192864,19.342807],[98.192464,19.342977],[98.191955,19.343182],[98.191482,19.343456],[98.191046,19.343718],[98.190598,19.343971],[98.190222,19.344223],[98.190004,19.34436],[98.189737,19.344566],[98.189349,19.344793],[98.189083,19.344907],[98.188743,19.345158],[98.188524,19.345514],[98.188342,19.345766],[98.188087,19.346007],[98.18793,19.34611],[98.187554,19.346294],[98.187057,19.346486],[98.186537,19.346669],[98.185834,19.346851],[98.185072,19.347031],[98.184467,19.347075],[98.183898,19.347177],[98.183172,19.347289],[98.182687,19.347438],[98.182046,19.347494],[98.181598,19.347629],[98.181126,19.347835],[98.180484,19.348038],[98.179902,19.348279],[98.179332,19.348679],[98.178763,19.349101],[98.178204,19.349571],[98.177829,19.349869],[98.177525,19.350074],[98.177041,19.350349],[98.17664,19.350783],[98.176336,19.351196],[98.176008,19.351598],[98.175705,19.351791],[98.175282,19.351916],[98.175027,19.352077],[98.174603,19.352225],[98.173889,19.352325],[98.173719,19.352395],[98.173416,19.352624],[98.173077,19.352828],[98.172689,19.353068],[98.17224,19.353366],[98.171695,19.353766],[98.171222,19.354075],[98.170918,19.354429],[98.170603,19.354716],[98.170433,19.354921],[98.170262,19.355393],[98.170164,19.35569],[98.170127,19.355955],[98.170017,19.356184],[98.16992,19.356322],[98.16975,19.356518],[98.169617,19.356621],[98.169374,19.35671],[98.16912,19.356849],[98.168854,19.356904],[98.168575,19.357018],[98.168212,19.357143],[98.167957,19.357406],[98.16769,19.35759],[98.167496,19.357797],[98.167204,19.358002],[98.16689,19.358104],[98.16643,19.358149],[98.166116,19.358125],[98.165801,19.358124],[98.165486,19.358156],[98.165256,19.358248],[98.164989,19.358432],[98.164771,19.358603],[98.164625,19.358798],[98.164479,19.358981],[98.164406,19.359141],[98.164285,19.359314],[98.164139,19.35944],[98.163896,19.359681],[98.163702,19.359933],[98.16352,19.360047],[98.163266,19.360173],[98.16312,19.360206],[98.16289,19.360205],[98.162721,19.360181],[98.16254,19.360158],[98.162274,19.360112],[98.161971,19.36011],[98.161717,19.36012],[98.161318,19.360155],[98.16093,19.360291],[98.160615,19.360427],[98.160252,19.360586],[98.160033,19.360804],[98.159912,19.361],[98.159875,19.361205],[98.159862,19.361354],[98.159813,19.361517],[98.159716,19.361618],[98.159595,19.361699],[98.159473,19.361836],[98.15934,19.361996],[98.159194,19.362203],[98.159024,19.362444],[98.158902,19.362696],[98.15878,19.362983],[98.158634,19.363224],[98.15856,19.363488],[98.158451,19.363695],[98.158293,19.363821],[98.158075,19.36398],[98.157905,19.364072],[98.157663,19.364139],[98.157445,19.3643],[98.157251,19.364482],[98.156935,19.364745],[98.156729,19.364963],[98.156474,19.365227],[98.156388,19.365479],[98.156315,19.365743],[98.156193,19.366066],[98.156131,19.366409],[98.156118,19.366707],[98.156141,19.366949],[98.156165,19.367213],[98.156212,19.367466],[98.156212,19.367686],[98.156235,19.36795],[98.156258,19.368214],[98.156233,19.368442],[98.156172,19.368754],[98.156062,19.368925],[98.155844,19.369166],[98.155656,19.369188],[98.155442,19.369171],[98.155059,19.368704],[98.154673,19.368243],[98.154299,19.367828],[98.153878,19.367343],[98.153516,19.366952],[98.153154,19.366652],[98.152816,19.366305],[98.152443,19.365949],[98.152286,19.365774],[98.151768,19.36506],[98.151551,19.364842],[98.151298,19.364565],[98.151069,19.364196],[98.150877,19.363725],[98.150758,19.363241],[98.150735,19.362898],[98.150943,19.362208],[98.151309,19.361129],[98.151591,19.360259],[98.151738,19.3595],[98.151752,19.359006],[98.151659,19.358052],[98.1516,19.357512],[98.151469,19.356822],[98.15129,19.356096],[98.151122,19.355752],[98.150882,19.355233],[98.150436,19.354542],[98.150123,19.354324],[98.149748,19.354114],[98.149314,19.353895],[98.148855,19.35371],[98.148432,19.353514],[98.148021,19.353304],[98.147309,19.35282],[98.146995,19.352613],[98.146742,19.352358],[98.146442,19.351736],[98.146167,19.350691],[98.145903,19.349942],[98.145747,19.349505],[98.145713,19.34908],[98.145521,19.348494],[98.145341,19.34817],[98.145329,19.34817],[98.145161,19.347595],[98.144994,19.347043],[98.144826,19.346663],[98.144755,19.346204],[98.144925,19.345814],[98.145072,19.345424],[98.145218,19.345011],[98.14528,19.344666],[98.14533,19.344104],[98.145187,19.343529],[98.145019,19.343137],[98.144887,19.342884],[98.14467,19.342562],[98.144201,19.341744],[98.143876,19.341341],[98.143587,19.340982],[98.143286,19.34066],[98.143057,19.340383],[98.142707,19.340084],[98.142405,19.339829],[98.142007,19.339495],[98.141512,19.339251],[98.141017,19.339009],[98.140437,19.338835],[98.139809,19.338683],[98.139289,19.338475],[98.138902,19.338416],[98.138467,19.338344],[98.138092,19.338297],[98.13773,19.338239],[98.1375,19.338204],[98.136848,19.337971],[98.136437,19.337729],[98.13593,19.337347],[98.135629,19.33707],[98.135376,19.336875],[98.1347,19.33639],[98.1347,19.336469],[98.134374,19.336125],[98.134254,19.335894],[98.134146,19.335699],[98.134122,19.335502],[98.133918,19.335158],[98.133786,19.334755],[98.13357,19.334363],[98.133353,19.334053],[98.133124,19.333753],[98.132932,19.333533],[98.132618,19.333292],[98.132268,19.332979],[98.132015,19.332646],[98.131799,19.332301],[98.131607,19.331977],[98.131329,19.331712],[98.130858,19.33147],[98.130145,19.33134],[98.129577,19.331202],[98.128961,19.330968],[98.128454,19.330679],[98.127911,19.330367],[98.127717,19.330251],[98.127706,19.330251],[98.127284,19.32979],[98.126657,19.329202],[98.126114,19.328797],[98.125643,19.328567],[98.125293,19.328323],[98.1251,19.328094],[98.12486,19.327806],[98.124656,19.327127],[98.124624,19.326093],[98.124627,19.325035],[98.124643,19.324197],[98.124704,19.323818],[98.124611,19.322955],[98.124433,19.321795],[98.124425,19.320566],[98.124646,19.319808],[98.124901,19.319337],[98.125401,19.318282],[98.126046,19.317158],[98.126485,19.316274],[98.126814,19.315472],[98.127094,19.314877],[98.127146,19.314025],[98.127099,19.313381],[98.127102,19.312599],[98.126768,19.311278],[98.126518,19.310209],[98.126304,19.309232],[98.126271,19.308357],[98.126311,19.307232],[98.126325,19.306611],[98.126678,19.305958],[98.126946,19.305419],[98.127287,19.304707],[98.127373,19.304212],[98.127544,19.303859],[98.127763,19.30348],[98.128043,19.303043],[98.12825,19.302642],[98.128324,19.30208],[98.128559,19.300703],[98.128708,19.299472],[98.128688,19.298474],[98.12886,19.2976],[98.128997,19.296532],[98.12911,19.295372],[98.129283,19.294326],[98.129563,19.293605],[98.129965,19.292882],[98.130427,19.292217],[98.130913,19.291587],[98.131253,19.29106],[98.131642,19.290475],[98.131946,19.289947],[98.132045,19.289351],[98.132132,19.288672],[98.132124,19.287592],[98.132374,19.28525],[98.132387,19.284812],[98.132401,19.284354],[98.132415,19.283721],[98.132514,19.283125],[98.132661,19.282493],[98.133075,19.281644],[98.133622,19.281002],[98.133986,19.280509],[98.13429,19.279948],[98.134596,19.279087],[98.134707,19.278536],[98.134732,19.2781],[98.134541,19.277444],[98.134434,19.2768],[98.134025,19.27619],[98.133725,19.275649],[98.133436,19.275223],[98.133051,19.274681],[98.132557,19.274059],[98.132027,19.273517],[98.131437,19.272757],[98.131064,19.272317],[98.130703,19.271812],[98.130101,19.271063],[98.129837,19.270624],[98.129367,19.270048],[98.129042,19.269703],[98.128717,19.269344],[98.128476,19.268977],[98.128199,19.268619],[98.128044,19.268205],[98.127815,19.2677],[98.127769,19.26725],[98.127758,19.266848],[98.127808,19.266412],[98.127907,19.26585],[98.12792,19.265401],[98.127933,19.26508],[98.127996,19.264574],[98.127985,19.264276],[98.127841,19.263839],[98.127722,19.263344],[98.127772,19.262804],[98.127979,19.262482],[98.128355,19.262116],[98.128851,19.261924],[98.129251,19.261557],[98.129736,19.261214],[98.130232,19.261101],[98.13068,19.261115],[98.131199,19.261185],[98.131562,19.261243],[98.131913,19.261073],[98.13207,19.261164],[98.132758,19.261454],[98.133446,19.261767],[98.134412,19.262138],[98.135149,19.262475],[98.136042,19.262764],[98.136671,19.262801],[98.136756,19.262847],[98.13713,19.262837],[98.137819,19.262956],[98.138242,19.263071],[98.138628,19.263258],[98.139279,19.263753],[98.139641,19.264168],[98.14016,19.264469],[98.140606,19.264632],[98.141247,19.264818],[98.141984,19.264911],[98.14289,19.264938],[98.143386,19.264952],[98.144003,19.264977],[98.144559,19.265115],[98.145198,19.26536],[98.145729,19.265799],[98.146235,19.266248],[98.146827,19.266549],[98.147479,19.266769],[98.148361,19.266841],[98.148966,19.266923],[98.149594,19.266926],[98.150429,19.26686],[98.151143,19.266703],[98.152305,19.26636],[98.153055,19.266077],[98.153794,19.265827],[98.154375,19.265414],[98.154824,19.265059],[98.155516,19.264419],[98.156182,19.263789],[98.156789,19.263148],[98.158024,19.262578],[98.158993,19.262166],[98.159938,19.261665],[98.161015,19.261301],[98.161983,19.261039],[98.162843,19.260768],[98.163496,19.260448],[98.164053,19.260163],[98.164465,19.260002],[98.164998,19.259707],[98.165458,19.259408],[98.165859,19.258881],[98.166078,19.258399],[98.166128,19.257963],[98.166082,19.257274],[98.16606,19.256562],[98.166026,19.255814],[98.165932,19.255159],[98.165692,19.25471],[98.1655,19.253998],[98.165405,19.253502],[98.165274,19.2531],[98.164949,19.252536],[98.164744,19.252214],[98.164576,19.251949],[98.164179,19.251385],[98.163447,19.250835],[98.163218,19.250567],[98.163026,19.250211],[98.162858,19.249933],[98.162727,19.249634],[98.16262,19.249265],[98.162501,19.248919],[98.162405,19.248584],[98.16231,19.248274],[98.162191,19.247894],[98.162181,19.247594],[98.162147,19.247214],[98.162185,19.246835],[98.162162,19.246489],[98.162177,19.246075],[98.16224,19.245604],[98.162338,19.245306],[98.162473,19.245065],[98.162668,19.244731],[98.162828,19.244386],[98.163011,19.2441],[98.163218,19.243882],[98.163461,19.243666],[98.163729,19.243378],[98.164046,19.24307],[98.164204,19.242759],[98.164388,19.242417],[98.164571,19.242106],[98.164828,19.241705],[98.164938,19.241407],[98.165074,19.240969],[98.165148,19.240694],[98.165319,19.240315],[98.165491,19.239925],[98.165784,19.239511],[98.166405,19.238802],[98.166624,19.23855],[98.16688,19.238298],[98.167147,19.238058],[98.167476,19.237784],[98.16772,19.237495],[98.168012,19.23721],[98.168255,19.236913],[98.168402,19.23659],[98.168549,19.236304],[98.16866,19.236074],[98.168794,19.235799],[98.168892,19.235569],[98.168954,19.235316],[98.169041,19.234971],[98.169151,19.234637],[98.169177,19.234305],[98.169155,19.23396],[98.169145,19.233625],[98.169158,19.233384],[98.169159,19.233153],[98.169125,19.232773],[98.169126,19.23252],[98.16908,19.232163],[98.169082,19.23175],[98.169168,19.231452],[98.169243,19.231141],[98.169292,19.230888],[98.169208,19.230727],[98.169295,19.230359],[98.169526,19.230107],[98.169783,19.229774],[98.169954,19.229395],[98.170042,19.228808],[98.170032,19.228395],[98.170082,19.228108],[98.170157,19.22774],[98.170268,19.227257],[98.170318,19.2269],[98.170381,19.226578],[98.170407,19.226257],[98.170432,19.225945],[98.17041,19.225636],[98.17029,19.225335],[98.170135,19.224898],[98.170101,19.224507],[98.170031,19.224068],[98.170033,19.2237],[98.170071,19.223332],[98.170182,19.223034],[98.170231,19.222815],[98.170245,19.222481],[98.170186,19.222135],[98.169994,19.221802],[98.16973,19.221467],[98.169466,19.221038],[98.169214,19.220556],[98.169156,19.220072],[98.169086,19.219519],[98.168921,19.218863],[98.168815,19.218275],[98.168745,19.217757],[98.168735,19.217366],[98.16875,19.21686],[98.168739,19.216503],[98.168777,19.216203],[98.168827,19.215939],[98.168804,19.215652],[98.168552,19.215339],[98.168214,19.21505],[98.16795,19.214751],[98.167697,19.214416],[98.1673,19.213942],[98.16677,19.213478],[98.166384,19.213142],[98.166036,19.212716],[98.165808,19.212277],[98.165665,19.211817],[98.165486,19.211412],[98.165343,19.210917],[98.165046,19.209847],[98.164963,19.209557],[98.164893,19.209121],[98.164749,19.208763],[98.164582,19.208439],[98.164341,19.20814],[98.163811,19.207618],[98.163498,19.207364],[98.163124,19.20719],[98.162749,19.20713],[98.162374,19.207105],[98.162119,19.207197],[98.161962,19.207196],[98.161768,19.207161],[98.1616,19.206919],[98.161301,19.206226],[98.160941,19.205533],[98.160703,19.204911],[98.160439,19.204381],[98.15991,19.203769],[98.159514,19.203134],[98.159286,19.202754],[98.159179,19.202464],[98.159096,19.202084],[98.158966,19.20144],[98.158909,19.200888],[98.158851,19.200393],[98.158902,19.199899],[98.158988,19.199576],[98.159074,19.199323],[98.159233,19.199139],[98.159536,19.199002],[98.160227,19.198777],[98.160639,19.198743],[98.160965,19.198815],[98.161413,19.198898],[98.161703,19.19906],[98.16192,19.199095],[98.162077,19.199107],[98.162417,19.199052],[98.16272,19.198881],[98.163134,19.198492],[98.16362,19.198079],[98.164119,19.1976],[98.164436,19.197152],[98.164887,19.196603],[98.165204,19.196258],[98.165472,19.195891],[98.16585,19.195387],[98.166227,19.194928],[98.166459,19.194538],[98.16657,19.19424],[98.16651,19.194125],[98.16684,19.193458],[98.167254,19.192976],[98.167693,19.192461],[98.168143,19.192027],[98.169128,19.19118],[98.169639,19.19078],[98.17027,19.190448],[98.17067,19.190233],[98.171168,19.18989],[98.171363,19.189753],[98.171655,19.189352],[98.171716,19.18926],[98.171936,19.188949],[98.172179,19.188801],[98.17247,19.18863],[98.172967,19.188517],[98.173621,19.188475],[98.173997,19.188396],[98.174348,19.188352],[98.174615,19.188261],[98.174978,19.188183],[98.175354,19.18807],[98.175815,19.187886],[98.176156,19.187429],[98.176521,19.187038],[98.176899,19.186545],[98.177313,19.186041],[98.177557,19.185628],[98.177838,19.185169],[98.17807,19.184711],[98.178279,19.184183],[98.178451,19.183653],[98.178793,19.183149],[98.179098,19.182667],[98.1795,19.182232],[98.17978,19.181877],[98.180013,19.181302],[98.180135,19.181015],[98.180161,19.180728],[98.18003,19.180348],[98.179948,19.179817],[98.179853,19.179518],[98.179613,19.179034],[98.179531,19.178676],[98.179532,19.178286],[98.179619,19.177906],[98.179778,19.177573],[98.180047,19.177079],[98.1804,19.17676],[98.180922,19.176372],[98.181579,19.175821],[98.182137,19.175433],[98.182611,19.175091],[98.183085,19.174714],[98.183498,19.17453],[98.183947,19.174279],[98.184468,19.174155],[98.184928,19.174089],[98.185303,19.174055],[98.185654,19.174045],[98.186152,19.173876],[98.186492,19.173683],[98.186747,19.173431],[98.187161,19.172949],[98.187539,19.172386],[98.187758,19.172112],[98.188002,19.171688],[98.188173,19.171504],[98.188355,19.171344],[98.188659,19.171241],[98.189144,19.171049],[98.189762,19.170889],[98.190318,19.170962],[98.19085,19.170964],[98.191395,19.170944],[98.191916,19.170901],[98.192231,19.170855],[98.192449,19.170788],[98.192922,19.170594],[98.193298,19.170424],[98.193795,19.170322],[98.194484,19.170348],[98.194993,19.170305],[98.195719,19.170342],[98.196674,19.170601],[98.197472,19.170754],[98.197919,19.17086],[98.198197,19.170929],[98.198742,19.17092],[98.199311,19.170854],[98.199965,19.170663],[98.200632,19.170503],[98.201166,19.170173],[98.20187,19.16967],[98.202514,19.169201],[98.203426,19.168457],[98.203985,19.167965],[98.204471,19.167553],[98.204812,19.167232],[98.205213,19.166854],[98.205384,19.166407],[98.205592,19.16597],[98.205861,19.165488],[98.206143,19.164856],[98.206388,19.164329],[98.206583,19.163905],[98.206901,19.163342],[98.207278,19.162871],[98.207704,19.162448],[98.208238,19.162071],[98.208858,19.161637],[98.209525,19.161295],[98.210325,19.161045],[98.21115,19.160703],[98.211756,19.160407],[98.212472,19.160065],[98.213091,19.159654],[98.213868,19.159255],[98.214523,19.15882],[98.215046,19.158352],[98.215593,19.157871],[98.215946,19.157434],[98.216348,19.157022],[98.21664,19.156621],[98.216921,19.156162],[98.217238,19.15568],[98.217471,19.155071],[98.217715,19.154681],[98.218262,19.154225],[98.218771,19.153915],[98.219318,19.153572],[98.219937,19.153208],[98.220604,19.152911],[98.221246,19.152696],[98.221743,19.152536],[98.222324,19.152504],[98.222966,19.15253],[98.223425,19.152579],[98.223993,19.152742],[98.22439,19.153112],[98.224824,19.153529],[98.225366,19.154153],[98.225933,19.154454],[98.226294,19.154789],[98.226596,19.154929],[98.227068,19.155001],[98.227648,19.155026],[98.228047,19.155086],[98.228313,19.155214],[98.228506,19.155341],[98.228723,19.155547],[98.228854,19.155975],[98.22901,19.156159],[98.229082,19.156344],[98.22919,19.156505],[98.229395,19.156714],[98.229769,19.156842],[98.230083,19.15697],[98.230434,19.156982],[98.230895,19.156731],[98.23149,19.156377],[98.232012,19.155988],[98.232984,19.155245],[98.233361,19.155004],[98.233725,19.154708],[98.234223,19.154341],[98.23466,19.154079],[98.235096,19.15392],[98.235581,19.153877],[98.236113,19.15397],[98.23743,19.154231],[98.237963,19.154197],[98.238605,19.15412],[98.239296,19.153847],[98.239986,19.153701],[98.240652,19.1536],[98.241209,19.153498],[98.241706,19.153455],[98.242057,19.153524],[98.243237,19.153466],[98.243339,19.153588],[98.243544,19.153727],[98.243822,19.153866],[98.244124,19.153926],[98.244438,19.153973],[98.244777,19.154033],[98.245007,19.154079],[98.245248,19.154127],[98.24555,19.154208],[98.245877,19.15429],[98.246252,19.154362],[98.246602,19.154454],[98.246711,19.154488],[98.247141,19.155025],[98.247466,19.155327],[98.247996,19.155743],[98.248321,19.156008],[98.248767,19.156401],[98.249212,19.156852],[98.249572,19.15736],[98.249993,19.157879],[98.250378,19.158296],[98.250715,19.158596],[98.250932,19.158872],[98.251087,19.159207],[98.251327,19.159554],[98.251423,19.159726],[98.251556,19.159876],[98.251687,19.160095],[98.251711,19.160303],[98.251759,19.160383],[98.251903,19.160535],[98.252011,19.160648],[98.252253,19.160742],[98.252519,19.160743],[98.253028,19.160584],[98.253598,19.160358],[98.25401,19.160118],[98.254398,19.15996],[98.255162,19.159757],[98.255767,19.159577],[98.256277,19.159337],[98.256931,19.159247],[98.257294,19.159113],[98.257827,19.158907],[98.25841,19.158611],[98.258798,19.158348],[98.259162,19.158122],[98.259671,19.157963],[98.260023,19.157827],[98.26029,19.157702],[98.260544,19.157621],[98.260738,19.157566],[98.260896,19.157462],[98.261066,19.157303],[98.261115,19.157154],[98.261202,19.156831],[98.26141,19.156303],[98.261557,19.155879],[98.26179,19.155396],[98.261985,19.154927],[98.262205,19.154605],[98.262387,19.154389],[98.262776,19.154126],[98.263067,19.153944],[98.263431,19.153761],[98.263601,19.153578],[98.263797,19.153247],[98.263979,19.15311],[98.264198,19.152869],[98.264368,19.152732],[98.264538,19.15264],[98.264708,19.152573],[98.264841,19.152537],[98.265022,19.15254],[98.265216,19.152575],[98.265385,19.152691],[98.265505,19.152784],[98.265649,19.152945],[98.265877,19.153266],[98.266105,19.153694],[98.266346,19.15396],[98.266598,19.154225],[98.266875,19.154538],[98.267188,19.15486],[98.267779,19.155163],[98.26819,19.155347],[98.268503,19.155523],[98.268939,19.155558],[98.269289,19.155618],[98.269615,19.15569],[98.269881,19.155806],[98.270135,19.155875],[98.270461,19.155946],[98.270667,19.155936],[98.270885,19.155891],[98.27114,19.155707],[98.271346,19.155536],[98.271517,19.155306],[98.271747,19.155147],[98.272002,19.155033],[98.272268,19.155022],[98.272655,19.155071],[98.272825,19.15498],[98.273044,19.15482],[98.273251,19.154534],[98.273409,19.154315],[98.273555,19.154122],[98.273677,19.154041],[98.273822,19.153962],[98.274222,19.153905],[98.274681,19.15392],[98.275068,19.153933],[98.275709,19.154006],[98.27629,19.154008],[98.276859,19.153943],[98.277343,19.153945],[98.27773,19.153923],[98.278215,19.153731],[98.278699,19.15371],[98.279243,19.153713],[98.279896,19.153819],[98.280537,19.153855],[98.280984,19.153927],[98.281287,19.153987],[98.281637,19.154022],[98.282219,19.153898],[98.28257,19.153762],[98.283068,19.153443],[98.283323,19.153227],[98.283856,19.152953],[98.284196,19.152851],[98.284753,19.152704],[98.285092,19.15266],[98.285443,19.152673],[98.285781,19.1528],[98.285961,19.152975],[98.286153,19.153274],[98.286286,19.153482],[98.28637,19.153551],[98.286684,19.153726],[98.287034,19.153784],[98.287349,19.153683],[98.287652,19.15358],[98.287894,19.153536],[98.288366,19.153594],[98.288837,19.153793],[98.2895,19.154096],[98.290189,19.154374],[98.290695,19.154699],[98.291153,19.155022],[98.291612,19.155197],[98.292095,19.155407],[98.292433,19.155569],[98.292759,19.155685],[98.293025,19.155709],[98.293412,19.155688],[98.2938,19.155599],[98.294115,19.155462],[98.294589,19.155085],[98.29505,19.154729],[98.29562,19.154571],[98.295935,19.154493],[98.296588,19.154406],[98.297278,19.154386],[98.297858,19.15448],[98.298306,19.154516],[98.298826,19.154507],[98.299334,19.154418],[98.299746,19.154327],[98.300061,19.154317],[98.300315,19.154318],[98.30052,19.154434],[98.3007,19.154665],[98.300881,19.154838],[98.301207,19.155058],[98.30146,19.155197],[98.301689,19.155313],[98.302028,19.155395],[98.302354,19.155397],[98.302827,19.155297],[98.303166,19.155068],[98.303458,19.154759],[98.303835,19.154415],[98.304212,19.154118],[98.304418,19.153947],[98.304674,19.15358],[98.304906,19.153111],[98.305016,19.152974],[98.305149,19.152859],[98.305319,19.152733],[98.305525,19.1527],[98.305731,19.152712],[98.306298,19.152922],[98.306854,19.15313],[98.307239,19.153443],[98.307687,19.153526],[98.308497,19.153495],[98.309042,19.153475],[98.309562,19.15351],[98.31019,19.153642],[98.310783,19.153678],[98.311243,19.153657],[98.311739,19.153543],[98.312224,19.153351],[98.312878,19.15317],[98.313435,19.15315],[98.313979,19.153174],[98.314656,19.153247],[98.315212,19.153387],[98.315792,19.153586],[98.316202,19.153795],[98.316624,19.154084],[98.316792,19.154337],[98.31713,19.154535],[98.317262,19.1548],[98.317418,19.155008],[98.31772,19.15524],[98.31807,19.155402],[98.318481,19.15553],[98.318915,19.155694],[98.319458,19.155938],[98.319797,19.155995],[98.320051,19.155974],[98.32033,19.15593],[98.320644,19.155827],[98.320911,19.155737],[98.321142,19.1556],[98.321336,19.155393],[98.321543,19.155245],[98.321749,19.155142],[98.321955,19.155086],[98.322342,19.155124],[98.322668,19.15524],[98.323018,19.155436],[98.32338,19.155588],[98.323682,19.155705],[98.324105,19.15574],[98.324601,19.155685],[98.325207,19.155527],[98.325668,19.155299],[98.326129,19.155013],[98.326517,19.15475],[98.327052,19.154316],[98.327404,19.154053],[98.327805,19.153596],[98.328049,19.153159],[98.328221,19.152712],[98.328391,19.152426],[98.328574,19.152207],[98.328914,19.152014],[98.329436,19.151614],[98.329594,19.151361],[98.329693,19.150982],[98.329876,19.150639],[98.329998,19.150421],[98.330107,19.150306],[98.330337,19.150273],[98.330531,19.150262],[98.330894,19.150298],[98.3318,19.150579],[98.332923,19.150928],[98.333528,19.150989],[98.334096,19.151084],[98.334616,19.151154],[98.335463,19.151112],[98.336382,19.151117],[98.337047,19.151131],[98.338125,19.151044],[98.33897,19.151267],[98.339623,19.151477],[98.340445,19.151629],[98.340891,19.15185],[98.341254,19.151977],[98.341506,19.152231],[98.341686,19.152555],[98.341819,19.152705],[98.341987,19.152866],[98.342229,19.153063],[98.342361,19.153145],[98.342494,19.153157],[98.342724,19.153135],[98.342943,19.153009],[98.343052,19.152883],[98.342992,19.152698],[98.342776,19.152329],[98.342669,19.151926],[98.342563,19.151467],[98.342504,19.151029],[98.342542,19.150615],[98.342507,19.150328],[98.342424,19.15003],[98.342304,19.149787],[98.342099,19.14966],[98.341906,19.149556],[98.341653,19.149417],[98.3414,19.149231],[98.341243,19.148988],[98.341196,19.148654],[98.341053,19.148344],[98.340945,19.148068],[98.340814,19.147756],[98.340779,19.147435],[98.340696,19.1471],[98.340528,19.146824],[98.340275,19.146547],[98.339986,19.146282],[98.339781,19.146107],[98.339577,19.145842],[98.339506,19.145462],[98.339434,19.145279],[98.339569,19.144877],[98.339571,19.14436],[98.339513,19.143817],[98.339467,19.143325],[98.339444,19.143072],[98.339445,19.142807],[98.339483,19.142417],[98.339605,19.142232],[98.339885,19.14205],[98.340091,19.141809],[98.340419,19.141557],[98.340686,19.141307],[98.340966,19.141019],[98.341161,19.140642],[98.34126,19.140252],[98.341262,19.139861],[98.341263,19.13947],[98.341338,19.139147],[98.341399,19.138953],[98.341497,19.13878],[98.341655,19.138631],[98.341801,19.13846],[98.34208,19.138242],[98.342456,19.138015],[98.342856,19.137856],[98.343171,19.137697],[98.343511,19.137434],[98.343742,19.137249],[98.344021,19.136963],[98.344253,19.136621],[98.344545,19.136127],[98.344886,19.135577],[98.345276,19.135002],[98.345532,19.134567],[98.345873,19.134202],[98.346334,19.133802],[98.346917,19.133379],[98.347451,19.133058],[98.347875,19.132831],[98.348214,19.13274],[98.348614,19.132558],[98.348965,19.132455],[98.349208,19.132296],[98.34939,19.132136],[98.349536,19.13194],[98.349598,19.13178],[98.349586,19.131608],[98.349454,19.131388],[98.349238,19.131101],[98.349033,19.130777],[98.348733,19.130351],[98.348564,19.130213],[98.348238,19.130108],[98.347779,19.130002],[98.34732,19.129908],[98.347078,19.129941],[98.346509,19.129916],[98.346111,19.129845],[98.345784,19.129785],[98.345531,19.129716],[98.345253,19.129577],[98.344952,19.129335],[98.344723,19.129081],[98.344591,19.128814],[98.344459,19.128515],[98.344341,19.128009],[98.344343,19.12764],[98.34432,19.127353],[98.344321,19.127044],[98.344215,19.126411],[98.344121,19.126008],[98.343942,19.125409],[98.343895,19.125018],[98.343703,19.12466],[98.343488,19.124153],[98.343453,19.123796],[98.343346,19.123509],[98.343275,19.123199],[98.34324,19.122761],[98.343278,19.122415],[98.34345,19.121991],[98.343548,19.121648],[98.343852,19.121304],[98.344192,19.121099],[98.344495,19.12087],[98.344835,19.120561],[98.34509,19.120366],[98.345236,19.120091],[98.345299,19.119528],[98.345266,19.119011],[98.345171,19.11855],[98.345173,19.118055],[98.345308,19.117701],[98.345588,19.117288],[98.345832,19.116876],[98.345967,19.116519],[98.346077,19.116185],[98.346152,19.115715],[98.346118,19.115187],[98.346096,19.114726],[98.346013,19.114438],[98.345893,19.114013],[98.34575,19.113701],[98.345679,19.113414],[98.34556,19.112964],[98.345489,19.112595],[98.34549,19.112297],[98.345576,19.112044],[98.345795,19.111792],[98.346123,19.111472],[98.346755,19.110878],[98.347082,19.110579],[98.347435,19.110144],[98.347703,19.109802],[98.348032,19.109342],[98.348179,19.10894],[98.348374,19.108539],[98.348678,19.108138],[98.348947,19.107644],[98.34913,19.107209],[98.34935,19.106785],[98.349678,19.106338],[98.350007,19.105926],[98.350383,19.10557],[98.351098,19.105275],[98.351486,19.105093],[98.35179,19.104782],[98.352021,19.1046],[98.35264,19.103958],[98.352823,19.103627],[98.35297,19.103237],[98.353045,19.102857],[98.353035,19.102385],[98.353049,19.101845],[98.353003,19.101328],[98.352777,19.100556],[98.352717,19.100441],[98.352561,19.100072],[98.352342,19.099583],[98.352082,19.099232],[98.351962,19.098886],[98.351879,19.098656],[98.351686,19.098379],[98.351518,19.098114],[98.351447,19.09785],[98.351387,19.097608],[98.35128,19.097377],[98.35116,19.097157],[98.351088,19.096927],[98.351053,19.096744],[98.35109,19.096524],[98.351296,19.096457],[98.351502,19.096424],[98.351695,19.096425],[98.351937,19.096415],[98.352095,19.096277],[98.352241,19.096129],[98.352448,19.095702],[98.352754,19.095048],[98.353168,19.094442],[98.353581,19.093915],[98.354031,19.093376],[98.354348,19.092964],[98.354652,19.092425],[98.35492,19.091954],[98.355626,19.09105],[98.355809,19.090728],[98.356053,19.090349],[98.356344,19.090052],[98.356368,19.090052],[98.356732,19.089952],[98.35695,19.089745],[98.357229,19.089585],[98.357496,19.089493],[98.357785,19.089598],[98.357991,19.089647],[98.358269,19.089659],[98.358535,19.089556],[98.358705,19.089511],[98.358899,19.089374],[98.359117,19.089237],[98.359264,19.088996],[98.35947,19.088743],[98.359713,19.088618],[98.35987,19.088551],[98.360052,19.088425],[98.360342,19.088403],[98.36056,19.088449],[98.360934,19.088681],[98.361477,19.088845],[98.362057,19.088951],[98.362638,19.088919],[98.363267,19.088829],[98.363872,19.088741],[98.364502,19.088616],[98.365131,19.088447],[98.36564,19.088333],[98.366257,19.088107],[98.366851,19.087822],[98.367518,19.087366],[98.368949,19.086659],[98.369761,19.086249],[98.370234,19.085825],[98.370552,19.085666],[98.370658,19.085612],[98.370847,19.086598],[98.370991,19.086919],[98.371196,19.087139],[98.371521,19.087325],[98.372041,19.087384],[98.372658,19.087284],[98.373457,19.087115],[98.374329,19.086831],[98.375092,19.086651],[98.37606,19.086482],[98.376823,19.086392],[98.37756,19.086338],[98.378142,19.086205],[98.378759,19.086058],[98.379195,19.085944],[98.379437,19.085841],[98.379897,19.085693],[98.380357,19.085683],[98.380792,19.085789],[98.381093,19.085941],[98.381456,19.086114],[98.382036,19.086164],[98.382701,19.086154],[98.383329,19.086249],[98.383957,19.086423],[98.384501,19.086621],[98.384935,19.086831],[98.38537,19.08704],[98.385804,19.087398],[98.386273,19.087757],[98.386695,19.088138],[98.387056,19.088449],[98.387321,19.088739],[98.387513,19.08906],[98.387729,19.089556],[98.387921,19.090017],[98.388136,19.090386],[98.38828,19.090719],[98.388581,19.091054],[98.388979,19.091412],[98.389497,19.091782],[98.389834,19.092104],[98.39028,19.092499],[98.390678,19.092683],[98.391028,19.092858],[98.391366,19.093079],[98.391498,19.093307],[98.39163,19.093504],[98.391725,19.09378],[98.391675,19.094241],[98.391648,19.09493],[98.391451,19.09563],[98.3914,19.096296],[98.391325,19.096824],[98.391263,19.097342],[98.391357,19.097873],[98.391354,19.098503],[98.391316,19.099034],[98.391301,19.099723],[98.391275,19.100114],[98.3912,19.100527],[98.39126,19.100735],[98.391307,19.100988],[98.391391,19.101264],[98.391499,19.101484],[98.391606,19.101724],[98.391726,19.101943],[98.391883,19.102185],[98.392051,19.102394],[98.392243,19.1026],[98.392533,19.102913],[98.392917,19.10342],[98.393279,19.103756],[98.393689,19.104033],[98.394027,19.104219],[98.3948,19.104359],[98.39561,19.104455],[98.396794,19.104736],[98.397494,19.105003],[98.39828,19.105214],[98.399089,19.105528],[98.399596,19.10576],[98.400441,19.106016],[98.401117,19.106237],[98.401697,19.106388],[98.402326,19.106564],[98.403352,19.106913],[98.404222,19.107043],[98.40514,19.107357],[98.406131,19.10765],[98.407278,19.107988],[98.408378,19.108278],[98.409236,19.108444],[98.410262,19.108711],[98.411157,19.108795],[98.412306,19.108962],[98.413212,19.109046],[98.414143,19.109279],[98.415109,19.109572],[98.415907,19.109678],[98.416656,19.109728],[98.417563,19.109812],[98.418313,19.109896],[98.418941,19.110058],[98.419521,19.110198],[98.420114,19.110225],[98.420598,19.110088],[98.421071,19.109871],[98.421446,19.109759],[98.421761,19.10969],[98.422099,19.109727],[98.423644,19.110663],[98.424669,19.111265],[98.425719,19.111776],[98.426479,19.112228],[98.427143,19.112655],[98.427975,19.1132],[98.428674,19.113787],[98.429361,19.114492],[98.430133,19.114978],[98.430797,19.115348],[98.431472,19.115696],[98.432402,19.11616],[98.433187,19.11653],[98.433742,19.116799],[98.434177,19.116972],[98.434116,19.116972],[98.434478,19.117214],[98.435215,19.117459],[98.436169,19.117807],[98.437123,19.118077],[98.438005,19.118529],[98.439683,19.119121],[98.440384,19.119411],[98.441096,19.119713],[98.441845,19.120014],[98.442762,19.120525],[98.44356,19.120735],[98.444382,19.120819],[98.445204,19.121004],[98.445856,19.121237],[98.446593,19.121506],[98.447292,19.122025],[98.447872,19.122201],[98.448452,19.122352],[98.449117,19.122491],[98.449588,19.122586],[98.450205,19.122691],[98.450761,19.122774],[98.451256,19.122834],[98.451994,19.122859],[98.452587,19.122861],[98.453289,19.122784],[98.454015,19.122637],[98.45473,19.12233],[98.455239,19.122022],[98.455736,19.121702],[98.456124,19.121473],[98.45673,19.121199],[98.457106,19.121017],[98.457639,19.12087],[98.458365,19.120768],[98.459054,19.120761],[98.459949,19.120947],[98.460686,19.1211],[98.461387,19.121276],[98.461906,19.121632],[98.46246,19.122038],[98.463198,19.122099],[98.463863,19.122228],[98.464286,19.122389],[98.464588,19.122449],[98.464986,19.122622],[98.465325,19.122682],[98.465675,19.122705],[98.466256,19.122594],[98.466983,19.122284],[98.467613,19.121954],[98.46828,19.121714],[98.469007,19.12135],[98.46965,19.120893],[98.470293,19.120308],[98.470996,19.119863],[98.471663,19.119487],[98.472185,19.119143],[98.472803,19.118776],[98.473566,19.11848],[98.474268,19.118299],[98.474861,19.118211],[98.475503,19.118134],[98.476204,19.118088],[98.476943,19.117977],[98.477463,19.117945],[98.478007,19.117935],[98.478564,19.117971],[98.479168,19.118135],[98.479615,19.118274],[98.479928,19.118449],[98.480231,19.118565],[98.480604,19.118819],[98.480882,19.118958],[98.481256,19.119282],[98.481545,19.119685],[98.481664,19.120028],[98.48176,19.120397],[98.481734,19.120847],[98.481623,19.121271],[98.481501,19.121605],[98.48144,19.121695],[98.481596,19.122134],[98.481437,19.122615],[98.481387,19.12296],[98.481169,19.123131],[98.480865,19.123406],[98.480502,19.123624],[98.479544,19.124092],[98.479241,19.124251],[98.478986,19.12447],[98.478816,19.124652],[98.478682,19.124893],[98.478633,19.125088],[98.478608,19.125307],[98.478619,19.125526],[98.478715,19.125872],[98.478847,19.126112],[98.478967,19.126309],[98.479087,19.126585],[98.479159,19.126815],[98.479194,19.12708],[98.479157,19.127287],[98.479072,19.127436],[98.478926,19.127641],[98.47872,19.127756],[98.478441,19.127916],[98.478162,19.128087],[98.477871,19.128224],[98.477629,19.128327],[98.477483,19.128464],[98.477374,19.12866],[98.477324,19.128843],[98.477311,19.129085],[98.477588,19.129477],[98.477865,19.129961],[98.47843,19.130629],[98.478465,19.131079],[98.478462,19.131757],[98.478484,19.132297],[98.478471,19.13271],[98.478518,19.132952],[98.478347,19.133528],[98.478115,19.133997],[98.477993,19.13441],[98.477846,19.134685],[98.4777,19.134893],[98.477651,19.135134],[98.477662,19.13541],[98.477818,19.13572],[98.478301,19.136044],[98.47876,19.136287],[98.479291,19.136531],[98.479665,19.136636],[98.48004,19.136786],[98.480728,19.1371],[98.48109,19.13732],[98.481247,19.137458],[98.481657,19.137793],[98.482296,19.138496],[98.482537,19.138659],[98.482766,19.13898],[98.482994,19.139304],[98.483078,19.139614],[98.483077,19.139752],[98.48286,19.139546],[98.482979,19.139959],[98.483135,19.140511],[98.483145,19.140913],[98.483241,19.141304],[98.483541,19.141766],[98.483914,19.142321],[98.48425,19.142954],[98.484526,19.143495],[98.484707,19.143816],[98.484815,19.144128],[98.484838,19.144474],[98.4848,19.144795],[98.484858,19.145394],[98.485075,19.145774],[98.48546,19.146155],[98.485809,19.146662],[98.486134,19.147169],[98.486422,19.147687],[98.486796,19.148138],[98.486976,19.148436],[98.486975,19.148757],[98.486925,19.14908],[98.486936,19.149426],[98.486899,19.149701],[98.487018,19.150011],[98.48738,19.150335],[98.487874,19.150761],[98.488297,19.151086],[98.488671,19.151283],[98.489287,19.1514],[98.48959,19.151446],[98.490038,19.15131],[98.49039,19.151071],[98.490499,19.151013],[98.490693,19.15083],[98.490936,19.150634],[98.491384,19.150534],[98.491965,19.150513],[98.492643,19.150354],[98.492994,19.150263],[98.493321,19.150252],[98.493647,19.150151],[98.494119,19.150268],[98.494542,19.150396],[98.495388,19.150561],[98.496004,19.150815],[98.496378,19.151036],[98.496523,19.151126],[98.496811,19.151276],[98.496799,19.1515],[98.496853,19.151563],[98.496939,19.151665],[98.497004,19.151742],[98.497173,19.151903],[98.497462,19.151974],[98.497728,19.152009],[98.498018,19.152043],[98.498658,19.152034],[98.499129,19.152114],[98.499479,19.152289],[98.499624,19.152484],[98.499998,19.153221],[98.500323,19.153739],[98.500552,19.153889],[98.50106,19.15397],[98.501772,19.154017],[98.502243,19.15426],[98.502858,19.154779],[98.503618,19.155549],[98.504535,19.156218],[98.505405,19.156681],[98.505924,19.156888],[98.506854,19.157119],[98.507807,19.157501],[98.508773,19.157928],[98.509123,19.158022],[98.509305,19.158023],[98.509559,19.157908],[98.509861,19.157782],[98.510163,19.157654],[98.510356,19.157702],[98.510453,19.15784],[98.510573,19.158024],[98.510693,19.158449],[98.510765,19.159152],[98.510812,19.159646],[98.510824,19.160232],[98.510859,19.160659],[98.510992,19.160912],[98.511184,19.16129],[98.511425,19.161844],[98.511545,19.162224],[98.511859,19.162638],[98.512197,19.162881],[98.512366,19.162927],[98.512523,19.162938],[98.512728,19.162973],[98.51297,19.16303],[98.513187,19.163168],[98.513308,19.163331],[98.513489,19.163503],[98.513669,19.163836],[98.513971,19.164402],[98.514188,19.164771],[98.514598,19.165081],[98.514827,19.165127],[98.515057,19.165116],[98.515238,19.165024],[98.515432,19.165025],[98.515564,19.165081],[98.515697,19.165233],[98.515866,19.165439],[98.51624,19.165831],[98.516904,19.166339],[98.517157,19.166455],[98.51729,19.166489],[98.517459,19.166523],[98.517568,19.166535],[98.518075,19.166868],[98.518256,19.167077],[98.518533,19.16748],[98.518714,19.167803],[98.518919,19.168195],[98.518918,19.168344],[98.518834,19.16847],[98.518773,19.168549],[98.518676,19.168596],[98.518555,19.168745],[98.518519,19.168917],[98.518542,19.169296],[98.518566,19.169608],[98.518638,19.16994],[98.51865,19.170356],[98.518685,19.17077],[98.518733,19.171183],[98.51872,19.17147],[98.518672,19.171793],[98.518659,19.172161],[98.518731,19.17262],[98.518924,19.173048],[98.519056,19.173324],[98.519261,19.173656],[98.519406,19.173853],[98.519574,19.174301],[98.519718,19.174636],[98.519682,19.175015],[98.519669,19.175496],[98.519511,19.175704],[98.519257,19.175979],[98.5191,19.176313],[98.518978,19.176773],[98.518978,19.176762],[98.518845,19.176979],[98.518724,19.17729],[98.518494,19.177714],[98.518396,19.178116],[98.518251,19.178611],[98.518202,19.179049],[98.518141,19.179381],[98.518176,19.179898],[98.518115,19.180359],[98.517945,19.180853],[98.517739,19.18121],[98.517401,19.181554],[98.51711,19.181956],[98.516868,19.182174],[98.516541,19.182542],[98.516154,19.182783],[98.515864,19.183012],[98.515525,19.183194],[98.515211,19.183241],[98.514764,19.183308],[98.514461,19.183458],[98.514099,19.183536],[98.513736,19.183605],[98.513337,19.183686],[98.513023,19.183755],[98.512684,19.183788],[98.512418,19.183947],[98.512237,19.184006],[98.512007,19.184143],[98.511644,19.184372],[98.511366,19.184591],[98.51116,19.184785],[98.510942,19.185037],[98.510785,19.18536],[98.510736,19.185475],[98.510748,19.1862],[98.510819,19.186566],[98.510867,19.186878],[98.510963,19.187464],[98.511011,19.187959],[98.511034,19.188316],[98.511022,19.188752],[98.510961,19.189018],[98.510767,19.18935],[98.510657,19.189822],[98.510524,19.190201],[98.510342,19.190625],[98.510329,19.191041],[98.510341,19.191395],[98.510449,19.191775],[98.510545,19.192248],[98.510677,19.192709],[98.510797,19.193041],[98.510893,19.193618],[98.510977,19.19433],[98.510891,19.194973],[98.510962,19.195825],[98.510913,19.196469],[98.511033,19.196964],[98.510972,19.197321],[98.510851,19.197664],[98.51079,19.198136],[98.51068,19.198676],[98.510594,19.199367],[98.510461,19.19985],[98.510266,19.200401],[98.51006,19.200836],[98.509697,19.201527],[98.509406,19.202021],[98.5092,19.202481],[98.509018,19.202987],[98.509029,19.203515],[98.508908,19.203757],[98.508799,19.203813],[98.508678,19.203824],[98.508557,19.203778],[98.508436,19.203674],[98.50828,19.203536],[98.508099,19.20333],[98.50787,19.20304],[98.507616,19.202719],[98.507242,19.202338],[98.506868,19.201957],[98.50647,19.201439],[98.506084,19.200887],[98.505638,19.200196],[98.505048,19.199264],[98.504456,19.198551],[98.503781,19.197871],[98.503359,19.197468],[98.502888,19.197166],[98.502502,19.196844],[98.501862,19.196463],[98.501379,19.196141],[98.500957,19.195909],[98.50051,19.195644],[98.500172,19.195414],[98.499737,19.195368],[98.499399,19.195331],[98.499096,19.195355],[98.498698,19.195261],[98.498384,19.195134],[98.498021,19.195088],[98.497647,19.195087],[98.497176,19.194959],[98.496975,19.194818],[98.496896,19.194762],[98.496753,19.194659],[98.496468,19.194419],[98.496422,19.194403],[98.496108,19.194217],[98.49577,19.194078],[98.495359,19.193985],[98.495142,19.193846],[98.494913,19.193615],[98.494648,19.193291],[98.494383,19.19297],[98.494202,19.192694],[98.494058,19.19237],[98.493865,19.19215],[98.493491,19.191978],[98.493164,19.191918],[98.492813,19.191976],[98.492426,19.192065],[98.491832,19.192247],[98.491383,19.192498],[98.490934,19.192784],[98.490486,19.193092],[98.490109,19.193414],[98.489648,19.193723],[98.489139,19.193825],[98.48851,19.193984],[98.487637,19.194187],[98.48697,19.194551],[98.486424,19.19501],[98.485575,19.195559],[98.485028,19.19612],[98.484264,19.196681],[98.483547,19.19739],[98.482855,19.197951],[98.48226,19.198512],[98.481701,19.199084],[98.480997,19.199807],[98.480328,19.200495],[98.479527,19.201181],[98.478883,19.201925],[98.478627,19.202397],[98.478504,19.202821],[98.478491,19.203201],[98.478513,19.203741],[98.478377,19.204328],[98.478254,19.204879],[98.478156,19.205373],[98.477984,19.20582],[98.477945,19.206556],[98.478004,19.207074],[98.478086,19.207763],[98.47818,19.208326],[98.478299,19.208914],[98.478369,19.209592],[98.478294,19.210236],[98.478195,19.210811],[98.47806,19.211407],[98.477912,19.212062],[98.4778,19.212936],[98.477688,19.213625],[98.477457,19.214074],[98.477129,19.214405],[98.476534,19.21469],[98.47617,19.215046],[98.475781,19.215436],[98.475235,19.215834],[98.474847,19.215926],[98.474533,19.215866],[98.474182,19.215727],[98.473408,19.21568],[98.472839,19.215676],[98.472077,19.215663],[98.47152,19.21565],[98.471121,19.215612],[98.470807,19.215429],[98.470335,19.215298],[98.469899,19.215308],[98.469391,19.215433],[98.468918,19.215536],[98.468349,19.215659],[98.467719,19.215969],[98.4671,19.216195],[98.46664,19.216309],[98.466155,19.216445],[98.465731,19.216534],[98.465234,19.216763],[98.464749,19.216956],[98.464337,19.217093],[98.463877,19.217275],[98.46321,19.21748],[98.462726,19.217569],[98.462289,19.217787],[98.461864,19.218188],[98.461475,19.21868],[98.461097,19.219241],[98.460781,19.219746],[98.460378,19.220504],[98.460085,19.221136],[98.459708,19.221754],[98.45922,19.222615],[98.458952,19.223155],[98.458768,19.22375],[98.458548,19.224233],[98.458317,19.224578],[98.458231,19.224784],[98.457904,19.224887],[98.45748,19.225023],[98.457128,19.22525],[98.456752,19.225468],[98.456242,19.225914],[98.456132,19.226144],[98.456131,19.226271],[98.456179,19.226397],[98.4563,19.226581],[98.456444,19.226685],[98.456626,19.22679],[98.456783,19.226894],[98.456988,19.226976],[98.457181,19.227067],[98.457362,19.227115],[98.457556,19.227265],[98.4577,19.227484],[98.457892,19.22791],[98.458084,19.228301],[98.458325,19.22874],[98.458479,19.22935],[98.458707,19.22988],[98.459056,19.230339],[98.459417,19.230871],[98.459537,19.231263],[98.459463,19.231549],[98.459244,19.231928],[98.459073,19.232375],[98.458987,19.232698],[98.4589,19.233179],[98.458789,19.233617],[98.458449,19.233948],[98.458011,19.234509],[98.457719,19.235037],[98.457462,19.235554],[98.457145,19.236151],[98.456742,19.236932],[98.456656,19.237379],[98.456509,19.237964],[98.456496,19.237964],[98.456495,19.238194],[98.456397,19.238517],[98.456299,19.238919],[98.456176,19.239343],[98.456053,19.239838],[98.455954,19.240377],[98.45588,19.240745],[98.455745,19.241296],[98.455755,19.241836],[98.455764,19.242435],[98.455738,19.242964],[98.455833,19.243481],[98.455915,19.244067],[98.455877,19.244609],[98.455777,19.245205],[98.45569,19.245767],[98.455649,19.245882]]]},"properties":{"Admin_code":"580306","T_Name_T":"ตำบลเมืองแปง","T_Name_E":"TAMBON MUEANG PAENG","Source_Nam":"DOPA","Source_dat":1388361600000}},{"type":"Feature","geometry":{"type":"Polygon","coordinates":[[[98.569367,19.21568],[98.56672,19.21517],[98.565947,19.214836],[98.565138,19.214581],[98.564243,19.214337],[98.563531,19.214107],[98.562806,19.213771],[98.561937,19.213333],[98.5612,19.212895],[98.560523,19.21255],[98.559654,19.212123],[98.55899,19.211697],[98.558459,19.211201],[98.557927,19.210946],[98.557492,19.210819],[98.5569,19.210772],[98.556429,19.210737],[98.555788,19.210609],[98.554894,19.210401],[98.553904,19.210193],[98.552949,19.210157],[98.551934,19.210155],[98.551051,19.210155],[98.549662,19.210278],[98.548972,19.210588],[98.54867,19.210967],[98.548367,19.211312],[98.547895,19.211482],[98.54746,19.21154],[98.547146,19.211528],[98.546844,19.211572],[98.546505,19.211687],[98.54613,19.211871],[98.545707,19.212157],[98.545102,19.212524],[98.544788,19.212731],[98.544087,19.212856],[98.543264,19.213177],[98.542636,19.213476],[98.541982,19.21391],[98.541414,19.214313],[98.540845,19.214542],[98.540217,19.214748],[98.53954,19.214758],[98.538851,19.214688],[98.53821,19.214664],[98.537304,19.214743],[98.536591,19.21473],[98.536229,19.214637],[98.535951,19.214487],[98.535552,19.214314],[98.535021,19.214026],[98.534393,19.213771],[98.533849,19.213505],[98.533439,19.21331],[98.53281,19.213182],[98.532351,19.213079],[98.53182,19.212962],[98.531276,19.212984],[98.530768,19.213086],[98.5302,19.213087],[98.529632,19.213038],[98.529016,19.212991],[98.528134,19.212944],[98.527493,19.213012],[98.526973,19.213045],[98.526598,19.213184],[98.526332,19.213321],[98.526091,19.213458],[98.525764,19.213665],[98.525425,19.213918],[98.525098,19.214204],[98.524735,19.214686],[98.524553,19.215192],[98.524395,19.215675],[98.524346,19.216032],[98.524128,19.216492],[98.524116,19.216492],[98.52408,19.216686],[98.52391,19.216973],[98.523595,19.21734],[98.523341,19.217674],[98.522893,19.218249],[98.522445,19.218914],[98.522142,19.219557],[98.521851,19.219995],[98.521427,19.220351],[98.521101,19.220555],[98.520653,19.220843],[98.520302,19.22098],[98.520351,19.221014],[98.519806,19.221142],[98.519311,19.221323],[98.518888,19.221449],[98.518609,19.221484],[98.517896,19.221631],[98.517425,19.221678],[98.516893,19.221699],[98.516107,19.221801],[98.515116,19.222178],[98.514511,19.222648],[98.513966,19.223189],[98.513554,19.223635],[98.513094,19.224359],[98.512718,19.224923],[98.512415,19.225462],[98.512076,19.226004],[98.511822,19.226416],[98.511531,19.227037],[98.511421,19.227509],[98.511251,19.227888],[98.511045,19.22814],[98.51084,19.228404],[98.510621,19.228795],[98.510524,19.229013],[98.510391,19.229345],[98.510366,19.229609],[98.510293,19.229978],[98.51039,19.230253],[98.51045,19.230495],[98.51057,19.231117],[98.510605,19.231542],[98.510496,19.231749],[98.510375,19.231887],[98.51023,19.232049],[98.509988,19.232198],[98.509794,19.232312],[98.509564,19.232438],[98.509274,19.232609],[98.509056,19.232701],[98.508766,19.23277],[98.508488,19.232837],[98.508185,19.233056],[98.508052,19.233159],[98.507943,19.233263],[98.507762,19.23347],[98.507616,19.233687],[98.507386,19.233953],[98.507168,19.234068],[98.506903,19.234089],[98.506624,19.234123],[98.506298,19.234122],[98.505996,19.234191],[98.505524,19.234212],[98.505234,19.234178],[98.505005,19.234132],[98.504618,19.234085],[98.504244,19.233958],[98.5037,19.233796],[98.503193,19.233679],[98.502758,19.233599],[98.502516,19.233413],[98.502299,19.233297],[98.501888,19.233172],[98.501465,19.232997],[98.501042,19.23279],[98.500608,19.232536],[98.500294,19.232271],[98.500173,19.232006],[98.499993,19.231696],[98.499933,19.231328],[98.499825,19.23097],[98.499644,19.230694],[98.499378,19.230522],[98.499076,19.230406],[98.498714,19.230371],[98.498291,19.230358],[98.498061,19.230243],[98.497759,19.230036],[98.497532,19.229839],[98.49693,19.229792],[98.496145,19.229871],[98.495636,19.229845],[98.495067,19.229947],[98.494594,19.230188],[98.494036,19.230507],[98.493575,19.230827],[98.493453,19.231102],[98.493645,19.231482],[98.493608,19.23169],[98.493232,19.231804],[98.492857,19.231826],[98.492348,19.231858],[98.491743,19.232006],[98.491186,19.232117],[98.490628,19.232208],[98.490204,19.232345],[98.489865,19.232515],[98.489682,19.232698],[98.489609,19.232973],[98.489632,19.23326],[98.489582,19.233583],[98.489496,19.233904],[98.489289,19.234353],[98.489021,19.234628],[98.488729,19.235097],[98.488377,19.235453],[98.487976,19.235773],[98.487527,19.236196],[98.486835,19.23663],[98.486253,19.236778],[98.485745,19.236914],[98.48503,19.237039],[98.484485,19.237209],[98.484254,19.23745],[98.484132,19.23768],[98.483986,19.237908],[98.483864,19.238093],[98.483826,19.238391],[98.4838,19.238919],[98.483714,19.239206],[98.483665,19.239552],[98.483542,19.240021],[98.483419,19.240355],[98.48325,19.240447],[98.483032,19.240515],[98.482789,19.240525],[98.482548,19.240491],[98.482306,19.240442],[98.482088,19.240293],[98.481895,19.24012],[98.481654,19.239912],[98.4814,19.239864],[98.481133,19.239922],[98.481072,19.240071],[98.481023,19.240301],[98.481058,19.240554],[98.481094,19.240886],[98.480899,19.241209],[98.480812,19.241575],[98.48075,19.242035],[98.48064,19.242333],[98.480555,19.24238],[98.480301,19.242414],[98.479937,19.242492],[98.479683,19.242584],[98.479271,19.242754],[98.478749,19.242947],[98.47847,19.243039],[98.47818,19.243176],[98.477767,19.243254],[98.477344,19.243286],[98.476751,19.243239],[98.476497,19.243295],[98.476133,19.243421],[98.475914,19.243569],[98.475781,19.243673],[98.475659,19.243982],[98.475391,19.244212],[98.475161,19.244313],[98.474919,19.244337],[98.474652,19.244322],[98.474338,19.244288],[98.474024,19.244239],[98.473745,19.244171],[98.473407,19.244066],[98.473044,19.24395],[98.472705,19.243912],[98.472233,19.243855],[98.471822,19.243795],[98.47152,19.243771],[98.471181,19.243781],[98.470914,19.243826],[98.470756,19.243986],[98.470683,19.244135],[98.470573,19.244365],[98.470572,19.244618],[98.470596,19.24479],[98.470619,19.244986],[98.470679,19.245147],[98.470799,19.245321],[98.47092,19.245505],[98.471028,19.24562],[98.471269,19.245863],[98.471426,19.24615],[98.471594,19.246324],[98.471642,19.246485],[98.471629,19.246645],[98.471568,19.246842],[98.471422,19.247047],[98.471301,19.247173],[98.47107,19.247344],[98.47067,19.247458],[98.470258,19.247502],[98.469834,19.247639],[98.469434,19.247638],[98.469035,19.247555],[98.468782,19.247439],[98.46854,19.247219],[98.468287,19.247024],[98.468045,19.246886],[98.46778,19.246781],[98.467549,19.246769],[98.467416,19.246803],[98.467246,19.246906],[98.467113,19.24703],[98.467039,19.247192],[98.46699,19.247386],[98.46682,19.247605],[98.46665,19.247754],[98.466504,19.247846],[98.466225,19.247969],[98.465947,19.248016],[98.465511,19.248083],[98.465123,19.248081],[98.464821,19.24801],[98.464507,19.247928],[98.464204,19.247823],[98.463938,19.247755],[98.463491,19.247661],[98.463068,19.247533],[98.462729,19.247462],[98.462209,19.247379],[98.461773,19.24731],[98.46135,19.247169],[98.461036,19.24703],[98.460746,19.246858],[98.460529,19.246706],[98.460396,19.246556],[98.460227,19.246373],[98.459962,19.246209],[98.459708,19.246129],[98.459442,19.24607],[98.459055,19.245931],[98.458777,19.245849],[98.458619,19.245907],[98.458522,19.24609],[98.458255,19.246227],[98.457928,19.24626],[98.457552,19.246351],[98.457201,19.246395],[98.456802,19.246369],[98.45649,19.246303],[98.456378,19.246278],[98.45604,19.246114],[98.455702,19.24593],[98.455649,19.245882],[98.45569,19.245767],[98.455777,19.245205],[98.455877,19.244609],[98.455915,19.244067],[98.455833,19.243481],[98.455738,19.242964],[98.455764,19.242435],[98.455755,19.241836],[98.455745,19.241296],[98.45588,19.240745],[98.455954,19.240377],[98.456053,19.239838],[98.456176,19.239343],[98.456299,19.238919],[98.456397,19.238517],[98.456495,19.238194],[98.456496,19.237964],[98.456509,19.237964],[98.456656,19.237379],[98.456742,19.236932],[98.457145,19.236151],[98.457462,19.235554],[98.457719,19.235037],[98.458011,19.234509],[98.458449,19.233948],[98.458789,19.233617],[98.4589,19.233179],[98.458987,19.232698],[98.459073,19.232375],[98.459244,19.231928],[98.459463,19.231549],[98.459537,19.231263],[98.459417,19.230871],[98.459056,19.230339],[98.458707,19.22988],[98.458479,19.22935],[98.458325,19.22874],[98.458084,19.228301],[98.457892,19.22791],[98.4577,19.227484],[98.457556,19.227265],[98.457362,19.227115],[98.457181,19.227067],[98.456988,19.226976],[98.456783,19.226894],[98.456626,19.22679],[98.456444,19.226685],[98.4563,19.226581],[98.456179,19.226397],[98.456131,19.226271],[98.456132,19.226144],[98.456242,19.225914],[98.456752,19.225468],[98.457128,19.22525],[98.45748,19.225023],[98.457904,19.224887],[98.458231,19.224784],[98.458317,19.224578],[98.458548,19.224233],[98.458768,19.22375],[98.458952,19.223155],[98.45922,19.222615],[98.459708,19.221754],[98.460085,19.221136],[98.460378,19.220504],[98.460781,19.219746],[98.461097,19.219241],[98.461475,19.21868],[98.461864,19.218188],[98.462289,19.217787],[98.462726,19.217569],[98.46321,19.21748],[98.463877,19.217275],[98.464337,19.217093],[98.464749,19.216956],[98.465234,19.216763],[98.465731,19.216534],[98.466155,19.216445],[98.46664,19.216309],[98.4671,19.216195],[98.467719,19.215969],[98.468349,19.215659],[98.468918,19.215536],[98.469391,19.215433],[98.469899,19.215308],[98.470335,19.215298],[98.470807,19.215429],[98.471121,19.215612],[98.47152,19.21565],[98.472077,19.215663],[98.472839,19.215676],[98.473408,19.21568],[98.474182,19.215727],[98.474533,19.215866],[98.474847,19.215926],[98.475235,19.215834],[98.475781,19.215436],[98.47617,19.215046],[98.476534,19.21469],[98.477129,19.214405],[98.477457,19.214074],[98.477688,19.213625],[98.4778,19.212936],[98.477912,19.212062],[98.47806,19.211407],[98.478195,19.210811],[98.478294,19.210236],[98.478369,19.209592],[98.478299,19.208914],[98.47818,19.208326],[98.478086,19.207763],[98.478004,19.207074],[98.477945,19.206556],[98.477984,19.20582],[98.478156,19.205373],[98.478254,19.204879],[98.478377,19.204328],[98.478513,19.203741],[98.478491,19.203201],[98.478504,19.202821],[98.478627,19.202397],[98.478883,19.201925],[98.479527,19.201181],[98.480328,19.200495],[98.480997,19.199807],[98.481701,19.199084],[98.48226,19.198512],[98.482855,19.197951],[98.483547,19.19739],[98.484264,19.196681],[98.485028,19.19612],[98.485575,19.195559],[98.486424,19.19501],[98.48697,19.194551],[98.487637,19.194187],[98.48851,19.193984],[98.489139,19.193825],[98.489648,19.193723],[98.490109,19.193414],[98.490486,19.193092],[98.490934,19.192784],[98.491383,19.192498],[98.491832,19.192247],[98.492426,19.192065],[98.492813,19.191976],[98.493164,19.191918],[98.493491,19.191978],[98.493865,19.19215],[98.494058,19.19237],[98.494202,19.192694],[98.494383,19.19297],[98.494648,19.193291],[98.494913,19.193615],[98.495142,19.193846],[98.495359,19.193985],[98.49577,19.194078],[98.496108,19.194217],[98.496422,19.194403],[98.496468,19.194419],[98.496753,19.194659],[98.496896,19.194762],[98.496975,19.194818],[98.497176,19.194959],[98.497647,19.195087],[98.498021,19.195088],[98.498384,19.195134],[98.498698,19.195261],[98.499096,19.195355],[98.499399,19.195331],[98.499737,19.195368],[98.500172,19.195414],[98.50051,19.195644],[98.500957,19.195909],[98.501379,19.196141],[98.501862,19.196463],[98.502502,19.196844],[98.502888,19.197166],[98.503359,19.197468],[98.503781,19.197871],[98.504456,19.198551],[98.505048,19.199264],[98.505638,19.200196],[98.506084,19.200887],[98.50647,19.201439],[98.506868,19.201957],[98.507242,19.202338],[98.507616,19.202719],[98.50787,19.20304],[98.508099,19.20333],[98.50828,19.203536],[98.508436,19.203674],[98.508557,19.203778],[98.508678,19.203824],[98.508799,19.203813],[98.508908,19.203757],[98.509029,19.203515],[98.509018,19.202987],[98.5092,19.202481],[98.509406,19.202021],[98.509697,19.201527],[98.51006,19.200836],[98.510266,19.200401],[98.510461,19.19985],[98.510594,19.199367],[98.51068,19.198676],[98.51079,19.198136],[98.510851,19.197664],[98.510972,19.197321],[98.511033,19.196964],[98.510913,19.196469],[98.510962,19.195825],[98.510891,19.194973],[98.510977,19.19433],[98.510893,19.193618],[98.510797,19.193041],[98.510677,19.192709],[98.510545,19.192248],[98.510449,19.191775],[98.510341,19.191395],[98.510329,19.191041],[98.510342,19.190625],[98.510524,19.190201],[98.510657,19.189822],[98.510767,19.18935],[98.510961,19.189018],[98.511022,19.188752],[98.511034,19.188316],[98.511011,19.187959],[98.510963,19.187464],[98.510867,19.186878],[98.510819,19.186566],[98.510748,19.1862],[98.510736,19.185475],[98.510785,19.18536],[98.510942,19.185037],[98.51116,19.184785],[98.511366,19.184591],[98.511644,19.184372],[98.512007,19.184143],[98.512237,19.184006],[98.512418,19.183947],[98.512684,19.183788],[98.513023,19.183755],[98.513337,19.183686],[98.513736,19.183605],[98.514099,19.183536],[98.514461,19.183458],[98.514764,19.183308],[98.515211,19.183241],[98.515525,19.183194],[98.515864,19.183012],[98.516154,19.182783],[98.516541,19.182542],[98.516868,19.182174],[98.51711,19.181956],[98.517401,19.181554],[98.517739,19.18121],[98.517945,19.180853],[98.518115,19.180359],[98.518176,19.179898],[98.518141,19.179381],[98.518202,19.179049],[98.518251,19.178611],[98.518396,19.178116],[98.518494,19.177714],[98.518724,19.17729],[98.518845,19.176979],[98.518978,19.176762],[98.518978,19.176773],[98.5191,19.176313],[98.519257,19.175979],[98.519511,19.175704],[98.519669,19.175496],[98.519682,19.175015],[98.519718,19.174636],[98.519574,19.174301],[98.519406,19.173853],[98.519261,19.173656],[98.519056,19.173324],[98.518924,19.173048],[98.518731,19.17262],[98.518659,19.172161],[98.518672,19.171793],[98.51872,19.17147],[98.518733,19.171183],[98.518685,19.17077],[98.51865,19.170356],[98.518638,19.16994],[98.518566,19.169608],[98.518542,19.169296],[98.518519,19.168917],[98.518555,19.168745],[98.518676,19.168596],[98.518773,19.168549],[98.518834,19.16847],[98.518918,19.168344],[98.518919,19.168195],[98.518714,19.167803],[98.518533,19.16748],[98.518256,19.167077],[98.518075,19.166868],[98.517568,19.166535],[98.517459,19.166523],[98.51729,19.166489],[98.517157,19.166455],[98.516904,19.166339],[98.51624,19.165831],[98.515866,19.165439],[98.515697,19.165233],[98.515564,19.165081],[98.515432,19.165025],[98.515238,19.165024],[98.515057,19.165116],[98.514827,19.165127],[98.514598,19.165081],[98.514188,19.164771],[98.513971,19.164402],[98.513669,19.163836],[98.513489,19.163503],[98.513308,19.163331],[98.513187,19.163168],[98.51297,19.16303],[98.512728,19.162973],[98.512523,19.162938],[98.512366,19.162927],[98.512197,19.162881],[98.511859,19.162638],[98.511545,19.162224],[98.511425,19.161844],[98.511184,19.16129],[98.510992,19.160912],[98.510859,19.160659],[98.510824,19.160232],[98.510812,19.159646],[98.510765,19.159152],[98.510693,19.158449],[98.510573,19.158024],[98.510453,19.15784],[98.510356,19.157702],[98.510163,19.157654],[98.509861,19.157782],[98.509559,19.157908],[98.509305,19.158023],[98.509123,19.158022],[98.508773,19.157928],[98.507807,19.157501],[98.506854,19.157119],[98.505924,19.156888],[98.505405,19.156681],[98.504535,19.156218],[98.503618,19.155549],[98.502858,19.154779],[98.502243,19.15426],[98.501772,19.154017],[98.50106,19.15397],[98.500552,19.153889],[98.500323,19.153739],[98.499998,19.153221],[98.499624,19.152484],[98.499479,19.152289],[98.499129,19.152114],[98.498658,19.152034],[98.498018,19.152043],[98.497728,19.152009],[98.497462,19.151974],[98.497173,19.151903],[98.497004,19.151742],[98.496939,19.151665],[98.496853,19.151563],[98.496799,19.1515],[98.496811,19.151276],[98.496523,19.151126],[98.496378,19.151036],[98.496004,19.150815],[98.495388,19.150561],[98.494542,19.150396],[98.494119,19.150268],[98.493647,19.150151],[98.493321,19.150252],[98.492994,19.150263],[98.492643,19.150354],[98.491965,19.150513],[98.491384,19.150534],[98.490936,19.150634],[98.490693,19.15083],[98.490499,19.151013],[98.49039,19.151071],[98.490038,19.15131],[98.48959,19.151446],[98.489287,19.1514],[98.488671,19.151283],[98.488297,19.151086],[98.487874,19.150761],[98.48738,19.150335],[98.487018,19.150011],[98.486899,19.149701],[98.486936,19.149426],[98.486925,19.14908],[98.486975,19.148757],[98.486976,19.148436],[98.486796,19.148138],[98.486422,19.147687],[98.486134,19.147169],[98.485809,19.146662],[98.48546,19.146155],[98.485075,19.145774],[98.484858,19.145394],[98.4848,19.144795],[98.484838,19.144474],[98.484815,19.144128],[98.484707,19.143816],[98.484526,19.143495],[98.48425,19.142954],[98.483914,19.142321],[98.483541,19.141766],[98.483241,19.141304],[98.483145,19.140913],[98.483135,19.140511],[98.482979,19.139959],[98.48286,19.139546],[98.483077,19.139752],[98.483078,19.139614],[98.482994,19.139304],[98.482766,19.13898],[98.482537,19.138659],[98.482296,19.138496],[98.481657,19.137793],[98.481247,19.137458],[98.48109,19.13732],[98.480728,19.1371],[98.48004,19.136786],[98.479665,19.136636],[98.479291,19.136531],[98.47876,19.136287],[98.478301,19.136044],[98.477818,19.13572],[98.477662,19.13541],[98.477651,19.135134],[98.4777,19.134893],[98.477846,19.134685],[98.477993,19.13441],[98.478115,19.133997],[98.478347,19.133528],[98.478518,19.132952],[98.478471,19.13271],[98.478484,19.132297],[98.478462,19.131757],[98.478465,19.131079],[98.47843,19.130629],[98.477865,19.129961],[98.477588,19.129477],[98.477311,19.129085],[98.477324,19.128843],[98.477374,19.12866],[98.477483,19.128464],[98.477629,19.128327],[98.477871,19.128224],[98.478162,19.128087],[98.478441,19.127916],[98.47872,19.127756],[98.478926,19.127641],[98.479072,19.127436],[98.479157,19.127287],[98.479194,19.12708],[98.479159,19.126815],[98.479087,19.126585],[98.478967,19.126309],[98.478847,19.126112],[98.478715,19.125872],[98.478619,19.125526],[98.478608,19.125307],[98.478633,19.125088],[98.478682,19.124893],[98.478816,19.124652],[98.478986,19.12447],[98.479241,19.124251],[98.479544,19.124092],[98.480502,19.123624],[98.480865,19.123406],[98.481169,19.123131],[98.481387,19.12296],[98.481437,19.122615],[98.481596,19.122134],[98.48144,19.121695],[98.481501,19.121605],[98.481623,19.121271],[98.481734,19.120847],[98.48176,19.120397],[98.481664,19.120028],[98.481545,19.119685],[98.481256,19.119282],[98.480882,19.118958],[98.480604,19.118819],[98.480231,19.118565],[98.479928,19.118449],[98.479615,19.118274],[98.479168,19.118135],[98.478564,19.117971],[98.478007,19.117935],[98.477463,19.117945],[98.476943,19.117977],[98.476204,19.118088],[98.475503,19.118134],[98.474861,19.118211],[98.474268,19.118299],[98.473566,19.11848],[98.472803,19.118776],[98.472185,19.119143],[98.471663,19.119487],[98.470996,19.119863],[98.470293,19.120308],[98.46965,19.120893],[98.469007,19.12135],[98.46828,19.121714],[98.467613,19.121954],[98.466983,19.122284],[98.466256,19.122594],[98.465675,19.122705],[98.465325,19.122682],[98.464986,19.122622],[98.464588,19.122449],[98.464286,19.122389],[98.463863,19.122228],[98.463198,19.122099],[98.46246,19.122038],[98.461906,19.121632],[98.461387,19.121276],[98.460686,19.1211],[98.459949,19.120947],[98.459054,19.120761],[98.458365,19.120768],[98.457639,19.12087],[98.457106,19.121017],[98.45673,19.121199],[98.456124,19.121473],[98.455736,19.121702],[98.455239,19.122022],[98.45473,19.12233],[98.454015,19.122637],[98.453289,19.122784],[98.452587,19.122861],[98.451994,19.122859],[98.451256,19.122834],[98.450761,19.122774],[98.450205,19.122691],[98.449588,19.122586],[98.449117,19.122491],[98.448452,19.122352],[98.447872,19.122201],[98.447292,19.122025],[98.446593,19.121506],[98.445856,19.121237],[98.445204,19.121004],[98.444382,19.120819],[98.44356,19.120735],[98.442762,19.120525],[98.441845,19.120014],[98.441096,19.119713],[98.440384,19.119411],[98.439683,19.119121],[98.438005,19.118529],[98.437123,19.118077],[98.436169,19.117807],[98.435215,19.117459],[98.434478,19.117214],[98.434116,19.116972],[98.434177,19.116972],[98.433742,19.116799],[98.433187,19.11653],[98.432402,19.11616],[98.431472,19.115696],[98.430797,19.115348],[98.430133,19.114978],[98.429361,19.114492],[98.428674,19.113787],[98.427975,19.1132],[98.427143,19.112655],[98.426479,19.112228],[98.425719,19.111776],[98.424669,19.111265],[98.423644,19.110663],[98.422099,19.109727],[98.421761,19.10969],[98.421446,19.109759],[98.421071,19.109871],[98.420598,19.110088],[98.420114,19.110225],[98.419521,19.110198],[98.418941,19.110058],[98.418313,19.109896],[98.417563,19.109812],[98.416656,19.109728],[98.415907,19.109678],[98.415109,19.109572],[98.414143,19.109279],[98.413212,19.109046],[98.412306,19.108962],[98.411157,19.108795],[98.410262,19.108711],[98.409236,19.108444],[98.408378,19.108278],[98.407278,19.107988],[98.406131,19.10765],[98.40514,19.107357],[98.404222,19.107043],[98.403352,19.106913],[98.402326,19.106564],[98.401697,19.106388],[98.401117,19.106237],[98.400441,19.106016],[98.399596,19.10576],[98.399089,19.105528],[98.39828,19.105214],[98.397494,19.105003],[98.396794,19.104736],[98.39561,19.104455],[98.3948,19.104359],[98.394027,19.104219],[98.393689,19.104033],[98.393279,19.103756],[98.392917,19.10342],[98.392533,19.102913],[98.392243,19.1026],[98.392051,19.102394],[98.391883,19.102185],[98.391726,19.101943],[98.391606,19.101724],[98.391499,19.101484],[98.391391,19.101264],[98.391307,19.100988],[98.39126,19.100735],[98.3912,19.100527],[98.391275,19.100114],[98.391301,19.099723],[98.391316,19.099034],[98.391354,19.098503],[98.391357,19.097873],[98.391263,19.097342],[98.391325,19.096824],[98.3914,19.096296],[98.391451,19.09563],[98.391648,19.09493],[98.391675,19.094241],[98.391725,19.09378],[98.39163,19.093504],[98.391498,19.093307],[98.391366,19.093079],[98.391028,19.092858],[98.390678,19.092683],[98.39028,19.092499],[98.389834,19.092104],[98.389497,19.091782],[98.388979,19.091412],[98.388581,19.091054],[98.38828,19.090719],[98.388136,19.090386],[98.387921,19.090017],[98.387729,19.089556],[98.387513,19.08906],[98.387321,19.088739],[98.387056,19.088449],[98.386695,19.088138],[98.386273,19.087757],[98.385804,19.087398],[98.38537,19.08704],[98.384935,19.086831],[98.384501,19.086621],[98.383957,19.086423],[98.383329,19.086249],[98.382701,19.086154],[98.382036,19.086164],[98.381456,19.086114],[98.381093,19.085941],[98.380792,19.085789],[98.380357,19.085683],[98.379897,19.085693],[98.379437,19.085841],[98.379195,19.085944],[98.378759,19.086058],[98.378142,19.086205],[98.37756,19.086338],[98.376823,19.086392],[98.37606,19.086482],[98.375092,19.086651],[98.374329,19.086831],[98.373457,19.087115],[98.372658,19.087284],[98.372041,19.087384],[98.371521,19.087325],[98.371196,19.087139],[98.370991,19.086919],[98.370847,19.086598],[98.370658,19.085612],[98.370755,19.085563],[98.371217,19.085207],[98.371533,19.084818],[98.371801,19.084222],[98.371973,19.083728],[98.372132,19.083245],[98.372219,19.082764],[98.372245,19.082258],[98.372247,19.081833],[98.372311,19.081165],[98.372446,19.080614],[98.372667,19.079856],[98.372912,19.07919],[98.373216,19.078777],[98.373485,19.078193],[98.373814,19.077562],[98.374178,19.07722],[98.374385,19.076956],[98.374569,19.076543],[98.37474,19.076083],[98.374742,19.075669],[98.374719,19.075245],[98.374649,19.074853],[98.37489,19.075094],[98.374867,19.074739],[98.374553,19.074611],[98.374288,19.074369],[98.373927,19.074022],[98.373638,19.073802],[98.373349,19.073432],[98.373169,19.073064],[98.373063,19.072501],[98.372944,19.071983],[98.37297,19.071545],[98.373033,19.07119],[98.372889,19.070785],[98.372843,19.070338],[98.372724,19.069946],[98.372581,19.069533],[98.372328,19.069127],[98.372039,19.068851],[98.371859,19.068586],[98.37174,19.068251],[98.371657,19.067848],[98.371732,19.06723],[98.372025,19.066562],[98.372355,19.065874],[98.372732,19.065347],[98.373291,19.064845],[98.373691,19.064512],[98.374297,19.064204],[98.374878,19.063942],[98.375365,19.063403],[98.375971,19.062969],[98.376758,19.062651],[98.377485,19.062344],[98.378128,19.061989],[98.378709,19.061774],[98.379145,19.061557],[98.379485,19.061364],[98.379812,19.061078],[98.380249,19.060722],[98.380553,19.060448],[98.380796,19.060209],[98.381075,19.059898],[98.381184,19.059761],[98.381355,19.059612],[98.381537,19.059441],[98.381682,19.05936],[98.381876,19.059327],[98.382032,19.059569],[98.382272,19.059927],[98.382343,19.060318],[98.382426,19.060732],[98.382558,19.060985],[98.382714,19.061194],[98.38287,19.061425],[98.383123,19.061724],[98.383267,19.061839],[98.383472,19.062001],[98.383713,19.06213],[98.383919,19.062199],[98.384233,19.062247],[98.384656,19.062237],[98.385019,19.062089],[98.385286,19.061952],[98.385626,19.061701],[98.38582,19.061426],[98.386099,19.061185],[98.386138,19.060737],[98.386212,19.060266],[98.386117,19.059956],[98.386203,19.059576],[98.386434,19.059232],[98.386436,19.058875],[98.386644,19.058417],[98.386875,19.058072],[98.387215,19.057763],[98.387445,19.057547],[98.387822,19.057133],[98.388186,19.056883],[98.388513,19.056758],[98.388961,19.056495],[98.389277,19.056265],[98.389435,19.056049],[98.389787,19.055625],[98.390226,19.05489],[98.390821,19.054169],[98.39121,19.053732],[98.39149,19.05339],[98.391976,19.05284],[98.392366,19.052015],[98.39272,19.051406],[98.393231,19.050558],[98.393767,19.04973],[98.394193,19.04902],[98.394643,19.048493],[98.395044,19.047864],[98.39547,19.047359],[98.395518,19.047348],[98.396076,19.046889],[98.396817,19.046146],[98.397304,19.045332],[98.397936,19.044552],[98.398531,19.043992],[98.399042,19.043189],[98.399419,19.042639],[98.39971,19.042342],[98.400099,19.04202],[98.400403,19.041607],[98.400658,19.041265],[98.400829,19.04099],[98.400975,19.040656],[98.401085,19.040299],[98.401124,19.03992],[98.401077,19.03954],[98.401018,19.039208],[98.400741,19.038838],[98.400501,19.038377],[98.40037,19.037952],[98.400263,19.037502],[98.400204,19.037192],[98.400206,19.036767],[98.400352,19.036481],[98.400644,19.03617],[98.400923,19.035884],[98.401202,19.035632],[98.401602,19.035507],[98.401977,19.035417],[98.402533,19.035351],[98.402993,19.035319],[98.403598,19.035285],[98.404117,19.0353],[98.40477,19.035325],[98.405265,19.035385],[98.405857,19.035432],[98.406232,19.035424],[98.406522,19.0354],[98.406922,19.035289],[98.40737,19.035175],[98.408085,19.034786],[98.408934,19.034136],[98.40948,19.033724],[98.410145,19.033462],[98.410715,19.033096],[98.411115,19.032869],[98.411696,19.032685],[98.41218,19.032585],[98.412543,19.032609],[98.412954,19.032658],[98.413497,19.032716],[98.413944,19.032821],[98.414392,19.032823],[98.414912,19.032608],[98.415421,19.0323],[98.416016,19.031888],[98.416477,19.03135],[98.417107,19.030983],[98.417641,19.030641],[98.41821,19.030275],[98.418695,19.029922],[98.419205,19.029417],[98.419558,19.028924],[98.41997,19.028649],[98.420491,19.0284],[98.420951,19.02816],[98.421326,19.028138],[98.421414,19.028148],[98.421749,19.028185],[98.422062,19.028439],[98.422399,19.028797],[98.422712,19.029259],[98.423168,19.030135],[98.423456,19.030585],[98.42379,19.031574],[98.424088,19.032736],[98.424446,19.03367],[98.424818,19.034521],[98.425117,19.035281],[98.425247,19.035914],[98.425462,19.036502],[98.425628,19.037422],[98.42618,19.038332],[98.42696,19.0399],[98.427682,19.040695],[98.428403,19.04178],[98.428944,19.042391],[98.429547,19.042922],[98.42992,19.04312],[98.43038,19.043191],[98.43102,19.043331],[98.431419,19.043366],[98.431829,19.043449],[98.432336,19.043635],[98.432975,19.044223],[98.433432,19.044766],[98.433925,19.045308],[98.43448,19.045748],[98.435154,19.046312],[98.435589,19.046592],[98.436034,19.047088],[98.436638,19.04732],[98.437144,19.047575],[98.437687,19.047807],[98.437893,19.047923],[98.438231,19.047994],[98.438824,19.047948],[98.439187,19.047755],[98.439696,19.047458],[98.440085,19.04708],[98.440618,19.046794],[98.441271,19.046568],[98.442276,19.046318],[98.442953,19.046207],[98.443932,19.046325],[98.444778,19.046421],[98.445612,19.046561],[98.446915,19.047084],[98.447302,19.047153],[98.447398,19.047235],[98.447423,19.047235],[98.447858,19.047225],[98.448487,19.047227],[98.449285,19.047128],[98.450083,19.047211],[98.451099,19.047169],[98.451994,19.046966],[98.452877,19.046705],[98.453446,19.04665],[98.454353,19.046711],[98.455078,19.046725],[98.45567,19.046715],[98.456215,19.04666],[98.456747,19.046501],[98.457099,19.046238],[98.457596,19.045885],[98.458118,19.045346],[98.45853,19.045083],[98.459498,19.044867],[98.460454,19.044791],[98.461071,19.044713],[98.461761,19.044532],[98.462439,19.044062],[98.463045,19.043836],[98.463662,19.043711],[98.464194,19.043645],[98.464786,19.043703],[98.465233,19.043774],[98.465535,19.043786],[98.465959,19.043709],[98.466528,19.043446],[98.467086,19.043104],[98.467523,19.042667],[98.467911,19.042313],[98.468202,19.042095],[98.468311,19.04198],[98.468457,19.041879],[98.468929,19.04165],[98.469631,19.041607],[98.470211,19.04162],[98.471094,19.041509],[98.471819,19.041638],[98.472677,19.041733],[98.473329,19.041827],[98.473715,19.042059],[98.474294,19.042336],[98.475116,19.042628],[98.475851,19.043009],[98.476552,19.043231],[98.477168,19.04328],[98.477785,19.043349],[98.478753,19.043169],[98.479455,19.042943],[98.47989,19.042795],[98.480387,19.042613],[98.480811,19.042454],[98.481041,19.042247],[98.481187,19.041926],[98.481152,19.041626],[98.481166,19.041294],[98.481142,19.041122],[98.481264,19.040937],[98.48147,19.040847],[98.481978,19.040756],[98.483103,19.040588],[98.483949,19.040615],[98.484854,19.040986],[98.485967,19.040932],[98.487202,19.040454],[98.487977,19.040203],[98.488776,19.039907],[98.489745,19.039314],[98.490255,19.038879],[98.491102,19.038468],[98.491683,19.038366],[98.492675,19.03814],[98.493425,19.038131],[98.494222,19.038307],[98.494887,19.038447],[98.495032,19.038456],[98.495732,19.038291],[98.496614,19.038004],[98.49738,19.037674],[98.497899,19.037456],[98.498612,19.037067],[98.499132,19.036723],[98.500147,19.03622],[98.500763,19.036059],[98.501355,19.035968],[98.502936,19.035741],[98.503963,19.035744],[98.50453,19.035721],[98.505025,19.035666],[98.506088,19.035309],[98.506584,19.034979],[98.507212,19.034531],[98.507708,19.034071],[98.508083,19.03367],[98.508831,19.033464],[98.509544,19.033385],[98.510558,19.03341],[98.511656,19.033562],[98.512199,19.033676],[98.512429,19.033666],[98.513165,19.033356],[98.513286,19.03346],[98.513407,19.033404],[98.514011,19.033105],[98.514277,19.03306],[98.515243,19.032487],[98.515291,19.03251],[98.515678,19.032395],[98.516306,19.032189],[98.516934,19.032005],[98.518203,19.030789],[98.518808,19.030228],[98.519714,19.029688],[98.520209,19.029414],[98.521043,19.029357],[98.521308,19.02922],[98.522167,19.028255],[98.522929,19.027453],[98.523412,19.026808],[98.524005,19.026224],[98.524391,19.025936],[98.524935,19.025867],[98.525587,19.025914],[98.526178,19.025916],[98.526915,19.025687],[98.527374,19.025331],[98.528027,19.024908],[98.528534,19.024654],[98.52927,19.024737],[98.530755,19.024958],[98.531877,19.025087],[98.532384,19.025041],[98.532686,19.024938],[98.532891,19.024905],[98.534086,19.025158],[98.53475,19.025436],[98.535422,19.025596],[98.536017,19.025681],[98.536802,19.025796],[98.537767,19.025913],[98.538419,19.025822],[98.539264,19.025709],[98.540025,19.02556],[98.540206,19.025549],[98.540967,19.025481],[98.541377,19.025459],[98.54186,19.025598],[98.542645,19.025702],[98.542946,19.025863],[98.543248,19.02606],[98.543585,19.026278],[98.54414,19.02674],[98.544454,19.026741],[98.545034,19.026535],[98.545794,19.026593],[98.546301,19.026755],[98.546494,19.02694],[98.546578,19.02709],[98.546807,19.027366],[98.547229,19.027746],[98.547579,19.028057],[98.547928,19.028539],[98.548206,19.028851],[98.54864,19.02937],[98.548844,19.02975],[98.54894,19.03006],[98.54929,19.03044],[98.550689,19.031374],[98.551208,19.0315],[98.5518,19.031605],[98.552427,19.031675],[98.553007,19.031608],[98.55314,19.031654],[98.553164,19.031918],[98.553163,19.032079],[98.55303,19.03232],[98.552921,19.032562],[98.552873,19.032688],[98.552836,19.033034],[98.552775,19.033377],[98.552871,19.033804],[98.55304,19.034274],[98.553208,19.03462],[98.553486,19.035001],[98.553775,19.035277],[98.554028,19.035623],[98.554221,19.036015],[98.554365,19.036302],[98.554522,19.036589],[98.554678,19.036992],[98.554895,19.037406],[98.555028,19.03758],[98.555353,19.037857],[98.555619,19.037995],[98.55586,19.038063],[98.556138,19.038191],[98.556427,19.03827],[98.556898,19.038353],[98.557236,19.038342],[98.557755,19.038319],[98.558178,19.038297],[98.55854,19.038171],[98.558794,19.038068],[98.559096,19.037805],[98.559591,19.037702],[98.559953,19.037529],[98.560582,19.037255],[98.561234,19.037105],[98.56197,19.037106],[98.562489,19.0372],[98.563334,19.037385],[98.563479,19.037465],[98.563865,19.03773],[98.564166,19.038076],[98.56454,19.038468],[98.564757,19.038848],[98.565263,19.039274],[98.565492,19.039632],[98.565673,19.039919],[98.565757,19.040276],[98.565805,19.040505],[98.565817,19.04078],[98.565756,19.041069],[98.565672,19.041311],[98.565586,19.041724],[98.565562,19.042241],[98.565513,19.042598],[98.565525,19.042989],[98.56556,19.043403],[98.565608,19.043839],[98.565813,19.044334],[98.566078,19.044647],[98.566416,19.044957],[98.566585,19.045061],[98.566971,19.045326],[98.567417,19.045418],[98.567767,19.045453],[98.568226,19.045729],[98.568455,19.045879],[98.568817,19.046088],[98.569348,19.046295],[98.569674,19.046318],[98.570109,19.046251],[98.570616,19.04616],[98.571111,19.046136],[98.571413,19.046103],[98.572077,19.046161],[98.572535,19.046196],[98.573031,19.046278],[98.573815,19.046474],[98.574467,19.046774],[98.574805,19.046947],[98.575058,19.047062],[98.575287,19.047223],[98.575517,19.047235],[98.575903,19.047213],[98.576301,19.04718],[98.576712,19.047145],[98.577231,19.047203],[98.577702,19.047251],[98.577943,19.047331],[98.578269,19.047424],[98.578667,19.047642],[98.579053,19.047862],[98.579548,19.048139],[98.580103,19.048301],[98.580864,19.048244],[98.581516,19.048141],[98.582047,19.048097],[98.582494,19.047981],[98.582965,19.047833],[98.583291,19.047707],[98.584064,19.047535],[98.585067,19.047318],[98.586081,19.046974],[98.586709,19.046574],[98.586745,19.046504],[98.586927,19.046251],[98.587145,19.045999],[98.587278,19.045631],[98.587435,19.045504],[98.587737,19.045379],[98.588063,19.045264],[98.588341,19.045093],[98.588679,19.044805],[98.589029,19.044634],[98.589307,19.044426],[98.589694,19.044152],[98.589803,19.044093],[98.590056,19.043922],[98.590359,19.043622],[98.590673,19.043325],[98.590951,19.043165],[98.591337,19.043048],[98.591627,19.043037],[98.592037,19.043004],[98.592774,19.043017],[98.593184,19.043145],[98.59351,19.043258],[98.594017,19.043375],[98.594464,19.043536],[98.594922,19.04363],[98.595333,19.043814],[98.595755,19.044079],[98.596249,19.044412],[98.596467,19.044587],[98.596587,19.044885],[98.59678,19.045333],[98.596961,19.045724],[98.597117,19.046093],[98.597358,19.046439],[98.59772,19.046783],[98.597986,19.04706],[98.598215,19.047257],[98.598733,19.047649],[98.59918,19.048016],[98.599457,19.048488],[98.599505,19.048556],[98.599602,19.048823],[98.599758,19.048995],[98.600012,19.049305],[98.600253,19.049719],[98.600506,19.050088],[98.600831,19.050572],[98.601073,19.050975],[98.60141,19.051504],[98.601748,19.051964],[98.602037,19.052333],[98.602411,19.052724],[98.602761,19.053057],[98.603135,19.053243],[98.603714,19.053439],[98.604233,19.053578],[98.604873,19.053717],[98.605465,19.053879],[98.605887,19.053891],[98.6066,19.053811],[98.607216,19.053776],[98.608085,19.054042],[98.608821,19.054263],[98.609292,19.054436],[98.609702,19.05462],[98.610318,19.054897],[98.610933,19.055219],[98.611464,19.055462],[98.612055,19.055969],[98.612502,19.056291],[98.612985,19.056452],[98.613419,19.056672],[98.614083,19.056938],[98.614759,19.057168],[98.61523,19.057306],[98.615857,19.057412],[98.616546,19.057433],[98.617041,19.057344],[98.617415,19.057309],[98.617717,19.057253],[98.618236,19.057378],[98.618634,19.057576],[98.618839,19.057666],[98.619274,19.057715],[98.619829,19.057967],[98.620203,19.058187],[98.620771,19.058452],[98.621603,19.05889],[98.622147,19.059144],[98.622955,19.059466],[98.623378,19.059662],[98.623776,19.059915],[98.624126,19.060296],[98.624138,19.060296],[98.624222,19.0604],[98.624584,19.060665],[98.624959,19.060905],[98.625297,19.061069],[98.625598,19.061114],[98.62619,19.061183],[98.626721,19.061356],[98.627482,19.061633],[98.62788,19.061693],[98.628266,19.061877],[98.628749,19.062049],[98.629159,19.062211],[98.629703,19.062304],[98.630331,19.062351],[98.631091,19.06235],[98.631514,19.062317],[98.631997,19.062259],[98.632263,19.062271],[98.632564,19.06233],[98.632926,19.062559],[98.633252,19.062768],[98.633433,19.062929],[98.633771,19.063148],[98.633988,19.06363],[98.634253,19.064184],[98.634495,19.064587],[98.634821,19.064793],[98.635593,19.065542],[98.635955,19.065991],[98.636305,19.066405],[98.636799,19.066889],[98.637137,19.067165],[98.637137,19.067154],[98.637391,19.067292],[98.637692,19.067487],[98.637982,19.067696],[98.638549,19.067984],[98.638996,19.068249],[98.639623,19.068512],[98.640034,19.068721],[98.640275,19.068941],[98.640313,19.069058],[98.640408,19.069354],[98.640504,19.069709],[98.640673,19.069988],[98.640721,19.070435],[98.640745,19.070964],[98.640744,19.071298],[98.640768,19.071838],[98.640768,19.072218],[98.640744,19.072516],[98.640719,19.072816],[98.640634,19.073207],[98.640477,19.073575],[98.640441,19.074],[98.640549,19.074483],[98.640585,19.074978],[98.640814,19.0753],[98.641079,19.075438],[98.641538,19.075647],[98.6419,19.075727],[98.642166,19.07575],[98.642347,19.075784],[98.642601,19.075796],[98.642867,19.075785],[98.64318,19.075729],[98.643458,19.075693],[98.643845,19.075579],[98.644098,19.075545],[98.644388,19.075535],[98.644666,19.07551],[98.644895,19.075558],[98.645197,19.075683],[98.645366,19.075765],[98.64562,19.075881],[98.64597,19.076134],[98.646211,19.076306],[98.646428,19.076743],[98.646609,19.077308],[98.646693,19.077801],[98.647079,19.078217],[98.647441,19.078781],[98.647682,19.079206],[98.647815,19.079344],[98.647972,19.079679],[98.648406,19.080323],[98.648575,19.08069],[98.648611,19.081094],[98.648647,19.081359],[98.64855,19.081679],[98.648465,19.081932],[98.648344,19.082244],[98.648259,19.082691],[98.648283,19.083104],[98.648319,19.083681],[98.648379,19.084209],[98.64856,19.084797],[98.64868,19.085152],[98.648825,19.085428],[98.648958,19.085614],[98.649091,19.085856],[98.649066,19.086142],[98.649066,19.086463],[98.649066,19.086809],[98.648993,19.087062],[98.649053,19.087372],[98.649113,19.087959],[98.649173,19.088361],[98.649342,19.088913],[98.649462,19.089512],[98.649655,19.090041],[98.6498,19.090547],[98.650053,19.090995],[98.650439,19.091387],[98.650693,19.091595],[98.650994,19.092009],[98.651248,19.092355],[98.651236,19.092355],[98.651344,19.092642],[98.651477,19.092918],[98.651598,19.093102],[98.651574,19.093102],[98.651682,19.093264],[98.65167,19.09363],[98.651681,19.094057],[98.651693,19.094311],[98.651657,19.094471],[98.651524,19.094746],[98.651427,19.094999],[98.65133,19.095288],[98.651282,19.095735],[98.650798,19.096277],[98.650496,19.096757],[98.649891,19.098103],[98.649564,19.098999],[98.649093,19.099644],[98.648755,19.100102],[98.648428,19.100459],[98.647884,19.100987],[98.647582,19.101253],[98.64722,19.101516],[98.646906,19.101712],[98.646507,19.101987],[98.646084,19.102169],[98.64577,19.102469],[98.64548,19.102733],[98.64519,19.103008],[98.644899,19.103412],[98.644899,19.103721],[98.645068,19.104009],[98.645153,19.104205],[98.645104,19.104377],[98.64502,19.104607],[98.644911,19.104734],[98.644754,19.104815],[98.6445,19.104814],[98.64427,19.104836],[98.644077,19.104892],[98.643824,19.104973],[98.643703,19.105158],[98.643594,19.105285],[98.643497,19.105422],[98.643461,19.10556],[98.643509,19.105802],[98.643533,19.106078],[98.64369,19.106514],[98.643762,19.106998],[98.643713,19.107422],[98.643785,19.107965],[98.643797,19.108527],[98.643772,19.109115],[98.64376,19.1097],[98.643663,19.110242],[98.643614,19.110678],[98.643566,19.110678],[98.643433,19.11124],[98.643263,19.11154],[98.643082,19.111759],[98.642876,19.111953],[98.642707,19.112138],[98.642381,19.11232],[98.642212,19.112494],[98.641922,19.112642],[98.641619,19.112827],[98.64139,19.113055],[98.641305,19.113195],[98.641184,19.113377],[98.641088,19.113574],[98.641124,19.11378],[98.641196,19.114021],[98.64128,19.114193],[98.641389,19.114309],[98.641558,19.114469],[98.641691,19.114551],[98.641836,19.114723],[98.64198,19.114965],[98.642113,19.115218],[98.642161,19.115505],[98.642282,19.115725],[98.64233,19.115967],[98.642233,19.116231],[98.642112,19.116472],[98.641906,19.116714],[98.641761,19.116966],[98.64152,19.117126],[98.641266,19.117322],[98.641048,19.117609],[98.640806,19.117862],[98.640649,19.118058],[98.640576,19.118516],[98.640613,19.118862],[98.640685,19.119323],[98.640733,19.119644],[98.640829,19.11999],[98.640986,19.120564],[98.641118,19.120887],[98.641215,19.121346],[98.641323,19.121726],[98.641407,19.122117],[98.641468,19.122519],[98.641516,19.122854],[98.641443,19.123464],[98.641346,19.123821],[98.641104,19.124234],[98.640959,19.124486],[98.640789,19.124809],[98.640813,19.125268],[98.640909,19.125833],[98.640981,19.126258],[98.641102,19.126683],[98.641223,19.126947],[98.641367,19.127499],[98.641439,19.127915],[98.641439,19.128098],[98.641101,19.128524],[98.640968,19.128558],[98.640714,19.12874],[98.640279,19.12904],[98.640158,19.129017],[98.640037,19.1292],[98.639856,19.129453],[98.639662,19.12973],[98.639505,19.129901],[98.639493,19.130211],[98.639493,19.130464],[98.639529,19.130855],[98.639528,19.131338],[98.639697,19.13189],[98.639745,19.132523],[98.63966,19.133133],[98.639611,19.133582],[98.639538,19.133914],[98.639393,19.134248],[98.639284,19.134535],[98.639103,19.134984],[98.638969,19.135352],[98.638679,19.135639],[98.638401,19.135801],[98.638172,19.135915],[98.637773,19.136086],[98.637423,19.136224],[98.637048,19.136442],[98.636008,19.13728],[98.635585,19.13758],[98.635174,19.1379],[98.634812,19.13813],[98.634485,19.138601],[98.634388,19.138947],[98.633687,19.139969],[98.633276,19.140485],[98.632937,19.140887],[98.632623,19.141279],[98.632405,19.14176],[98.632211,19.142313],[98.632175,19.142772],[98.632235,19.14321],[98.632295,19.143762],[98.632306,19.144187],[98.632294,19.144487],[98.632378,19.14505],[98.632474,19.1455],[98.632595,19.145855],[98.632728,19.146327],[98.63286,19.146867],[98.633029,19.147433],[98.633185,19.147962],[98.633342,19.148651],[98.633317,19.149213],[98.633317,19.149697],[98.633135,19.150076],[98.632869,19.150629],[98.632736,19.150961],[98.632554,19.151352],[98.632312,19.151697],[98.63224,19.151859],[98.632179,19.152433],[98.632312,19.152869],[98.632493,19.153134],[98.632649,19.153446],[98.632806,19.15379],[98.632987,19.154147],[98.633228,19.154584],[98.633373,19.154977],[98.633517,19.155574],[98.633421,19.155804],[98.633191,19.155942],[98.632804,19.156241],[98.632284,19.156471],[98.63191,19.156642],[98.631656,19.156768],[98.631462,19.156767],[98.631257,19.156688],[98.631004,19.156502],[98.63069,19.1564],[98.630363,19.156388],[98.629917,19.156306],[98.629445,19.156305],[98.629035,19.15627],[98.62866,19.156283],[98.62831,19.156338],[98.62802,19.156453],[98.62756,19.156615],[98.627186,19.156741],[98.626908,19.156808],[98.626557,19.156866],[98.6264,19.156832],[98.626111,19.156727],[98.625857,19.156634],[98.625567,19.156633],[98.625108,19.156725],[98.624649,19.156783],[98.62396,19.157023],[98.623271,19.157311],[98.622582,19.157447],[98.622159,19.157632],[98.621796,19.157848],[98.621434,19.158263],[98.621252,19.158538],[98.621252,19.158825],[98.621276,19.159148],[98.621445,19.159619],[98.621444,19.159745],[98.62136,19.159849],[98.621203,19.159952],[98.620997,19.160067],[98.620768,19.160126],[98.62055,19.160159],[98.620212,19.160215],[98.619837,19.160444],[98.619462,19.160618],[98.619269,19.160848],[98.61922,19.161031],[98.619256,19.161399],[98.619268,19.161652],[98.619364,19.162009],[98.619557,19.162423],[98.619871,19.162837],[98.619835,19.162896],[98.619883,19.163194],[98.619907,19.163447],[98.619894,19.163757],[98.619906,19.164229],[98.619978,19.16485],[98.620087,19.165287],[98.620255,19.165714],[98.620412,19.166139],[98.620593,19.16668],[98.620725,19.167163],[98.620833,19.167656],[98.620894,19.168083],[98.620857,19.168404],[98.620736,19.168715],[98.620554,19.168909],[98.62024,19.169083],[98.620011,19.169127],[98.619769,19.169127],[98.619443,19.169115],[98.619201,19.169117],[98.618959,19.16908],[98.618706,19.168989],[98.618464,19.16884],[98.618066,19.168724],[98.617607,19.168666],[98.617208,19.168516],[98.616701,19.168492],[98.616266,19.168559],[98.615854,19.16871],[98.615287,19.168903],[98.615045,19.169133],[98.6145,19.169776],[98.614234,19.17003],[98.614029,19.170168],[98.613558,19.170305],[98.613207,19.170327],[98.612772,19.17043],[98.612494,19.170614],[98.612337,19.170763],[98.611998,19.171201],[98.610439,19.171681],[98.609798,19.171772],[98.609206,19.171909],[98.608686,19.172104],[98.608118,19.172379],[98.607744,19.17254],[98.607466,19.172793],[98.607223,19.173149],[98.607006,19.173644],[98.606933,19.173976],[98.606945,19.174321],[98.607065,19.174654],[98.607234,19.174988],[98.60739,19.175276],[98.60762,19.175588],[98.607825,19.175921],[98.607982,19.176196],[98.608223,19.17661],[98.608404,19.176923],[98.608488,19.177314],[98.6085,19.177612],[98.608427,19.178014],[98.608318,19.178255],[98.608052,19.178544],[98.607847,19.178693],[98.607544,19.17883],[98.607218,19.178967],[98.606807,19.179129],[98.606444,19.17937],[98.606214,19.17969],[98.605985,19.179931],[98.605706,19.180161],[98.605428,19.180574],[98.60515,19.180759],[98.604763,19.180839],[98.604292,19.18085],[98.603821,19.180849],[98.603325,19.180999],[98.602926,19.181136],[98.602648,19.18133],[98.602382,19.181629],[98.602044,19.181927],[98.601741,19.182179],[98.601269,19.182605],[98.600798,19.182857],[98.600387,19.183087],[98.600061,19.183201],[98.598973,19.183466],[98.598296,19.183487],[98.597498,19.183659],[98.597075,19.183748],[98.596822,19.183841],[98.596568,19.184003],[98.596362,19.184185],[98.596036,19.184347],[98.595769,19.184656],[98.595528,19.184852],[98.594983,19.185104],[98.594536,19.185401],[98.59398,19.185619],[98.593279,19.185837],[98.592699,19.185976],[98.591949,19.186134],[98.591297,19.186375],[98.590535,19.186373],[98.590523,19.186373],[98.590294,19.186327],[98.589798,19.186281],[98.589267,19.186153],[98.588651,19.18614],[98.587031,19.186254],[98.586342,19.186357],[98.585786,19.186541],[98.585375,19.186908],[98.585109,19.187262],[98.58477,19.187688],[98.584564,19.187896],[98.584093,19.188159],[98.58373,19.188285],[98.583307,19.188399],[98.582727,19.188536],[98.582389,19.188639],[98.582171,19.188823],[98.581977,19.189133],[98.581795,19.189396],[98.58188,19.189858],[98.581892,19.189858],[98.581734,19.190122],[98.581419,19.19095],[98.581165,19.191444],[98.580802,19.192087],[98.580644,19.192478],[98.580075,19.193373],[98.57976,19.19396],[98.579579,19.194421],[98.579397,19.194741],[98.579094,19.195269],[98.578768,19.195524],[98.578513,19.195855],[98.578284,19.196133],[98.57786,19.196728],[98.577714,19.197166],[98.57763,19.197534],[98.577556,19.197877],[98.577496,19.198282],[98.577435,19.198487],[98.577531,19.198603],[98.577483,19.198889],[98.577421,19.199901],[98.577288,19.200522],[98.57713,19.20089],[98.576803,19.201753],[98.576597,19.202016],[98.576234,19.20228],[98.575956,19.202498],[98.575641,19.202787],[98.575376,19.202902],[98.574928,19.203257],[98.574517,19.203566],[98.574093,19.203899],[98.573598,19.204197],[98.572981,19.204426],[98.572377,19.204598],[98.571809,19.204689],[98.571216,19.204907],[98.571325,19.204919],[98.571095,19.204988],[98.570793,19.205114],[98.570491,19.205204],[98.57014,19.205343],[98.569693,19.205595],[98.56939,19.205836],[98.569112,19.206215],[98.568857,19.206675],[98.568724,19.206996],[98.568578,19.207409],[98.568457,19.207892],[98.56836,19.208353],[98.56825,19.208951],[98.568201,19.209502],[98.568189,19.210008],[98.56826,19.210571],[98.568284,19.211021],[98.56838,19.211412],[98.568452,19.211758],[98.568561,19.21209],[98.568754,19.212436],[98.568862,19.21285],[98.568982,19.213402],[98.569091,19.213689],[98.569223,19.214069],[98.569307,19.214369],[98.569379,19.214794],[98.569391,19.215266],[98.569391,19.215587],[98.569367,19.21568]]]},"properties":{"Admin_code":"580307","T_Name_T":"ตำบลโป่งสา","T_Name_E":"TAMBON PONG SA","Source_Nam":"DOPA","Source_dat":1388361600000}},{"type":"Feature","geometry":{"type":"Polygon","coordinates":[[[98.419957,19.696049],[98.419866,19.696051],[98.419668,19.696002],[98.419332,19.695922],[98.419017,19.695716],[98.418775,19.695392],[98.418558,19.695057],[98.418012,19.694965],[98.417502,19.694904],[98.416883,19.694776],[98.41658,19.694567],[98.416132,19.694152],[98.415721,19.693749],[98.41531,19.69332],[98.415068,19.693044],[98.414607,19.692972],[98.414108,19.693097],[98.413695,19.693326],[98.413293,19.693589],[98.412818,19.693793],[98.412284,19.693954],[98.411748,19.694169],[98.410885,19.694476],[98.409743,19.69468],[98.408771,19.694745],[98.40792,19.694812],[98.406973,19.694818],[98.406426,19.695001],[98.406109,19.695276],[98.405902,19.695539],[98.405682,19.695907],[98.405486,19.696331],[98.405302,19.696814],[98.405106,19.697238],[98.404994,19.697963],[98.404955,19.698559],[98.404819,19.699112],[98.404659,19.699685],[98.404439,19.700191],[98.404292,19.700387],[98.403745,19.700602],[98.403113,19.700738],[98.402383,19.700929],[98.401654,19.701054],[98.400986,19.701133],[98.399941,19.701256],[98.398883,19.701458],[98.398033,19.701672],[98.397485,19.701959],[98.396998,19.702256],[98.396693,19.702702],[98.396546,19.703002],[98.396169,19.703114],[98.395537,19.703159],[98.394893,19.703258],[98.39397,19.703244],[98.393654,19.703288],[98.393447,19.703495],[98.393422,19.703737],[98.393409,19.703909],[98.393311,19.70415],[98.393165,19.704172],[98.392776,19.704126],[98.392448,19.7041],[98.391963,19.70396],[98.391393,19.70389],[98.391017,19.703623],[98.390788,19.703346],[98.39057,19.703036],[98.390233,19.702436],[98.389809,19.701996],[98.389203,19.701651],[98.388683,19.701292],[98.388235,19.700945],[98.387908,19.700725],[98.387229,19.700469],[98.386804,19.700341],[98.386488,19.700397],[98.386148,19.700466],[98.385881,19.700499],[98.385249,19.700553],[98.384763,19.700599],[98.384495,19.700677],[98.383937,19.700652],[98.382906,19.700269],[98.382737,19.699968],[98.382156,19.699381],[98.381831,19.698908],[98.381528,19.698561],[98.381189,19.6984],[98.380728,19.698272],[98.380291,19.698256],[98.379902,19.698266],[98.379222,19.698219],[98.378676,19.698009],[98.378143,19.697915],[98.377621,19.697671],[98.377124,19.697453],[98.376579,19.697128],[98.376144,19.696654],[98.375345,19.696019],[98.374826,19.695373],[98.37456,19.694832],[98.37432,19.694174],[98.374213,19.693667],[98.373877,19.69262],[98.373552,19.692068],[98.373238,19.691446],[98.372634,19.690788],[98.372175,19.690211],[98.371752,19.689737],[98.371181,19.689631],[98.370745,19.689548],[98.370186,19.689571],[98.369615,19.689626],[98.369359,19.689796],[98.369091,19.69006],[98.368835,19.690289],[98.368409,19.690493],[98.367654,19.691078],[98.36719,19.691582],[98.366995,19.691776],[98.366558,19.69189],[98.366217,19.691934],[98.365998,19.692082],[98.365791,19.6923],[98.365656,19.69253],[98.365619,19.692795],[98.365641,19.693152],[98.365495,19.693393],[98.365264,19.693494],[98.36479,19.693573],[98.36406,19.69372],[98.363501,19.69381],[98.362651,19.693805],[98.36168,19.693894],[98.360696,19.693925],[98.360149,19.693912],[98.359615,19.693873],[98.359118,19.693745],[98.358656,19.693789],[98.358401,19.69388],[98.358327,19.694065],[98.358154,19.694731],[98.357898,19.695006],[98.357569,19.695384],[98.357216,19.695611],[98.356693,19.695761],[98.356267,19.69585],[98.355879,19.695837],[98.355393,19.695742],[98.354969,19.695558],[98.354388,19.695188],[98.353248,19.694734],[98.352205,19.694511],[98.351076,19.694231],[98.350251,19.694124],[98.349668,19.694168],[98.349279,19.694338],[98.349059,19.694509],[98.348913,19.694772],[98.348838,19.695084],[98.34874,19.695427],[98.348738,19.695807],[98.348603,19.69629],[98.348492,19.696657],[98.348381,19.697082],[98.348197,19.697438],[98.347892,19.697724],[98.347575,19.697953],[98.347077,19.6981],[98.346372,19.698179],[98.345679,19.69836],[98.345255,19.698243],[98.344915,19.698081],[98.344673,19.697906],[98.344346,19.697618],[98.344056,19.697457],[98.343582,19.697466],[98.343156,19.697648],[98.342803,19.697841],[98.342281,19.697909],[98.341734,19.697859],[98.341152,19.697627],[98.340462,19.697292],[98.339686,19.697],[98.338874,19.696595],[98.338511,19.696352],[98.338354,19.695994],[98.338271,19.695626],[98.338176,19.69504],[98.338009,19.694441],[98.337829,19.693968],[98.337465,19.693829],[98.336991,19.693735],[98.336554,19.693733],[98.336153,19.6938],[98.335546,19.693833],[98.334805,19.693887],[98.334051,19.694101],[98.333492,19.694169],[98.333067,19.69412],[98.332849,19.694074],[98.332509,19.694073],[98.332375,19.694118],[98.332314,19.694314],[98.332325,19.694544],[98.332385,19.69475],[98.332505,19.695015],[98.332626,19.695167],[98.332722,19.695305],[98.332745,19.695544],[98.332647,19.695856],[98.332537,19.696063],[98.332305,19.696212],[98.331916,19.696474],[98.331465,19.69669],[98.331112,19.696885],[98.330626,19.696996],[98.330164,19.697087],[98.329593,19.697107],[98.329168,19.697151],[98.32873,19.697253],[98.328536,19.697334],[98.328329,19.697505],[98.328048,19.697757],[98.327817,19.697939],[98.327476,19.6981],[98.32705,19.698236],[98.326491,19.698383],[98.325957,19.698415],[98.325058,19.698457],[98.32428,19.698466],[98.323661,19.698404],[98.322946,19.698183],[98.322025,19.697777],[98.321261,19.697336],[98.320729,19.696898],[98.320463,19.696506],[98.320259,19.696148],[98.320017,19.695872],[98.319459,19.695673],[98.319169,19.695362],[98.318819,19.694957],[98.318493,19.694497],[98.318155,19.694023],[98.317683,19.69355],[98.317369,19.693318],[98.317066,19.693168],[98.316835,19.693133],[98.316593,19.693121],[98.316434,19.693154],[98.316119,19.693175],[98.315669,19.693208],[98.315159,19.693172],[98.314674,19.693032],[98.3143,19.6925],[98.313986,19.692085],[98.313721,19.691612],[98.313565,19.691279],[98.31325,19.690966],[98.312863,19.690757],[98.312494,19.690573],[98.31216,19.690363],[98.311882,19.690225],[98.311457,19.690004],[98.31107,19.689761],[98.310682,19.689621],[98.310342,19.689527],[98.309784,19.689469],[98.309518,19.689319],[98.309382,19.689115],[98.309337,19.688936],[98.309326,19.68873],[98.309269,19.688495],[98.309097,19.68828],[98.30877,19.688048],[98.308678,19.687994],[98.309005,19.687686],[98.309049,19.687656],[98.309093,19.687629],[98.309138,19.687602],[98.309184,19.687578],[98.30923,19.687553],[98.309277,19.687531],[98.309325,19.687511],[98.309374,19.68749],[98.309423,19.68747],[98.309473,19.687452],[98.309523,19.687435],[98.309573,19.687419],[98.309624,19.687401],[98.309674,19.687385],[98.309725,19.687368],[98.309775,19.687352],[98.309826,19.687334],[98.309876,19.687316],[98.309925,19.687298],[98.309974,19.687278],[98.310023,19.68726],[98.310072,19.68724],[98.310121,19.68722],[98.310169,19.687198],[98.310218,19.687177],[98.310266,19.687157],[98.310314,19.687135],[98.310363,19.687115],[98.310411,19.687092],[98.310459,19.687072],[98.310507,19.68705],[98.310555,19.687027],[98.310603,19.687007],[98.310652,19.686985],[98.3107,19.686962],[98.310748,19.686942],[98.310796,19.68692],[98.310844,19.686897],[98.310892,19.686877],[98.31094,19.686855],[98.310988,19.686832],[98.311036,19.68681],[98.311084,19.686788],[98.311133,19.686765],[98.311181,19.686745],[98.311228,19.686723],[98.311276,19.6867],[98.311325,19.68668],[98.311373,19.686658],[98.311421,19.686635],[98.311469,19.686615],[98.311517,19.686593],[98.311565,19.68657],[98.311613,19.686548],[98.311661,19.686528],[98.311709,19.686505],[98.311757,19.686483],[98.311805,19.686461],[98.311853,19.68644],[98.311901,19.686418],[98.311949,19.686396],[98.311997,19.686373],[98.312045,19.686353],[98.312093,19.686331],[98.312141,19.686308],[98.312189,19.686288],[98.312237,19.686266],[98.312285,19.686243],[98.312333,19.686221],[98.312381,19.686201],[98.312429,19.686178],[98.312477,19.686156],[98.312525,19.686136],[98.312574,19.686116],[98.312622,19.686093],[98.31267,19.686071],[98.312718,19.686048],[98.312766,19.686028],[98.312814,19.686006],[98.312862,19.685983],[98.31291,19.685961],[98.312958,19.685939],[98.313005,19.685918],[98.313054,19.685896],[98.313101,19.685874],[98.313149,19.685851],[98.313197,19.685829],[98.313245,19.685809],[98.313293,19.685786],[98.313342,19.685764],[98.31339,19.685744],[98.313438,19.685721],[98.313486,19.685699],[98.313534,19.685679],[98.313582,19.685656],[98.31363,19.685636],[98.313679,19.685614],[98.313727,19.685594],[98.313776,19.685573],[98.313824,19.685551],[98.313873,19.685531],[98.313921,19.685511],[98.31397,19.685491],[98.314019,19.68547],[98.314068,19.68545],[98.314117,19.68543],[98.314166,19.68541],[98.314215,19.685392],[98.314265,19.685374],[98.314314,19.685356],[98.314364,19.685339],[98.314414,19.685321],[98.314464,19.685303],[98.314514,19.685285],[98.314564,19.685267],[98.314614,19.685249],[98.314664,19.685233],[98.314714,19.685216],[98.314764,19.685198],[98.314814,19.685182],[98.314864,19.685164],[98.314914,19.685146],[98.314964,19.685128],[98.315014,19.685111],[98.315064,19.685093],[98.315114,19.685075],[98.315163,19.685057],[98.315213,19.685039],[98.315262,19.685019],[98.315312,19.685001],[98.315361,19.684983],[98.315411,19.684963],[98.31546,19.684945],[98.31551,19.684927],[98.315559,19.684907],[98.315609,19.684889],[98.315658,19.684869],[98.315708,19.684851],[98.315757,19.684833],[98.315806,19.684813],[98.315856,19.684795],[98.315905,19.684775],[98.315955,19.684757],[98.316004,19.684737],[98.316053,19.684719],[98.316102,19.684699],[98.316152,19.684681],[98.316201,19.684661],[98.31625,19.684641],[98.316299,19.684623],[98.316348,19.684603],[98.316397,19.684583],[98.316446,19.684563],[98.316495,19.684542],[98.316544,19.684524],[98.316593,19.684504],[98.316642,19.684484],[98.31669,19.684464],[98.316739,19.684444],[98.316788,19.684422],[98.316836,19.684401],[98.316885,19.684381],[98.316934,19.684361],[98.316982,19.684341],[98.317031,19.684319],[98.317079,19.684298],[98.317127,19.684278],[98.317176,19.684256],[98.317224,19.684236],[98.317273,19.684213],[98.317321,19.684193],[98.317369,19.684171],[98.317417,19.684151],[98.317465,19.684128],[98.317514,19.684108],[98.317562,19.684086],[98.31761,19.684063],[98.317658,19.684043],[98.317707,19.684021],[98.317755,19.684],[98.317803,19.683978],[98.317851,19.683956],[98.317899,19.683935],[98.317947,19.683913],[98.317995,19.683891],[98.318043,19.683868],[98.318091,19.683848],[98.318139,19.683826],[98.318187,19.683803],[98.318235,19.683781],[98.318283,19.683761],[98.318331,19.683738],[98.318379,19.683716],[98.318427,19.683696],[98.318475,19.683673],[98.318523,19.683651],[98.318571,19.683629],[98.318619,19.683608],[98.318667,19.683586],[98.318715,19.683564],[98.318763,19.683541],[98.318811,19.683521],[98.318859,19.683499],[98.318907,19.683476],[98.318955,19.683454],[98.319003,19.683431],[98.31905,19.683409],[98.319098,19.683387],[98.319146,19.683364],[98.319194,19.683342],[98.319241,19.683319],[98.319289,19.683297],[98.319337,19.683275],[98.319384,19.683252],[98.319432,19.68323],[98.31948,19.683207],[98.319527,19.683185],[98.319575,19.683162],[98.319623,19.683142],[98.319671,19.68312],[98.319719,19.683097],[98.319766,19.683075],[98.319815,19.683053],[98.319862,19.68303],[98.31991,19.68301],[98.319959,19.682988],[98.320007,19.682965],[98.320055,19.682945],[98.320103,19.682925],[98.320151,19.682903],[98.3202,19.682882],[98.320248,19.682862],[98.320297,19.68284],[98.320345,19.68282],[98.320394,19.6828],[98.320442,19.682777],[98.320491,19.682757],[98.32054,19.682737],[98.320588,19.682717],[98.320637,19.682697],[98.320685,19.682676],[98.320734,19.682654],[98.320783,19.682634],[98.320832,19.682614],[98.32088,19.682594],[98.320929,19.682573],[98.320978,19.682553],[98.321026,19.682533],[98.321075,19.682511],[98.321123,19.682491],[98.321172,19.68247],[98.32122,19.68245],[98.321269,19.682428],[98.321317,19.682408],[98.321366,19.682385],[98.321414,19.682365],[98.321462,19.682345],[98.32151,19.682323],[98.321558,19.682302],[98.321606,19.68228],[98.321654,19.682258],[98.321702,19.682235],[98.32175,19.682213],[98.321798,19.682193],[98.321846,19.68217],[98.321894,19.682148],[98.321942,19.682125],[98.32199,19.682103],[98.322037,19.682081],[98.322085,19.682058],[98.322133,19.682038],[98.322181,19.682016],[98.322229,19.681993],[98.322277,19.681971],[98.322325,19.681951],[98.322373,19.681928],[98.322422,19.681908],[98.32247,19.681886],[98.322519,19.681866],[98.322567,19.681845],[98.322616,19.681823],[98.322664,19.681803],[98.322713,19.681783],[98.322762,19.681763],[98.322811,19.681742],[98.32286,19.681722],[98.322909,19.681702],[98.322958,19.681682],[98.323007,19.681662],[98.323056,19.681644],[98.323105,19.681624],[98.323154,19.681604],[98.323203,19.681586],[98.323252,19.681566],[98.323302,19.681545],[98.323351,19.681528],[98.3234,19.681507],[98.323449,19.68149],[98.323499,19.681469],[98.323548,19.681451],[98.323597,19.681431],[98.323647,19.681413],[98.323696,19.681393],[98.323746,19.681375],[98.323795,19.681358],[98.323844,19.681337],[98.323894,19.681319],[98.323943,19.681299],[98.323993,19.681281],[98.324042,19.681264],[98.324092,19.681243],[98.324141,19.681226],[98.324191,19.681208],[98.32424,19.681188],[98.324289,19.68117],[98.324339,19.681152],[98.324389,19.681134],[98.324438,19.681116],[98.324488,19.681096],[98.324537,19.681078],[98.324587,19.68106],[98.324636,19.681042],[98.324686,19.681024],[98.324735,19.681004],[98.324785,19.680986],[98.324835,19.680968],[98.324885,19.68095],[98.324934,19.680933],[98.324984,19.680915],[98.325034,19.680897],[98.325084,19.680879],[98.325133,19.680861],[98.325183,19.680843],[98.325233,19.680825],[98.325283,19.680807],[98.325333,19.680789],[98.325383,19.680772],[98.325433,19.680754],[98.325483,19.680738],[98.325533,19.68072],[98.325583,19.680702],[98.325632,19.680684],[98.325682,19.680667],[98.325732,19.680649],[98.325782,19.680631],[98.325832,19.680613],[98.325882,19.680595],[98.325932,19.680577],[98.325982,19.680559],[98.326032,19.680541],[98.326082,19.680526],[98.326132,19.680508],[98.326182,19.68049],[98.326232,19.680472],[98.326282,19.680454],[98.326333,19.680439],[98.326383,19.680421],[98.326433,19.680405],[98.326484,19.680389],[98.326534,19.680374],[98.326585,19.680358],[98.326636,19.680343],[98.326687,19.680329],[98.326738,19.680316],[98.326789,19.680302],[98.32684,19.680289],[98.326892,19.680278],[98.326944,19.680267],[98.326995,19.680256],[98.327048,19.680245],[98.3271,19.680236],[98.327152,19.680227],[98.327205,19.680218],[98.327257,19.680209],[98.32731,19.6802],[98.327363,19.680194],[98.327415,19.680185],[98.327468,19.680178],[98.327521,19.68017],[98.327574,19.680163],[98.327626,19.680154],[98.327679,19.680145],[98.327731,19.680137],[98.327784,19.680128],[98.327836,19.680119],[98.327888,19.680108],[98.32794,19.680097],[98.327992,19.680086],[98.328044,19.680072],[98.328095,19.680061],[98.328147,19.680048],[98.328198,19.680034],[98.328249,19.680021],[98.328301,19.680008],[98.328352,19.679994],[98.328403,19.679981],[98.328454,19.679965],[98.328505,19.679952],[98.328556,19.679936],[98.328607,19.679921],[98.328658,19.679907],[98.328709,19.679892],[98.328759,19.679876],[98.32881,19.67986],[98.328861,19.679845],[98.328911,19.679829],[98.328962,19.679814],[98.329013,19.679798],[98.329063,19.679782],[98.329114,19.679767],[98.329164,19.679751],[98.329215,19.679735],[98.329265,19.679718],[98.329315,19.679702],[98.329365,19.679684],[98.329415,19.679668],[98.329466,19.679651],[98.329516,19.679633],[98.329566,19.679617],[98.329616,19.679599],[98.329666,19.679581],[98.329716,19.679563],[98.329766,19.679548],[98.329816,19.67953],[98.329866,19.679512],[98.329916,19.679494],[98.329966,19.679478],[98.330016,19.679461],[98.330066,19.679445],[98.330116,19.679427],[98.330167,19.679411],[98.330217,19.679394],[98.330268,19.679378],[98.330318,19.679362],[98.330368,19.679347],[98.330419,19.679329],[98.330469,19.679313],[98.33052,19.679298],[98.33057,19.679282],[98.330621,19.679266],[98.330672,19.679251],[98.330722,19.679235],[98.330773,19.679219],[98.330824,19.679204],[98.330874,19.679188],[98.330925,19.679175],[98.330976,19.679159],[98.331027,19.679144],[98.331078,19.67913],[98.331129,19.679115],[98.33118,19.679101],[98.331231,19.679086],[98.331282,19.679072],[98.331333,19.679059],[98.331385,19.679045],[98.331436,19.67903],[98.331487,19.679016],[98.331539,19.679005],[98.331591,19.678992],[98.331642,19.678979],[98.331694,19.678968],[98.331746,19.678956],[98.331797,19.678943],[98.331849,19.678932],[98.331901,19.678921],[98.331953,19.678908],[98.332005,19.678896],[98.332057,19.678885],[98.332108,19.678874],[98.33216,19.678863],[98.332212,19.678852],[98.332264,19.678841],[98.332316,19.67883],[98.332368,19.678819],[98.33242,19.678808],[98.332472,19.678794],[98.332524,19.678783],[98.332599,19.678768],[98.332651,19.678756],[98.332703,19.678745],[98.332755,19.678734],[98.332807,19.678723],[98.332859,19.678712],[98.332911,19.678701],[98.332963,19.67869],[98.333015,19.678679],[98.333067,19.678668],[98.333119,19.678657],[98.333171,19.678648],[98.333223,19.678637],[98.333275,19.678626],[98.333327,19.678614],[98.333379,19.678603],[98.333431,19.678592],[98.333483,19.678581],[98.333535,19.678572],[98.333587,19.678561],[98.333639,19.67855],[98.333691,19.678541],[98.333744,19.67853],[98.333796,19.678521],[98.333848,19.678512],[98.333901,19.678504],[98.333953,19.678495],[98.334006,19.678486],[98.334058,19.678477],[98.334111,19.678466],[98.334163,19.678457],[98.334215,19.678448],[98.334267,19.678439],[98.33432,19.678431],[98.334372,19.678422],[98.334424,19.678411],[98.334476,19.6784],[98.334529,19.678391],[98.33458,19.67838],[98.334632,19.678366],[98.334684,19.678355],[98.334735,19.678342],[98.334786,19.678328],[98.334838,19.678315],[98.334889,19.678302],[98.334941,19.678288],[98.334993,19.678275],[98.335044,19.678264],[98.335096,19.678255],[98.335149,19.678244],[98.335201,19.67824],[98.335255,19.678238],[98.335308,19.678238],[98.335362,19.678236],[98.335416,19.678234],[98.335468,19.678227],[98.335519,19.678218],[98.335571,19.678205],[98.335621,19.678189],[98.335672,19.678174],[98.335722,19.678156],[98.335772,19.678138],[98.335823,19.67812],[98.335873,19.678107],[98.335924,19.678091],[98.335975,19.678075],[98.336026,19.67806],[98.336076,19.678042],[98.336126,19.678024],[98.336175,19.678006],[98.336224,19.677986],[98.336272,19.677966],[98.33632,19.677943],[98.336368,19.677921],[98.336416,19.677898],[98.336464,19.677876],[98.336511,19.677854],[98.336558,19.677831],[98.336605,19.677806],[98.336652,19.677782],[98.336699,19.677757],[98.336745,19.677732],[98.336793,19.677712],[98.336842,19.677692],[98.336892,19.677677],[98.336944,19.677665],[98.336996,19.677654],[98.337049,19.677645],[98.337101,19.677637],[98.337153,19.677623],[98.337205,19.677612],[98.337258,19.677601],[98.33731,19.677592],[98.337362,19.677579],[98.337414,19.677568],[98.337464,19.677552],[98.337514,19.677534],[98.337563,19.677514],[98.337611,19.677492],[98.337658,19.677467],[98.337702,19.677438],[98.337744,19.677409],[98.337783,19.677373],[98.33782,19.677334],[98.337853,19.677294],[98.33788,19.677251],[98.337894,19.677206],[98.33788,19.677154],[98.337859,19.677106],[98.337835,19.677061],[98.337809,19.677018],[98.337779,19.676975],[98.337746,19.676936],[98.337712,19.676898],[98.337676,19.676859],[98.33764,19.676823],[98.337603,19.676787],[98.337564,19.676753],[98.337525,19.676719],[98.337486,19.676682],[98.337446,19.676651],[98.337406,19.676617],[98.337365,19.676585],[98.337324,19.676553],[98.337282,19.676521],[98.33724,19.676489],[98.337198,19.676458],[98.337156,19.676428],[98.337113,19.676399],[98.337069,19.676367],[98.337026,19.67634],[98.336981,19.676312],[98.336937,19.676283],[98.336892,19.676258],[98.336846,19.676231],[98.336801,19.676203],[98.336756,19.676176],[98.336711,19.676151],[98.336666,19.676124],[98.336621,19.676096],[98.336577,19.676069],[98.336533,19.67604],[98.33649,19.676012],[98.336446,19.675983],[98.336403,19.675953],[98.336361,19.675924],[98.336317,19.675892],[98.336275,19.675862],[98.336232,19.675833],[98.336188,19.675803],[98.336145,19.675774],[98.336102,19.675744],[98.336058,19.675715],[98.336013,19.675687],[98.335969,19.675658],[98.335925,19.675631],[98.33588,19.675603],[98.335836,19.675576],[98.335792,19.675547],[98.335747,19.675519],[98.335703,19.675492],[98.335659,19.675463],[98.335616,19.675433],[98.335573,19.675403],[98.33553,19.675374],[98.335486,19.675344],[98.335442,19.675317],[98.335398,19.675288],[98.335354,19.675263],[98.335308,19.675235],[98.335261,19.67521],[98.335214,19.675188],[98.335167,19.675163],[98.335121,19.675137],[98.335075,19.675112],[98.33503,19.675085],[98.334987,19.675056],[98.334944,19.675026],[98.334901,19.674994],[98.334858,19.674965],[98.334816,19.674931],[98.334776,19.674897],[98.334737,19.674863],[98.334702,19.674824],[98.33467,19.674786],[98.33464,19.674745],[98.334614,19.674702],[98.334588,19.674659],[98.334565,19.674614],[98.334543,19.674568],[98.334522,19.674521],[98.334501,19.674473],[98.33448,19.674426],[98.334459,19.67438],[98.334437,19.674333],[98.334415,19.674288],[98.334392,19.674242],[98.33437,19.674197],[98.334348,19.67415],[98.334327,19.674104],[98.334305,19.674059],[98.334283,19.674012],[98.334261,19.673966],[98.334239,19.673921],[98.334217,19.673874],[98.334196,19.673828],[98.334175,19.673781],[98.334152,19.673735],[98.334126,19.673692],[98.334097,19.673649],[98.334064,19.673609],[98.334031,19.67357],[98.333997,19.673529],[98.333966,19.673489],[98.333938,19.673446],[98.333916,19.6734],[98.333898,19.673355],[98.333883,19.673305],[98.333871,19.673256],[98.333861,19.673206],[98.333852,19.673156],[98.333845,19.673106],[98.333838,19.673057],[98.333831,19.673007],[98.333826,19.672955],[98.333822,19.672905],[98.33382,19.672853],[98.33382,19.672803],[98.333823,19.672754],[98.333829,19.672702],[98.333838,19.672652],[98.333849,19.672605],[98.333862,19.672555],[98.333877,19.672505],[98.333893,19.672458],[98.333909,19.672408],[98.333926,19.672361],[98.333942,19.672314],[98.333958,19.672266],[98.333975,19.672217],[98.333991,19.672169],[98.334009,19.672122],[98.334028,19.672075],[98.334047,19.672027],[98.334067,19.671982],[98.334088,19.671935],[98.33411,19.67189],[98.334132,19.671845],[98.334155,19.671797],[98.334178,19.671752],[98.334202,19.671707],[98.334226,19.671662],[98.334249,19.671617],[98.334273,19.671572],[98.334297,19.671527],[98.334321,19.671481],[98.334345,19.671436],[98.334369,19.671391],[98.334393,19.671346],[98.334417,19.671301],[98.334441,19.671256],[98.334467,19.671213],[98.334492,19.671168],[98.334518,19.671123],[98.334544,19.671078],[98.334569,19.671035],[98.334595,19.67099],[98.33462,19.670945],[98.334646,19.6709],[98.334673,19.670855],[98.334701,19.670812],[98.334731,19.670771],[98.334762,19.670731],[98.334795,19.670693],[98.334831,19.670657],[98.334868,19.670621],[98.334906,19.670585],[98.334945,19.670551],[98.334986,19.670517],[98.335027,19.670486],[98.335069,19.670454],[98.335112,19.670423],[98.335155,19.670393],[98.335199,19.670364],[98.335244,19.670335],[98.335288,19.670308],[98.335334,19.670283],[98.335381,19.670261],[98.335429,19.670239],[98.335478,19.670218],[98.335527,19.670198],[98.335577,19.670178],[98.335626,19.67016],[98.335676,19.67014],[98.335725,19.67012],[98.335773,19.670097],[98.335821,19.670077],[98.33587,19.670057],[98.335919,19.670037],[98.335967,19.670015],[98.336016,19.669994],[98.336064,19.669974],[98.336113,19.669954],[98.336162,19.669934],[98.33621,19.669912],[98.336258,19.669891],[98.336306,19.669869],[98.336355,19.669849],[98.336403,19.669826],[98.33645,19.669804],[98.336498,19.669779],[98.336544,19.669755],[98.336589,19.66973],[98.336634,19.669703],[98.33668,19.669676],[98.336725,19.669647],[98.336769,19.66962],[98.336812,19.669591],[98.336854,19.669559],[98.336893,19.669523],[98.33693,19.669487],[98.336964,19.669449],[98.336996,19.669408],[98.337026,19.669368],[98.337055,19.669325],[98.337082,19.66928],[98.337108,19.669237],[98.337131,19.669192],[98.337153,19.669145],[98.337173,19.6691],[98.337194,19.669052],[98.337215,19.669005],[98.337238,19.66896],[98.337263,19.668915],[98.33729,19.668872],[98.337319,19.668829],[98.337349,19.668788],[98.33738,19.668746],[98.33741,19.668705],[98.337442,19.668665],[98.337474,19.668624],[98.337505,19.668583],[98.337538,19.668543],[98.33757,19.668502],[98.337602,19.668462],[98.337634,19.668421],[98.337666,19.668381],[98.337697,19.66834],[98.337728,19.6683],[98.337759,19.668259],[98.337789,19.668216],[98.337818,19.668173],[98.337846,19.668133],[98.337874,19.668088],[98.3379,19.668045],[98.337925,19.668002],[98.33795,19.667957],[98.337974,19.667912],[98.337996,19.667867],[98.338019,19.66782],[98.33804,19.667774],[98.338062,19.667727],[98.338082,19.667682],[98.338103,19.667635],[98.338123,19.667587],[98.338143,19.667542],[98.338164,19.667495],[98.338184,19.667447],[98.338204,19.6674],[98.338225,19.667355],[98.338246,19.667308],[98.338267,19.667262],[98.338289,19.667215],[98.338311,19.66717],[98.338334,19.667123],[98.338356,19.667078],[98.338379,19.667032],[98.338402,19.666987],[98.338424,19.66694],[98.338447,19.666895],[98.33847,19.66685],[98.338493,19.666805],[98.338516,19.666757],[98.33854,19.666712],[98.338564,19.666667],[98.338588,19.666624],[98.338613,19.666579],[98.338639,19.666534],[98.338664,19.666491],[98.33869,19.666446],[98.338718,19.666403],[98.338745,19.666361],[98.338772,19.666318],[98.338799,19.666275],[98.338828,19.666232],[98.338856,19.666189],[98.338884,19.666146],[98.338912,19.666104],[98.338941,19.666061],[98.33897,19.666018],[98.338999,19.665977],[98.339029,19.665935],[98.339058,19.665892],[98.339088,19.665851],[98.339117,19.665808],[98.339147,19.665766],[98.339176,19.665725],[98.339206,19.665682],[98.339236,19.665642],[98.339266,19.665599],[98.339296,19.665558],[98.339326,19.665515],[98.339356,19.665473],[98.339386,19.665432],[98.339416,19.665389],[98.339446,19.665349],[98.339476,19.665306],[98.339506,19.665265],[98.339537,19.665225],[98.339567,19.665182],[98.339598,19.665141],[98.339629,19.665101],[98.33966,19.665058],[98.33969,19.665018],[98.339721,19.664977],[98.339752,19.664936],[98.339783,19.664894],[98.339814,19.664853],[98.339845,19.664813],[98.339875,19.664772],[98.339906,19.664729],[98.339937,19.664689],[98.339968,19.664648],[98.339999,19.664608],[98.340029,19.664565],[98.34006,19.664524],[98.34009,19.664484],[98.34012,19.664441],[98.340151,19.6644],[98.340181,19.664357],[98.340211,19.664315],[98.340241,19.664274],[98.340271,19.664231],[98.3403,19.664191],[98.340329,19.664148],[98.340358,19.664105],[98.340387,19.664062],[98.340415,19.664019],[98.340442,19.663977],[98.340469,19.663934],[98.340495,19.663891],[98.340522,19.663846],[98.340547,19.663803],[98.340573,19.663758],[98.340599,19.663713],[98.340624,19.66367],[98.340649,19.663625],[98.340674,19.66358],[98.340699,19.663535],[98.340723,19.663492],[98.340748,19.663447],[98.340772,19.663402],[98.340796,19.663357],[98.34082,19.663312],[98.340844,19.663266],[98.340869,19.663221],[98.340892,19.663176],[98.340915,19.663129],[98.340937,19.663084],[98.340958,19.663036],[98.340979,19.662989],[98.341,19.662942],[98.34102,19.662894],[98.341041,19.662847],[98.341062,19.662802],[98.341083,19.662754],[98.341105,19.662709],[98.341127,19.662662],[98.341151,19.662617],[98.341176,19.662574],[98.341201,19.662531],[98.341229,19.662488],[98.341257,19.662448],[98.34129,19.662407],[98.341325,19.662371],[98.341365,19.662338],[98.341406,19.662306],[98.341449,19.662275],[98.341493,19.662245],[98.341537,19.662216],[98.341581,19.662185],[98.341656,19.662131],[98.341693,19.662095],[98.34173,19.662059],[98.341766,19.662021],[98.341803,19.661984],[98.341839,19.661948],[98.341876,19.66191],[98.341912,19.661874],[98.341949,19.661838],[98.341986,19.661802],[98.342023,19.661764],[98.34206,19.661728],[98.342097,19.661692],[98.342135,19.661658],[98.342173,19.661622],[98.342211,19.661586],[98.34225,19.661552],[98.342289,19.661516],[98.342329,19.661483],[98.342369,19.661449],[98.342409,19.661417],[98.342451,19.661384],[98.342493,19.661354],[98.342536,19.661325],[98.34258,19.661296],[98.342625,19.661271],[98.342671,19.661244],[98.342717,19.66122],[98.342763,19.661195],[98.34281,19.66117],[98.342857,19.661148],[98.342905,19.661126],[98.342953,19.661103],[98.343,19.661081],[98.343048,19.661058],[98.343096,19.661036],[98.343145,19.661013],[98.343193,19.660993],[98.343241,19.660971],[98.343289,19.660951],[98.343338,19.660928],[98.343387,19.660908],[98.343435,19.660888],[98.343484,19.660868],[98.343533,19.66085],[98.343583,19.66083],[98.343632,19.66081],[98.343681,19.660792],[98.34373,19.660772],[98.343779,19.660751],[98.343828,19.660734],[98.343877,19.660713],[98.343926,19.660693],[98.343975,19.660673],[98.344024,19.660653],[98.344073,19.660633],[98.344121,19.66061],[98.344169,19.66059],[98.344217,19.660568],[98.344265,19.660545],[98.344312,19.660523],[98.34436,19.660501],[98.344408,19.660478],[98.344455,19.660456],[98.344503,19.660433],[98.344551,19.660411],[98.344599,19.660391],[98.344648,19.660371],[98.344696,19.66035],[98.344745,19.660328],[98.344794,19.660308],[98.344843,19.660288],[98.344892,19.66027],[98.344941,19.66025],[98.34499,19.660229],[98.345039,19.660209],[98.345088,19.660189],[98.345137,19.660169],[98.345185,19.660149],[98.345234,19.660129],[98.345283,19.660109],[98.345331,19.660088],[98.345379,19.660066],[98.345427,19.660046],[98.345475,19.660023],[98.345523,19.659999],[98.34557,19.659976],[98.345618,19.659954],[98.345666,19.659931],[98.345713,19.659909],[98.34576,19.659884],[98.345808,19.659862],[98.345855,19.65984],[98.345902,19.659815],[98.345949,19.659792],[98.345996,19.659768],[98.346043,19.659745],[98.34609,19.659721],[98.346137,19.659696],[98.346184,19.659674],[98.346231,19.659649],[98.346278,19.659626],[98.346325,19.659602],[98.346372,19.659579],[98.346419,19.659555],[98.346466,19.659532],[98.346513,19.659508],[98.34656,19.659485],[98.346608,19.65946],[98.346655,19.659438],[98.346703,19.659416],[98.34675,19.659393],[98.346797,19.659369],[98.346845,19.659346],[98.346892,19.659324],[98.346939,19.659301],[98.346987,19.659277],[98.347034,19.659254],[98.347082,19.659232],[98.347129,19.659209],[98.347177,19.659187],[98.347224,19.659165],[98.347272,19.65914],[98.34732,19.659117],[98.347367,19.659095],[98.347415,19.659073],[98.347462,19.65905],[98.34751,19.659028],[98.347558,19.659005],[98.347605,19.658983],[98.347653,19.65896],[98.347701,19.658938],[98.347748,19.658916],[98.347796,19.658893],[98.347844,19.658871],[98.347892,19.658848],[98.34794,19.658826],[98.347988,19.658806],[98.348036,19.658783],[98.348084,19.658761],[98.348131,19.658739],[98.348179,19.658716],[98.348227,19.658696],[98.348275,19.658674],[98.348323,19.658651],[98.348371,19.658629],[98.348419,19.658606],[98.348466,19.658584],[98.348514,19.658561],[98.348562,19.658539],[98.34861,19.658517],[98.348658,19.658494],[98.348705,19.658472],[98.348753,19.658449],[98.3488,19.658427],[98.348847,19.658405],[98.348894,19.65838],[98.348942,19.658355],[98.348988,19.658333],[98.349035,19.658308],[98.349082,19.658283],[98.349129,19.658261],[98.349176,19.658236],[98.349223,19.658212],[98.34927,19.658189],[98.349317,19.658165],[98.349365,19.658142],[98.349412,19.65812],[98.34946,19.658097],[98.349508,19.658075],[98.349556,19.658055],[98.349604,19.658035],[98.349653,19.658014],[98.349702,19.657996],[98.349752,19.657976],[98.349801,19.657958],[98.349851,19.657941],[98.349901,19.657923],[98.349951,19.657907],[98.350001,19.657889],[98.350052,19.657873],[98.350102,19.657858],[98.350152,19.65784],[98.350203,19.657824],[98.350254,19.657809],[98.350304,19.657793],[98.350354,19.657777],[98.350405,19.65776],[98.350455,19.657744],[98.350506,19.657726],[98.350556,19.65771],[98.350606,19.657693],[98.350655,19.657675],[98.350705,19.657657],[98.350754,19.657637],[98.350803,19.657619],[98.350853,19.657599],[98.350902,19.657578],[98.350951,19.65756],[98.351,19.65754],[98.351049,19.65752],[98.351098,19.6575],[98.351146,19.65748],[98.351195,19.65746],[98.351244,19.65744],[98.351293,19.657419],[98.351341,19.657397],[98.35139,19.657377],[98.351438,19.657357],[98.351487,19.657336],[98.351536,19.657316],[98.351584,19.657294],[98.351633,19.657274],[98.351681,19.657254],[98.35173,19.657233],[98.351779,19.657213],[98.351827,19.657193],[98.351876,19.657173],[98.351925,19.657153],[98.351974,19.657133],[98.352023,19.657112],[98.352072,19.657092],[98.352121,19.657072],[98.352169,19.657052],[98.352218,19.657032],[98.352267,19.657012],[98.352316,19.656992],[98.352365,19.656971],[98.352414,19.656954],[98.352462,19.656933],[98.352511,19.656913],[98.35256,19.656893],[98.352609,19.656873],[98.352658,19.656853],[98.352708,19.656833],[98.352756,19.656815],[98.352805,19.656795],[98.352855,19.656774],[98.352904,19.656756],[98.352953,19.656736],[98.353002,19.656718],[98.353052,19.656698],[98.353102,19.65668],[98.353151,19.656662],[98.353201,19.656645],[98.353251,19.656629],[98.353301,19.656611],[98.353351,19.656593],[98.353401,19.656575],[98.353451,19.656557],[98.3535,19.656539],[98.35355,19.656522],[98.3536,19.656501],[98.353649,19.656484],[98.353698,19.656461],[98.353747,19.656441],[98.353795,19.656421],[98.353844,19.656401],[98.353892,19.656378],[98.35394,19.656358],[98.353989,19.656336],[98.354037,19.656313],[98.354085,19.656293],[98.354133,19.656271],[98.354181,19.65625],[98.35423,19.65623],[98.354279,19.65621],[98.354327,19.65619],[98.354377,19.65617],[98.354426,19.656154],[98.354476,19.656136],[98.354527,19.656121],[98.354578,19.656105],[98.354629,19.656092],[98.354681,19.656078],[98.354732,19.656067],[98.354785,19.656056],[98.354837,19.656047],[98.35489,19.656041],[98.354943,19.656034],[98.354996,19.65603],[98.35505,19.656028],[98.355103,19.656023],[98.355156,19.656019],[98.355209,19.656015],[98.355262,19.656008],[98.355314,19.655999],[98.355366,19.65599],[98.355417,19.655977],[98.355468,19.655964],[98.355518,19.655946],[98.355568,19.65593],[98.355618,19.65591],[98.355668,19.655892],[98.355717,19.655872],[98.355767,19.655854],[98.355818,19.655838],[98.355869,19.655823],[98.35592,19.655809],[98.355972,19.655796],[98.356024,19.655785],[98.356076,19.655772],[98.356128,19.65576],[98.35618,19.655749],[98.356231,19.655736],[98.356282,19.65572],[98.356332,19.655705],[98.356381,19.655687],[98.356429,19.655667],[98.356475,19.655642],[98.356521,19.655617],[98.356566,19.65559],[98.35661,19.655561],[98.356654,19.655532],[98.356698,19.655503],[98.356742,19.655476],[98.356788,19.655449],[98.356834,19.655422],[98.35688,19.655397],[98.356927,19.655372],[98.356975,19.65535],[98.357022,19.655328],[98.35707,19.655305],[98.357118,19.655281],[98.357165,19.655258],[98.357213,19.655236],[98.35726,19.655211],[98.357306,19.655189],[98.357353,19.655162],[98.357398,19.655137],[98.357443,19.65511],[98.357487,19.655083],[98.35753,19.655054],[98.357571,19.655022],[98.357613,19.654991],[98.357653,19.654959],[98.357694,19.654926],[98.357734,19.654892],[98.357773,19.654858],[98.357813,19.654824],[98.357853,19.654791],[98.357893,19.654757],[98.357933,19.654723],[98.357974,19.654689],[98.358014,19.654658],[98.358054,19.654624],[98.358094,19.65459],[98.358134,19.654557],[98.358174,19.654525],[98.358215,19.654491],[98.358256,19.65446],[98.358297,19.654429],[98.358338,19.654397],[98.35838,19.654366],[98.358421,19.654332],[98.358463,19.6543],[98.358504,19.654269],[98.358546,19.654237],[98.358587,19.654206],[98.358629,19.654174],[98.358671,19.654143],[98.358713,19.654111],[98.358755,19.654082],[98.358797,19.654051],[98.35884,19.654019],[98.358882,19.65399],[98.358925,19.653961],[98.358968,19.653932],[98.359012,19.653902],[98.359055,19.653873],[98.3591,19.653844],[98.359144,19.653817],[98.359189,19.65379],[98.359235,19.653763],[98.35928,19.653738],[98.359326,19.653714],[98.359372,19.653687],[98.359418,19.653662],[98.359465,19.653637],[98.359512,19.653613],[98.359558,19.653588],[98.359605,19.653563],[98.359651,19.653539],[98.359697,19.653514],[98.359744,19.653489],[98.35979,19.653465],[98.359836,19.653438],[98.359881,19.653413],[98.359927,19.653386],[98.359973,19.653361],[98.360019,19.653334],[98.360064,19.65331],[98.36011,19.653283],[98.360156,19.653258],[98.360202,19.653231],[98.360247,19.653207],[98.360293,19.65318],[98.360338,19.653153],[98.360383,19.653126],[98.360428,19.653099],[98.360472,19.653072],[98.360517,19.653045],[98.360561,19.653016],[98.360605,19.652986],[98.360648,19.652955],[98.36069,19.652926],[98.360732,19.652894],[98.360774,19.652863],[98.360816,19.652831],[98.360857,19.6528],[98.360899,19.652768],[98.360941,19.652737],[98.360983,19.652708],[98.361026,19.652676],[98.361069,19.652647],[98.361113,19.65262],[98.361157,19.652591],[98.361202,19.652564],[98.361248,19.652539],[98.361294,19.652512],[98.361339,19.652487],[98.361385,19.652461],[98.361431,19.652434],[98.361475,19.652407],[98.36152,19.65238],[98.361563,19.65235],[98.361605,19.652319],[98.361646,19.652287],[98.361686,19.652254],[98.361725,19.65222],[98.361764,19.652184],[98.361802,19.65215],[98.36184,19.652114],[98.361878,19.652078],[98.361917,19.652044],[98.361957,19.652011],[98.361998,19.651977],[98.362038,19.651945],[98.362079,19.651912],[98.362119,19.65188],[98.36216,19.651847],[98.362201,19.651815],[98.362241,19.651781],[98.362282,19.65175],[98.362322,19.651716],[98.362361,19.651682],[98.362401,19.651649],[98.362439,19.651613],[98.362477,19.651579],[98.362514,19.651543],[98.36255,19.651504],[98.362585,19.651468],[98.362618,19.651428],[98.362651,19.65139],[98.362684,19.651349],[98.362717,19.651309],[98.36275,19.65127],[98.362784,19.65123],[98.362818,19.651191],[98.362853,19.651153],[98.362888,19.651117],[98.362924,19.651079],[98.362961,19.651043],[98.362997,19.651005],[98.363033,19.650969],[98.36307,19.65093],[98.363105,19.650894],[98.363141,19.650856],[98.363175,19.650818],[98.363208,19.650777],[98.36324,19.650737],[98.36327,19.650694],[98.363301,19.650653],[98.363333,19.650613],[98.363366,19.650574],[98.363402,19.650538],[98.363441,19.650505],[98.36348,19.650471],[98.363522,19.650439],[98.363564,19.650408],[98.363608,19.650379],[98.363652,19.650349],[98.363697,19.650323],[98.363742,19.650296],[98.363788,19.650271],[98.363835,19.650246],[98.363883,19.650224],[98.36393,19.650201],[98.363978,19.650179],[98.364027,19.650156],[98.364075,19.650134],[98.364143,19.650103],[98.364193,19.650083],[98.364242,19.650062],[98.364291,19.650042],[98.36434,19.650022],[98.364389,19.650002],[98.364438,19.649984],[98.364488,19.649966],[98.364538,19.649948],[98.364588,19.649933],[98.364639,19.649919],[98.36469,19.649908],[98.364742,19.649897],[98.364794,19.649888],[98.364847,19.649879],[98.3649,19.64987],[98.364953,19.649864],[98.365006,19.649857],[98.365059,19.649851],[98.365112,19.649846],[98.365165,19.64984],[98.365218,19.649838],[98.365271,19.649833],[98.365324,19.649833],[98.365378,19.649831],[98.365431,19.649829],[98.365484,19.649827],[98.365537,19.649825],[98.36559,19.649819],[98.365643,19.649812],[98.365695,19.649801],[98.365747,19.64979],[98.365799,19.649783],[98.365852,19.649777],[98.365905,19.64977],[98.365958,19.649763],[98.366012,19.649759],[98.366065,19.649755],[98.366118,19.649755],[98.36617,19.649757],[98.366223,19.649762],[98.366276,19.649769],[98.366328,19.649778],[98.366381,19.649788],[98.366434,19.649794],[98.366487,19.649801],[98.36654,19.649806],[98.366593,19.649811],[98.366646,19.649813],[98.3667,19.649816],[98.366753,19.649816],[98.366806,19.649814],[98.366859,19.649812],[98.366912,19.649807],[98.366965,19.649801],[98.367018,19.649794],[98.36707,19.649783],[98.367122,19.649772],[98.367174,19.649759],[98.367225,19.649745],[98.367277,19.64973],[98.367327,19.649712],[98.367375,19.649692],[98.367423,19.649669],[98.367467,19.649642],[98.367508,19.649611],[98.367548,19.649577],[98.367587,19.649541],[98.367627,19.649507],[98.367668,19.649478],[98.36771,19.649447],[98.367752,19.649413],[98.367793,19.649381],[98.367834,19.64935],[98.367876,19.649318],[98.367917,19.649287],[98.367959,19.649255],[98.368001,19.649224],[98.368043,19.649192],[98.368085,19.649163],[98.368128,19.649132],[98.368171,19.649103],[98.368215,19.649073],[98.368259,19.649046],[98.368303,19.649019],[98.368349,19.648992],[98.368394,19.648965],[98.368441,19.648941],[98.368487,19.648916],[98.368535,19.648891],[98.368582,19.648869],[98.368631,19.648849],[98.368679,19.648826],[98.368728,19.648809],[98.368778,19.648791],[98.368829,19.648775],[98.368879,19.648759],[98.36893,19.648746],[98.368982,19.64873],[98.369033,19.648717],[98.369084,19.648704],[98.369135,19.648688],[98.369186,19.648672],[98.369236,19.648657],[98.369286,19.648639],[98.369335,19.648619],[98.369385,19.648598],[98.369433,19.648578],[98.369482,19.648558],[98.369531,19.648536],[98.36958,19.648516],[98.369629,19.648498],[98.369679,19.64848],[98.369729,19.648464],[98.36978,19.648451],[98.369832,19.648442],[98.369884,19.648433],[98.369937,19.648424],[98.36999,19.64842],[98.370043,19.648413],[98.370096,19.648409],[98.37015,19.648402],[98.370203,19.648398],[98.370255,19.648391],[98.370308,19.648383],[98.37036,19.648371],[98.370414,19.648363],[98.370468,19.648351],[98.37052,19.64834],[98.370571,19.648325],[98.370619,19.648305],[98.370662,19.648278],[98.370704,19.648248],[98.370744,19.648215],[98.370783,19.648179],[98.37082,19.64814],[98.370855,19.648102],[98.370887,19.648059],[98.370917,19.648019],[98.370944,19.647976],[98.370971,19.647933],[98.370997,19.64789],[98.371022,19.647845],[98.371047,19.6478],[98.371072,19.647757],[98.371096,19.647712],[98.37112,19.647667],[98.371143,19.64762],[98.371167,19.647575],[98.371189,19.647529],[98.371212,19.647484],[98.371234,19.647437],[98.371256,19.647392],[98.371278,19.647344],[98.3713,19.647299],[98.371322,19.647252],[98.371343,19.647207],[98.371365,19.64716],[98.371386,19.647114],[98.371408,19.647067],[98.371429,19.647022],[98.37145,19.646975],[98.371472,19.646929],[98.371493,19.646882],[98.371514,19.646837],[98.371535,19.64679],[98.371555,19.646742],[98.371576,19.646697],[98.371596,19.64665],[98.371615,19.646602],[98.371635,19.646555],[98.371654,19.646508],[98.371672,19.64646],[98.37169,19.646413],[98.371707,19.646366],[98.371724,19.646318],[98.37174,19.646271],[98.371756,19.646221],[98.371771,19.646174],[98.371785,19.646126],[98.371798,19.646077],[98.371811,19.646027],[98.371823,19.64598],[98.371834,19.64593],[98.371845,19.64588],[98.371855,19.645831],[98.371865,19.645781],[98.371875,19.645731],[98.371884,19.645682],[98.371893,19.645632],[98.371902,19.645582],[98.371911,19.645533],[98.37192,19.645483],[98.371929,19.645431],[98.371938,19.645381],[98.371947,19.645332],[98.371957,19.645282],[98.371966,19.645232],[98.371975,19.645183],[98.371983,19.645133],[98.371991,19.645083],[98.371999,19.645034],[98.372006,19.644982],[98.372013,19.644932],[98.372021,19.644882],[98.372029,19.644833],[98.372037,19.644783],[98.372046,19.644733],[98.372055,19.644684],[98.372066,19.644634],[98.372077,19.644584],[98.37209,19.644537],[98.372104,19.644487],[98.372119,19.64444],[98.372136,19.644392],[98.372154,19.644345],[98.372172,19.644298],[98.372191,19.64425],[98.37221,19.644203],[98.37223,19.644156],[98.37225,19.644108],[98.372271,19.644063],[98.37229,19.644016],[98.37231,19.643968],[98.37233,19.643921],[98.372348,19.643874],[98.372366,19.643826],[98.372383,19.643779],[98.3724,19.643729],[98.372417,19.643682],[98.372434,19.643634],[98.37245,19.643587],[98.372467,19.64354],[98.372483,19.64349],[98.3725,19.643443],[98.372516,19.643395],[98.372532,19.643346],[98.372547,19.643298],[98.372563,19.643251],[98.372578,19.643201],[98.372593,19.643154],[98.372608,19.643104],[98.372622,19.643057],[98.372637,19.643007],[98.37265,19.64296],[98.372663,19.64291],[98.372676,19.64286],[98.372688,19.642811],[98.372699,19.642761],[98.372709,19.642714],[98.372719,19.642664],[98.372729,19.642614],[98.372738,19.642565],[98.372748,19.642515],[98.372757,19.642465],[98.372766,19.642416],[98.372776,19.642366],[98.372787,19.642316],[98.372798,19.642267],[98.37281,19.642217],[98.372823,19.64217],[98.372836,19.64212],[98.372849,19.642073],[98.372863,19.642023],[98.372878,19.641976],[98.372892,19.641926],[98.372906,19.641878],[98.372921,19.641829],[98.372936,19.641781],[98.372951,19.641732],[98.372967,19.641684],[98.372982,19.641635],[98.372997,19.641587],[98.373012,19.641538],[98.373027,19.64149],[98.373042,19.641443],[98.373057,19.641393],[98.373072,19.641346],[98.373087,19.641296],[98.373101,19.641249],[98.373115,19.641199],[98.373129,19.64115],[98.373142,19.641102],[98.373156,19.641052],[98.373168,19.641003],[98.37318,19.640955],[98.373193,19.640906],[98.373204,19.640856],[98.373215,19.640806],[98.373226,19.640757],[98.373237,19.640709],[98.373247,19.64066],[98.373258,19.64061],[98.373268,19.64056],[98.373278,19.640511],[98.373288,19.640461],[98.373299,19.640411],[98.373309,19.640362],[98.373319,19.640312],[98.37333,19.640265],[98.37334,19.640215],[98.37335,19.640165],[98.37336,19.640116],[98.37337,19.640066],[98.37338,19.640016],[98.37339,19.639967],[98.3734,19.639917],[98.37341,19.639867],[98.37342,19.639818],[98.37343,19.639768],[98.37344,19.639718],[98.37345,19.639669],[98.373462,19.639619],[98.373475,19.639569],[98.373488,19.63952],[98.373498,19.639472],[98.373496,19.639434],[98.37351,19.639386],[98.373523,19.639337],[98.373537,19.639289],[98.373551,19.63924],[98.373566,19.63919],[98.37358,19.639143],[98.373596,19.639093],[98.373612,19.639046],[98.373629,19.638996],[98.373647,19.638951],[98.373668,19.638904],[98.373693,19.638858],[98.373719,19.638813],[98.373747,19.638768],[98.373774,19.638723],[98.373798,19.638678],[98.37382,19.638633],[98.373836,19.638588],[98.373846,19.638538],[98.373847,19.638488],[98.373841,19.638439],[98.373831,19.638389],[98.373818,19.638337],[98.373804,19.638287],[98.373792,19.63824],[98.37378,19.63819],[98.373767,19.63814],[98.373754,19.638091],[98.37374,19.638043],[98.373725,19.637993],[98.373709,19.637946],[98.37369,19.637898],[98.37367,19.637853],[98.373647,19.637806],[98.373622,19.637763],[98.373594,19.637719],[98.373565,19.637676],[98.373534,19.637636],[98.373503,19.637595],[98.373471,19.637554],[98.373439,19.637513],[98.373408,19.637473],[98.373377,19.637432],[98.373346,19.637391],[98.373314,19.63735],[98.373282,19.63731],[98.373249,19.637269],[98.373215,19.63723],[98.37318,19.637192],[98.373143,19.637155],[98.373104,19.637121],[98.373063,19.63709],[98.37302,19.63706],[98.372977,19.637031],[98.372933,19.637001],[98.372889,19.636972],[98.372847,19.63694],[98.372805,19.636908],[98.372766,19.636876],[98.372729,19.63684],[98.372694,19.636804],[98.372659,19.636765],[98.372625,19.636727],[98.372592,19.636688],[98.372559,19.636647],[98.372527,19.636607],[98.372495,19.636566],[98.372463,19.636525],[98.37243,19.636486],[98.372398,19.636446],[98.372365,19.636407],[98.372332,19.636366],[98.372301,19.636326],[98.372269,19.636285],[98.372237,19.636244],[98.372205,19.636203],[98.372172,19.636165],[98.372139,19.636126],[98.372105,19.636088],[98.37207,19.636047],[98.372034,19.636011],[98.371998,19.635974],[98.371962,19.635936],[98.371925,19.6359],[98.371888,19.635863],[98.371851,19.635827],[98.371814,19.635791],[98.371776,19.635757],[98.371739,19.63572],[98.371701,19.635684],[98.371663,19.635648],[98.371625,19.635614],[98.371586,19.635578],[98.371547,19.635544],[98.371506,19.635512],[98.371465,19.635478],[98.371425,19.635446],[98.371386,19.635412],[98.371348,19.635376],[98.371313,19.635339],[98.371281,19.635301],[98.37125,19.635258],[98.371221,19.635217],[98.371193,19.635172],[98.371167,19.635129],[98.371143,19.635084],[98.371121,19.635036],[98.3711,19.634991],[98.37108,19.634943],[98.371062,19.634896],[98.371046,19.634846],[98.371031,19.634798],[98.371018,19.634749],[98.371007,19.634699],[98.370998,19.634652],[98.37099,19.634602],[98.370983,19.63455],[98.370978,19.6345],[98.370973,19.63445],[98.37097,19.634398],[98.370968,19.634349],[98.370968,19.634299],[98.370969,19.634247],[98.370972,19.6342],[98.370976,19.634148],[98.370983,19.634098],[98.370991,19.634048],[98.371,19.633999],[98.37101,19.633949],[98.371021,19.633899],[98.371032,19.63385],[98.371043,19.6338],[98.371054,19.63375],[98.371064,19.633701],[98.371075,19.633651],[98.371086,19.633601],[98.371098,19.633552],[98.37111,19.633504],[98.371123,19.633455],[98.371136,19.633407],[98.371148,19.633358],[98.37116,19.633308],[98.371171,19.633258],[98.371183,19.633209],[98.371197,19.633159],[98.371212,19.633112],[98.371229,19.633064],[98.371249,19.633017],[98.371272,19.632972],[98.371296,19.632929],[98.371322,19.632884],[98.371349,19.632841],[98.371376,19.632796],[98.371403,19.632753],[98.371431,19.63271],[98.371458,19.632665],[98.371484,19.632622],[98.371509,19.632577],[98.371533,19.632532],[98.371556,19.632487],[98.371579,19.632442],[98.371602,19.632397],[98.371625,19.632349],[98.371647,19.632304],[98.37167,19.632259],[98.371692,19.632212],[98.371714,19.632167],[98.371736,19.632122],[98.371758,19.632074],[98.371781,19.632029],[98.371817,19.631955],[98.371831,19.631905],[98.371844,19.631858],[98.371858,19.631808],[98.371873,19.631761],[98.371887,19.631711],[98.371902,19.631664],[98.371917,19.631614],[98.371932,19.631564],[98.371946,19.631517],[98.371961,19.631467],[98.371975,19.63142],[98.371989,19.63137],[98.372002,19.631321],[98.372015,19.631273],[98.372028,19.631223],[98.372039,19.631174],[98.37205,19.631126],[98.37206,19.631077],[98.37207,19.631027],[98.372078,19.630977],[98.372084,19.630928],[98.372089,19.630878],[98.372092,19.630828],[98.372093,19.630779],[98.372094,19.630727],[98.372093,19.630677],[98.372092,19.630625],[98.372091,19.630575],[98.37209,19.630523],[98.372089,19.630474],[98.372088,19.630424],[98.372088,19.630372],[98.372089,19.630322],[98.372091,19.630273],[98.372094,19.630221],[98.372099,19.630171],[98.372105,19.630119],[98.372111,19.630069],[98.372119,19.63002],[98.372127,19.62997],[98.372137,19.62992],[98.372147,19.629871],[98.372158,19.629821],[98.372169,19.629774],[98.372181,19.629724],[98.372193,19.629674],[98.372206,19.629625],[98.372219,19.629577],[98.372231,19.629528],[98.372244,19.629478],[98.372257,19.62943],[98.372268,19.629381],[98.37228,19.629329],[98.372291,19.629279],[98.372303,19.629232],[98.372314,19.629182],[98.372325,19.629133],[98.372336,19.629083],[98.372347,19.629033],[98.372357,19.628984],[98.372368,19.628934],[98.372378,19.628886],[98.372389,19.628837],[98.372399,19.628787],[98.372409,19.628737],[98.372419,19.628688],[98.372429,19.62864],[98.372438,19.628591],[98.372447,19.628541],[98.372456,19.628491],[98.372464,19.628442],[98.372472,19.628392],[98.37248,19.62834],[98.372489,19.62829],[98.372497,19.628241],[98.372505,19.628191],[98.372514,19.628141],[98.372522,19.628092],[98.372532,19.628042],[98.372541,19.627992],[98.372551,19.627943],[98.372561,19.627893],[98.372572,19.627843],[98.372582,19.627794],[98.372593,19.627746],[98.372603,19.627697],[98.372614,19.627647],[98.372625,19.627597],[98.372636,19.627548],[98.372647,19.627498],[98.372658,19.627448],[98.372669,19.627399],[98.372679,19.627351],[98.37269,19.627302],[98.372701,19.62725],[98.372711,19.6272],[98.37272,19.62715],[98.372729,19.627098],[98.372737,19.627049],[98.372745,19.626999],[98.372753,19.626947],[98.372762,19.626897],[98.372772,19.626848],[98.372783,19.626798],[98.372796,19.626751],[98.372811,19.626701],[98.372828,19.626656],[98.372847,19.626611],[98.372869,19.626566],[98.372893,19.626521],[98.372919,19.626478],[98.372947,19.626435],[98.372976,19.626394],[98.373007,19.626352],[98.373038,19.626311],[98.37307,19.62627],[98.373103,19.62623],[98.373135,19.626187],[98.373168,19.626147],[98.3732,19.626106],[98.373232,19.626065],[98.373262,19.626023],[98.373293,19.625982],[98.373324,19.625939],[98.373354,19.625899],[98.373386,19.625858],[98.373417,19.625818],[98.373448,19.625777],[98.373479,19.625736],[98.37351,19.625694],[98.37354,19.625653],[98.373571,19.625613],[98.373601,19.625572],[98.37363,19.625529],[98.373659,19.625486],[98.373688,19.625444],[98.373717,19.625403],[98.373746,19.62536],[98.373775,19.625317],[98.373804,19.625274],[98.373833,19.625232],[98.373863,19.625191],[98.373893,19.625151],[98.373924,19.625108],[98.373956,19.625067],[98.373989,19.625029],[98.374023,19.624991],[98.374058,19.624952],[98.374093,19.624914],[98.374128,19.624876],[98.374163,19.624837],[98.374198,19.624799],[98.374231,19.624761],[98.374264,19.62472],[98.374295,19.62468],[98.374325,19.624637],[98.374353,19.624594],[98.37438,19.624551],[98.374405,19.624506],[98.37443,19.624461],[98.374453,19.624416],[98.374478,19.624371],[98.3745,19.624324],[98.374518,19.624276],[98.37453,19.624227],[98.374535,19.624177],[98.374538,19.624127],[98.374541,19.624077],[98.374542,19.624028],[98.374541,19.623976],[98.37454,19.623926],[98.374538,19.623876],[98.374536,19.623824],[98.374533,19.623775],[98.374529,19.623723],[98.374525,19.623673],[98.374521,19.623623],[98.374516,19.623574],[98.37451,19.623524],[98.374502,19.623474],[98.374494,19.623424],[98.374484,19.623375],[98.374475,19.623325],[98.374464,19.623275],[98.374454,19.623225],[98.374444,19.623173],[98.374431,19.623124],[98.374417,19.623076],[98.374403,19.623026],[98.374391,19.622977],[98.374381,19.622929],[98.374375,19.62288],[98.374373,19.622828],[98.374373,19.622778],[98.374375,19.622728],[98.374378,19.622676],[98.374381,19.622626],[98.374384,19.622577],[98.374387,19.622525],[98.374392,19.622475],[98.3744,19.622425],[98.374413,19.622376],[98.37443,19.622328],[98.374449,19.622281],[98.374468,19.622234],[98.374489,19.622189],[98.37451,19.622141],[98.374532,19.622094],[98.374554,19.622049],[98.374577,19.622004],[98.374601,19.621959],[98.374626,19.621913],[98.374652,19.621868],[98.374677,19.621826],[98.374704,19.62178],[98.374731,19.621738],[98.374759,19.621695],[98.374788,19.621652],[98.374817,19.621609],[98.374847,19.621569],[98.374877,19.621526],[98.374907,19.621485],[98.374938,19.621445],[98.374969,19.621402],[98.375,19.621361],[98.37503,19.621321],[98.375061,19.621278],[98.375092,19.621237],[98.375121,19.621197],[98.375151,19.621154],[98.375181,19.621111],[98.375209,19.621068],[98.375237,19.621028],[98.375265,19.620985],[98.375293,19.620942],[98.37532,19.620897],[98.375347,19.620854],[98.375374,19.620811],[98.3754,19.620766],[98.375426,19.620721],[98.375451,19.620678],[98.375475,19.620633],[98.375498,19.620588],[98.375521,19.620543],[98.375543,19.620496],[98.375564,19.620451],[98.375585,19.620403],[98.375605,19.620356],[98.375624,19.620308],[98.375641,19.620261],[98.375658,19.620214],[98.375674,19.620164],[98.375688,19.620117],[98.375701,19.620067],[98.375713,19.62002],[98.375726,19.61997],[98.375737,19.61992],[98.375749,19.619871],[98.37576,19.619821],[98.375771,19.619771],[98.375781,19.619722],[98.375791,19.619672],[98.3758,19.619622],[98.375809,19.619573],[98.375817,19.619523],[98.375825,19.619473],[98.375832,19.619424],[98.375838,19.619372],[98.375843,19.619322],[98.375847,19.619272],[98.37585,19.619223],[98.375851,19.619173],[98.37585,19.619123],[98.375847,19.619071],[98.375841,19.619021],[98.375834,19.618972],[98.375826,19.618922],[98.375817,19.618872],[98.375808,19.618822],[98.3758,19.618771],[98.375791,19.618721],[98.375784,19.618671],[98.375777,19.618619],[98.375771,19.618569],[98.375765,19.61852],[98.375759,19.61847],[98.375753,19.61842],[98.375747,19.61837],[98.375741,19.618318],[98.375735,19.618269],[98.375729,19.618219],[98.375724,19.618169],[98.375717,19.61812],[98.375712,19.61807],[98.375706,19.618018],[98.375701,19.617968],[98.375695,19.617918],[98.37569,19.617869],[98.375686,19.617819],[98.375681,19.617769],[98.375676,19.617717],[98.375672,19.617668],[98.375668,19.617618],[98.375664,19.617568],[98.37566,19.617516],[98.375657,19.617466],[98.375654,19.617417],[98.375651,19.617365],[98.375648,19.617315],[98.375644,19.617263],[98.375644,19.617213],[98.375647,19.617164],[98.375658,19.617116],[98.375673,19.617067],[98.375691,19.617022],[98.375712,19.616974],[98.375735,19.616927],[98.375758,19.616882],[98.375781,19.616834],[98.375804,19.616789],[98.375827,19.616744],[98.375851,19.616699],[98.375875,19.616654],[98.375899,19.616609],[98.375923,19.616564],[98.375949,19.616519],[98.375974,19.616476],[98.376001,19.616431],[98.376028,19.616388],[98.376057,19.616345],[98.376087,19.616304],[98.376118,19.616264],[98.37615,19.616223],[98.376182,19.616183],[98.376215,19.616142],[98.376247,19.616102],[98.376277,19.616061],[98.376308,19.616021],[98.376339,19.615978],[98.376369,19.615937],[98.3764,19.615897],[98.37643,19.615854],[98.376461,19.615813],[98.376492,19.615773],[98.376522,19.61573],[98.376554,19.615689],[98.376587,19.615649],[98.376621,19.615611],[98.376654,19.61557],[98.376687,19.615529],[98.376719,19.615491],[98.376749,19.615448],[98.376778,19.615408],[98.376804,19.615365],[98.376827,19.61532],[98.376849,19.615272],[98.376869,19.615227],[98.376887,19.615178],[98.376903,19.61513],[98.376919,19.615081],[98.376933,19.615033],[98.376947,19.614984],[98.376959,19.614934],[98.376972,19.614887],[98.376984,19.614837],[98.376995,19.614787],[98.377006,19.614738],[98.377016,19.614688],[98.377026,19.614638],[98.377035,19.614589],[98.377044,19.614539],[98.377053,19.614489],[98.377061,19.61444],[98.377068,19.61439],[98.377076,19.61434],[98.377082,19.61429],[98.377088,19.614239],[98.377092,19.614189],[98.377097,19.614139],[98.3771,19.614087],[98.377103,19.614038],[98.377106,19.613988],[98.377108,19.613936],[98.37711,19.613886],[98.377112,19.613837],[98.377113,19.613787],[98.377114,19.613737],[98.377114,19.613685],[98.377114,19.613635],[98.377114,19.613586],[98.377114,19.613534],[98.377114,19.613484],[98.377113,19.613434],[98.377113,19.613382],[98.377113,19.613333],[98.377113,19.613283],[98.377113,19.613231],[98.377113,19.613181],[98.377113,19.613132],[98.377113,19.61308],[98.377113,19.61303],[98.377113,19.61298],[98.377113,19.612928],[98.377113,19.612879],[98.377114,19.612829],[98.377114,19.612777],[98.377115,19.612727],[98.377116,19.612675],[98.377117,19.612626],[98.377119,19.612576],[98.37712,19.612526],[98.377121,19.612474],[98.377123,19.612425],[98.377124,19.612375],[98.377126,19.612323],[98.377127,19.612273],[98.377128,19.612224],[98.377129,19.612172],[98.377129,19.612122],[98.37713,19.612072],[98.37713,19.61202],[98.377129,19.61197],[98.377129,19.611921],[98.377129,19.611869],[98.377128,19.611819],[98.377127,19.611769],[98.377127,19.611717],[98.377126,19.611668],[98.377125,19.611618],[98.377124,19.611566],[98.377123,19.611516],[98.377122,19.611467],[98.377121,19.611417],[98.37712,19.611365],[98.377119,19.611315],[98.377119,19.611263],[98.377118,19.611214],[98.377118,19.611164],[98.377117,19.611112],[98.377115,19.611062],[98.377113,19.611013],[98.37711,19.610961],[98.377107,19.610911],[98.377103,19.610861],[98.377099,19.610811],[98.377095,19.610762],[98.37709,19.61071],[98.377083,19.61066],[98.377076,19.61061],[98.377067,19.610561],[98.377056,19.610511],[98.377043,19.610463],[98.377029,19.610414],[98.377014,19.610366],[98.376997,19.610319],[98.376979,19.610271],[98.376959,19.610224],[98.37694,19.610176],[98.376918,19.610129],[98.376895,19.610083],[98.37687,19.61004],[98.376845,19.609995],[98.376819,19.60995],[98.376793,19.609907],[98.376768,19.609861],[98.376744,19.609816],[98.376719,19.609771],[98.376695,19.609728],[98.376668,19.609683],[98.376641,19.609642],[98.376612,19.609599],[98.376581,19.609558],[98.37655,19.609517],[98.376519,19.609477],[98.376487,19.609436],[98.376456,19.609395],[98.376425,19.609354],[98.376395,19.609311],[98.376366,19.60927],[98.376337,19.609227],[98.376308,19.609184],[98.376279,19.609144],[98.376251,19.609101],[98.376223,19.609058],[98.376196,19.609015],[98.37617,19.608969],[98.376145,19.608924],[98.376121,19.608879],[98.376099,19.608833],[98.376077,19.608786],[98.376056,19.608741],[98.376035,19.608693],[98.376014,19.608648],[98.375993,19.6086],[98.375966,19.608546],[98.375942,19.608503],[98.375916,19.608458],[98.375891,19.608413],[98.375865,19.60837],[98.37584,19.608324],[98.375815,19.608279],[98.375792,19.608234],[98.375771,19.608188],[98.375752,19.608141],[98.375735,19.608093],[98.37572,19.608044],[98.375708,19.607996],[98.375696,19.607946],[98.375686,19.607897],[98.375676,19.607845],[98.375666,19.607795],[98.375655,19.607745],[98.375646,19.607696],[98.375638,19.607646],[98.375632,19.607596],[98.37563,19.607546],[98.375631,19.607497],[98.375634,19.607447],[98.375638,19.607397],[98.375642,19.607345],[98.375646,19.607296],[98.375651,19.607246],[98.375656,19.607194],[98.375662,19.607144],[98.375668,19.607095],[98.375674,19.607043],[98.375682,19.606993],[98.37569,19.606943],[98.375699,19.606894],[98.375708,19.606844],[98.375718,19.606794],[98.375728,19.606745],[98.37574,19.606695],[98.375752,19.606645],[98.375766,19.606598],[98.375782,19.606551],[98.3758,19.606503],[98.375818,19.606456],[98.375837,19.606408],[98.375857,19.606361],[98.375877,19.606314],[98.375898,19.606266],[98.375918,19.606221],[98.375939,19.606174],[98.375958,19.606126],[98.375977,19.606079],[98.375995,19.606034],[98.376012,19.605984],[98.376029,19.605937],[98.376046,19.60589],[98.376062,19.605842],[98.376079,19.605793],[98.376095,19.605745],[98.376111,19.605698],[98.376128,19.60565],[98.376145,19.605601],[98.376163,19.605553],[98.376181,19.605506],[98.3762,19.605459],[98.376219,19.605413],[98.37624,19.605366],[98.376261,19.605321],[98.376283,19.605274],[98.376306,19.605229],[98.376329,19.605183],[98.376352,19.605138],[98.376376,19.605093],[98.376401,19.605048],[98.376425,19.605003],[98.376451,19.604958],[98.376476,19.604915],[98.376502,19.60487],[98.376529,19.604825],[98.376556,19.604782],[98.376585,19.604739],[98.376614,19.604699],[98.376644,19.604656],[98.376675,19.604615],[98.376705,19.604572],[98.376736,19.604532],[98.376766,19.604491],[98.376798,19.604451],[98.376831,19.60441],[98.376864,19.604372],[98.376897,19.604331],[98.376929,19.604291],[98.376959,19.60425],[98.376986,19.604205],[98.377011,19.60416],[98.377035,19.604115],[98.377058,19.60407],[98.377081,19.604025],[98.377104,19.60398],[98.377128,19.603935],[98.377153,19.603892],[98.377179,19.603847],[98.377205,19.603804],[98.377232,19.603759],[98.377259,19.603716],[98.377286,19.603673],[98.377312,19.603628],[98.377338,19.603583],[98.377364,19.60354],[98.37739,19.603495],[98.377416,19.603452],[98.37744,19.603407],[98.377464,19.603362],[98.377488,19.603317],[98.377513,19.603272],[98.377543,19.603231],[98.377573,19.603188],[98.377602,19.603148],[98.377631,19.603105],[98.377658,19.603062],[98.377685,19.603019],[98.377712,19.602974],[98.377738,19.602931],[98.377764,19.602886],[98.377789,19.602843],[98.377814,19.602798],[98.377837,19.602751],[98.377859,19.602706],[98.37788,19.602661],[98.377901,19.602613],[98.377922,19.602566],[98.377942,19.602521],[98.377963,19.602474],[98.377986,19.602428],[98.37801,19.602383],[98.378035,19.602338],[98.378058,19.602293],[98.378075,19.602246],[98.378087,19.602196],[98.378096,19.602146],[98.378102,19.602097],[98.378107,19.602045],[98.378112,19.601995],[98.378116,19.601945],[98.37812,19.601893],[98.378126,19.601844],[98.378133,19.601792],[98.37814,19.601742],[98.378146,19.601693],[98.378152,19.601643],[98.378158,19.601591],[98.378165,19.601541],[98.378172,19.601492],[98.37818,19.601442],[98.37819,19.601392],[98.378201,19.601343],[98.378214,19.601295],[98.378229,19.601248],[98.378246,19.6012],[98.378264,19.601153],[98.378284,19.601106],[98.378304,19.601058],[98.378326,19.601011],[98.378348,19.600966],[98.378371,19.600921],[98.378394,19.600876],[98.378418,19.600828],[98.378442,19.600785],[98.378467,19.60074],[98.378492,19.600695],[98.378519,19.600652],[98.378546,19.600607],[98.378576,19.600564],[98.378606,19.600524],[98.378638,19.600483],[98.378671,19.600445],[98.378708,19.600409],[98.378748,19.600375],[98.378789,19.600341],[98.37883,19.60031],[98.378871,19.600279],[98.378911,19.600245],[98.378949,19.600209],[98.378986,19.600173],[98.379023,19.600137],[98.37906,19.600098],[98.379097,19.600062],[98.379134,19.600026],[98.379171,19.599988],[98.379208,19.599952],[98.379244,19.599914],[98.37928,19.599878],[98.379316,19.599839],[98.379351,19.599801],[98.379385,19.599763],[98.379418,19.599725],[98.379451,19.599684],[98.379483,19.599646],[98.379511,19.599605],[98.379529,19.599558],[98.37954,19.599508],[98.379548,19.599456],[98.379559,19.599407],[98.379575,19.599357],[98.379591,19.59931],[98.379606,19.599262],[98.379622,19.599213],[98.379638,19.599165],[98.379654,19.599118],[98.37967,19.599068],[98.379686,19.599021],[98.379701,19.598973],[98.379716,19.598924],[98.37973,19.598874],[98.379744,19.598827],[98.379758,19.598777],[98.379772,19.59873],[98.379785,19.59868],[98.379799,19.598633],[98.379812,19.598583],[98.379826,19.598533],[98.379839,19.598486],[98.379852,19.598436],[98.379865,19.598386],[98.379877,19.598339],[98.37989,19.598289],[98.379902,19.59824],[98.379914,19.598192],[98.379925,19.598143],[98.379935,19.598093],[98.379944,19.598043],[98.379954,19.597994],[98.379965,19.597944],[98.379977,19.597897],[98.37999,19.597847],[98.380003,19.597797],[98.380017,19.59775],[98.380031,19.5977],[98.380046,19.597653],[98.38006,19.597603],[98.380075,19.597556],[98.38009,19.597506],[98.380105,19.597459],[98.38012,19.597409],[98.380135,19.597362],[98.38015,19.597312],[98.380166,19.597265],[98.380182,19.597217],[98.380198,19.597168],[98.380214,19.59712],[98.38023,19.597073],[98.380245,19.597023],[98.38026,19.596976],[98.380274,19.596926],[98.380288,19.596877],[98.380301,19.596829],[98.380315,19.596779],[98.380328,19.596732],[98.380341,19.596682],[98.380354,19.596633],[98.380366,19.596585],[98.380379,19.596536],[98.380391,19.596486],[98.380403,19.596436],[98.380415,19.596387],[98.380427,19.596337],[98.380438,19.59629],[98.380449,19.59624],[98.380459,19.59619],[98.38047,19.596141],[98.380481,19.596091],[98.380492,19.596041],[98.380503,19.595992],[98.380515,19.595942],[98.380527,19.595895],[98.380539,19.595845],[98.380552,19.595795],[98.380566,19.595748],[98.380581,19.595701],[98.380599,19.595651],[98.380617,19.595604],[98.380636,19.595556],[98.380655,19.595511],[98.380674,19.595461],[98.380692,19.595414],[98.380711,19.595369],[98.38073,19.595321],[98.38075,19.595274],[98.380769,19.595227],[98.380789,19.595179],[98.380809,19.595134],[98.38083,19.595089],[98.380851,19.595042],[98.380873,19.594997],[98.380894,19.594949],[98.380916,19.594904],[98.380938,19.594859],[98.380961,19.594812],[98.380983,19.594767],[98.381005,19.594721],[98.381028,19.594674],[98.381051,19.594629],[98.381074,19.594584],[98.381097,19.594539],[98.381122,19.594494],[98.381147,19.594449],[98.381174,19.594406],[98.381203,19.594363],[98.381233,19.59432],[98.381264,19.594277],[98.381294,19.594237],[98.381323,19.594194],[98.381351,19.594151],[98.381375,19.594106],[98.381397,19.594063],[98.381415,19.594016],[98.381433,19.593968],[98.381448,19.593921],[98.381462,19.593871],[98.381474,19.593822],[98.381486,19.593772],[98.381497,19.593722],[98.381506,19.593673],[98.381515,19.593623],[98.381523,19.593573],[98.381529,19.593521],[98.381533,19.593472],[98.381536,19.593422],[98.381537,19.59337],[98.381538,19.59332],[98.381538,19.593271],[98.381537,19.593219],[98.381536,19.593169],[98.381535,19.593119],[98.381532,19.593067],[98.38153,19.593018],[98.381528,19.592968],[98.381525,19.592918],[98.381522,19.592866],[98.381519,19.592817],[98.381515,19.592767],[98.381512,19.592715],[98.381508,19.592665],[98.381505,19.592615],[98.381501,19.592563],[98.381499,19.592514],[98.381497,19.592462],[98.381495,19.592412],[98.381493,19.59236],[98.381491,19.59231],[98.381489,19.592261],[98.381486,19.592209],[98.381482,19.592159],[98.381477,19.592109],[98.381471,19.59206],[98.381463,19.59201],[98.381453,19.59196],[98.381442,19.591913],[98.381429,19.591863],[98.381415,19.591815],[98.381399,19.591768],[98.381383,19.59172],[98.381366,19.591673],[98.381348,19.591625],[98.381329,19.591578],[98.38131,19.59153],[98.381291,19.591483],[98.381271,19.591435],[98.381251,19.591388],[98.381231,19.591343],[98.381211,19.591295],[98.381191,19.591248],[98.381172,19.5912],[98.381153,19.591153],[98.381134,19.591105],[98.381116,19.591057],[98.381097,19.591012],[98.381078,19.590965],[98.381059,19.590917],[98.38104,19.59087],[98.38102,19.590822],[98.381001,19.590777],[98.380982,19.590729],[98.380962,19.590682],[98.380943,19.590634],[98.380924,19.590587],[98.380905,19.590542],[98.380886,19.590494],[98.380868,19.590447],[98.380849,19.590399],[98.380831,19.590352],[98.380814,19.590304],[98.380796,19.590254],[98.38078,19.590207],[98.380765,19.590159],[98.38075,19.59011],[98.380735,19.590062],[98.380721,19.590012],[98.380707,19.589965],[98.380692,19.589915],[98.380677,19.589868],[98.380662,19.58982],[98.380645,19.58977],[98.380628,19.589723],[98.380608,19.589678],[98.380588,19.58963],[98.380568,19.589583],[98.380548,19.589535],[98.380527,19.589488],[98.380506,19.589442],[98.380485,19.589395],[98.380462,19.589347],[98.380439,19.589302],[98.380416,19.589257],[98.380391,19.589212],[98.380366,19.589166],[98.38034,19.589123],[98.380312,19.58908],[98.380284,19.589039],[98.380253,19.589001],[98.38022,19.588962],[98.380184,19.588926],[98.380144,19.588892],[98.380102,19.58886],[98.380058,19.588831],[98.380015,19.588799],[98.379971,19.588767],[98.379929,19.588736],[98.379889,19.588704],[98.379851,19.588667],[98.379818,19.588629],[98.379786,19.588588],[98.379756,19.588547],[98.379727,19.588507],[98.379699,19.588464],[98.379672,19.588418],[98.379646,19.588375],[98.379621,19.58833],[98.379596,19.588285],[98.379571,19.588242],[98.379547,19.588197],[98.379523,19.588149],[98.379498,19.588104],[98.379474,19.588061],[98.37945,19.588015],[98.379425,19.58797],[98.379402,19.587925],[98.379379,19.58788],[98.379357,19.587834],[98.379335,19.587787],[98.379313,19.587742],[98.379291,19.587696],[98.379269,19.587649],[98.379247,19.587604],[98.379223,19.587558],[98.3792,19.587513],[98.379175,19.58747],[98.379149,19.587425],[98.379123,19.587382],[98.379096,19.587339],[98.379069,19.587293],[98.379043,19.58725],[98.379016,19.587207],[98.378989,19.587162],[98.378963,19.587119],[98.378937,19.587074],[98.378911,19.587031],[98.378885,19.586988],[98.378859,19.586943],[98.378833,19.5869],[98.378807,19.586854],[98.378781,19.586811],[98.378754,19.586768],[98.378728,19.586723],[98.378701,19.58668],[98.378674,19.586637],[98.378646,19.586594],[98.378618,19.586551],[98.37859,19.586508],[98.378561,19.586467],[98.378532,19.586424],[98.378503,19.586381],[98.378473,19.58634],[98.378443,19.5863],[98.378413,19.586256],[98.378382,19.586216],[98.378352,19.586175],[98.378322,19.586132],[98.378291,19.586091],[98.378261,19.58605],[98.378229,19.586005],[98.378206,19.58596],[98.378184,19.585915],[98.378161,19.585869],[98.378139,19.585822],[98.378117,19.585777],[98.378093,19.585731],[98.378069,19.585686],[98.378044,19.585643],[98.378017,19.5856],[98.377988,19.585557],[98.377955,19.585516],[98.37792,19.58548],[98.377883,19.585441],[98.377847,19.585405],[98.377812,19.585367],[98.37778,19.585326],[98.377747,19.585285],[98.377715,19.585246],[98.377684,19.585206],[98.377652,19.585165],[98.37762,19.585124],[98.377588,19.585083],[98.377555,19.585045],[98.377522,19.585004],[98.377489,19.584966],[98.377457,19.584925],[98.377423,19.584886],[98.37739,19.584845],[98.377356,19.584807],[98.377322,19.584768],[98.377287,19.584732],[98.377251,19.584696],[98.377214,19.58466],[98.377177,19.584623],[98.37714,19.584587],[98.377104,19.584549],[98.377071,19.584508],[98.377034,19.584474],[98.376993,19.58444],[98.376951,19.584408],[98.376909,19.584378],[98.376866,19.584347],[98.376825,19.584315],[98.376786,19.584281],[98.376748,19.584247],[98.376712,19.584208],[98.376679,19.58417],[98.376647,19.584129],[98.376616,19.584088],[98.376586,19.584045],[98.376557,19.584004],[98.376528,19.583961],[98.376499,19.583918],[98.37647,19.583875],[98.37644,19.583832],[98.376409,19.583792],[98.376378,19.583751],[98.376344,19.583712],[98.37631,19.583676],[98.376273,19.58364],[98.376233,19.583606],[98.376191,19.583576],[98.376147,19.583547],[98.376102,19.583519],[98.376056,19.583494],[98.37601,19.583467],[98.375964,19.58344],[98.37592,19.583413],[98.375876,19.583383],[98.375835,19.583351],[98.375796,19.583317],[98.375758,19.583283],[98.37572,19.583247],[98.375683,19.583211],[98.375647,19.583174],[98.37561,19.583136],[98.375574,19.5831],[98.375537,19.583063],[98.3755,19.583027],[98.375461,19.582993],[98.375422,19.582959],[98.375382,19.582925],[98.375342,19.582891],[98.375301,19.582859],[98.375262,19.582825],[98.375223,19.582789],[98.375186,19.582753],[98.375152,19.582716],[98.375118,19.582678],[98.375084,19.582637],[98.375052,19.582599],[98.37502,19.582558],[98.374989,19.582517],[98.374958,19.582474],[98.374928,19.582433],[98.374898,19.582392],[98.374868,19.582349],[98.374838,19.582309],[98.374808,19.582266],[98.374779,19.582225],[98.374749,19.582182],[98.37472,19.582139],[98.374692,19.582096],[98.374664,19.582053],[98.374638,19.58201],[98.374612,19.581964],[98.374588,19.581921],[98.374565,19.581876],[98.374544,19.581831],[98.374524,19.581783],[98.374505,19.581736],[98.374487,19.581688],[98.374469,19.581641],[98.374452,19.581593],[98.374435,19.581546],[98.374417,19.581498],[98.3744,19.581451],[98.374382,19.581403],[98.374363,19.581356],[98.374343,19.581308],[98.374323,19.581261],[98.374299,19.581216],[98.374274,19.581173],[98.374247,19.581127],[98.37422,19.581084],[98.374193,19.581039],[98.374167,19.580996],[98.374144,19.580951],[98.374124,19.580905],[98.374105,19.580858],[98.374087,19.58081],[98.374069,19.580763],[98.374052,19.580715],[98.374035,19.580668],[98.374019,19.58062],[98.374003,19.580571],[98.373988,19.580523],[98.373973,19.580476],[98.373959,19.580426],[98.373945,19.580376],[98.373933,19.580329],[98.37392,19.580279],[98.373908,19.580229],[98.373897,19.580179],[98.373886,19.58013],[98.373876,19.58008],[98.373865,19.580033],[98.373855,19.579983],[98.373845,19.579933],[98.373835,19.579883],[98.373825,19.579834],[98.373816,19.579784],[98.373806,19.579734],[98.373797,19.579684],[98.373788,19.579635],[98.373779,19.579585],[98.37377,19.579535],[98.373761,19.579485],[98.373752,19.579436],[98.373743,19.579386],[98.373734,19.579336],[98.373725,19.579287],[98.373717,19.579237],[98.373708,19.579187],[98.373698,19.579137],[98.373689,19.579088],[98.37368,19.579038],[98.373671,19.578988],[98.373662,19.578938],[98.373652,19.578889],[98.373643,19.578839],[98.373633,19.578789],[98.373623,19.578742],[98.373612,19.578692],[98.373599,19.578642],[98.373586,19.578592],[98.373572,19.578545],[98.373558,19.578495],[98.373544,19.578445],[98.373531,19.578398],[98.37352,19.578348],[98.373511,19.578299],[98.373504,19.578249],[98.3735,19.578199],[98.373501,19.578149],[98.373503,19.578097],[98.373508,19.578048],[98.373512,19.577996],[98.373517,19.577946],[98.373521,19.577894],[98.373522,19.577844],[98.37352,19.577795],[98.373513,19.577745],[98.373503,19.577695],[98.37349,19.577648],[98.373475,19.577598],[98.373459,19.577551],[98.373443,19.577501],[98.373427,19.577453],[98.373413,19.577404],[98.373401,19.577354],[98.373394,19.577306],[98.373389,19.577257],[98.373387,19.577205],[98.373387,19.577155],[98.373386,19.577103],[98.373384,19.577053],[98.373379,19.577004],[98.373371,19.576954],[98.37336,19.576904],[98.373349,19.576854],[98.373337,19.576805],[98.373324,19.576757],[98.373311,19.576707],[98.373297,19.57666],[98.373283,19.57661],[98.373269,19.57656],[98.373255,19.576513],[98.373241,19.576463],[98.373227,19.576416],[98.373212,19.576366],[98.373197,19.576318],[98.373182,19.576269],[98.373167,19.576221],[98.373151,19.576174],[98.373135,19.576126],[98.373119,19.576076],[98.373104,19.576029],[98.373088,19.575981],[98.373072,19.575934],[98.373056,19.575884],[98.373038,19.575837],[98.37302,19.575789],[98.373001,19.575742],[98.372981,19.575694],[98.372961,19.575649],[98.37294,19.575601],[98.372917,19.575556],[98.372894,19.575509],[98.372869,19.575466],[98.372843,19.57542],[98.372814,19.575382],[98.372783,19.575341],[98.372749,19.575302],[98.372713,19.575264],[98.372676,19.575228],[98.372639,19.575191],[98.372603,19.575155],[98.372568,19.575114],[98.372536,19.575076],[98.372505,19.575033],[98.372475,19.574992],[98.372444,19.574951],[98.372411,19.57491],[98.372375,19.574874],[98.372337,19.57484],[98.372296,19.574808],[98.372255,19.574777],[98.372211,19.574747],[98.372168,19.574718],[98.372124,19.574688],[98.372081,19.574659],[98.372036,19.574631],[98.371989,19.574606],[98.371941,19.574586],[98.371892,19.574565],[98.371844,19.574545],[98.371795,19.574524],[98.371746,19.574506],[98.371696,19.574485],[98.371647,19.574467],[98.371597,19.574449],[98.371547,19.574431],[98.371497,19.574413],[98.371447,19.574397],[98.371397,19.574381],[98.371346,19.574367],[98.371295,19.574351],[98.371244,19.574337],[98.371193,19.574321],[98.371143,19.574305],[98.371092,19.574289],[98.371042,19.574273],[98.370992,19.574257],[98.370943,19.574239],[98.370894,19.574218],[98.370845,19.574198],[98.370796,19.574177],[98.370746,19.574159],[98.370696,19.574143],[98.370646,19.574125],[98.370596,19.574109],[98.370546,19.574091],[98.370497,19.574072],[98.370449,19.57405],[98.370402,19.574025],[98.370356,19.574],[98.370311,19.573972],[98.370266,19.573947],[98.370221,19.57392],[98.370176,19.573893],[98.370132,19.573866],[98.370088,19.573836],[98.370044,19.573809],[98.37,19.573779],[98.369957,19.57375],[98.369913,19.573722],[98.369869,19.573693],[98.369826,19.573663],[98.369783,19.573634],[98.36974,19.573604],[98.369697,19.573575],[98.369656,19.573543],[98.369615,19.573509],[98.369575,19.573475],[98.369537,19.573441],[98.369499,19.573405],[98.369461,19.573371],[98.369424,19.573334],[98.369386,19.573298],[98.369348,19.573264],[98.36931,19.573228],[98.369273,19.573192],[98.369236,19.573155],[98.369199,19.573119],[98.369162,19.573083],[98.369125,19.573046],[98.369089,19.573008],[98.369054,19.572969],[98.369021,19.572931],[98.368991,19.57289],[98.368962,19.572847],[98.368935,19.572804],[98.368907,19.572761],[98.368881,19.572718],[98.368854,19.572675],[98.368826,19.572632],[98.368798,19.572589],[98.368767,19.572548],[98.368733,19.572507],[98.368699,19.572469],[98.368668,19.572428],[98.368642,19.572385],[98.368623,19.572335],[98.368609,19.572288],[98.368599,19.572238],[98.36859,19.572188],[98.368581,19.572139],[98.368569,19.572089],[98.368553,19.572039],[98.368534,19.571994],[98.368512,19.571949],[98.368487,19.571903],[98.368461,19.571858],[98.368434,19.571815],[98.368406,19.571772],[98.368376,19.571731],[98.368343,19.57169],[98.368306,19.571654],[98.368266,19.57162],[98.368226,19.571588],[98.368184,19.571557],[98.368143,19.571525],[98.3681,19.571493],[98.368058,19.571464],[98.368016,19.571432],[98.367975,19.5714],[98.367935,19.571366],[98.367894,19.571332],[98.367849,19.571307],[98.367801,19.571286],[98.367751,19.57127],[98.367701,19.571254],[98.367649,19.571241],[98.367597,19.571229],[98.367545,19.571218],[98.367492,19.571206],[98.36744,19.571197],[98.367388,19.571188],[98.367336,19.571179],[98.367283,19.571172],[98.36723,19.571165],[98.367178,19.571158],[98.367125,19.571151],[98.367072,19.571142],[98.367019,19.571135],[98.366967,19.571128],[98.366914,19.571118],[98.366862,19.571111],[98.36681,19.571102],[98.366757,19.571093],[98.366705,19.571084],[98.366653,19.571072],[98.3666,19.571063],[98.366548,19.571054],[98.366496,19.571045],[98.366444,19.571038],[98.366391,19.571026],[98.366339,19.571019],[98.366286,19.571012],[98.366234,19.571003],[98.366181,19.570996],[98.366128,19.570989],[98.366076,19.570982],[98.366023,19.570975],[98.36597,19.570971],[98.365917,19.570966],[98.365863,19.570961],[98.36581,19.570959],[98.365757,19.570954],[98.365704,19.570947],[98.365652,19.570938],[98.365601,19.570926],[98.365551,19.57091],[98.365502,19.57089],[98.365452,19.570872],[98.365403,19.570851],[98.365354,19.570833],[98.365303,19.570817],[98.365252,19.570803],[98.3652,19.570792],[98.365148,19.570782],[98.365096,19.570769],[98.365045,19.570757],[98.364994,19.570741],[98.364943,19.570727],[98.364892,19.570711],[98.364842,19.570695],[98.364791,19.570679],[98.364741,19.570663],[98.36469,19.570647],[98.36464,19.570629],[98.36459,19.570613],[98.364541,19.570595],[98.364492,19.570574],[98.364443,19.570554],[98.364395,19.570531],[98.364348,19.570508],[98.364301,19.570486],[98.364255,19.570461],[98.364209,19.570436],[98.364165,19.570406],[98.364122,19.570377],[98.36408,19.570345],[98.364039,19.570313],[98.363998,19.570281],[98.363958,19.570247],[98.363918,19.570216],[98.363877,19.570181],[98.363835,19.570152],[98.363793,19.57012],[98.36375,19.570091],[98.363708,19.570059],[98.363667,19.570027],[98.363628,19.569993],[98.363589,19.569957],[98.363552,19.569923],[98.363515,19.569884],[98.363478,19.569848],[98.363442,19.569812],[98.363405,19.569775],[98.363368,19.569737],[98.363334,19.569698],[98.363303,19.569658],[98.363276,19.569617],[98.363249,19.569574],[98.363224,19.569529],[98.3632,19.569483],[98.363176,19.569438],[98.363154,19.56939],[98.363134,19.569345],[98.363114,19.569298],[98.363097,19.56925],[98.36308,19.569203],[98.363065,19.569155],[98.363051,19.569108],[98.363037,19.569058],[98.363025,19.569008],[98.363013,19.568958],[98.363002,19.568909],[98.362991,19.568861],[98.36298,19.568812],[98.36297,19.56876],[98.362961,19.56871],[98.362952,19.56866],[98.362945,19.56861],[98.362938,19.568561],[98.362931,19.568511],[98.362925,19.568461],[98.362918,19.568411],[98.362912,19.568359],[98.362902,19.568292],[98.362907,19.568242],[98.362911,19.568192],[98.362916,19.56814],[98.362921,19.568091],[98.362925,19.568041],[98.36293,19.567991],[98.362934,19.567939],[98.362938,19.56789],[98.362941,19.56784],[98.362943,19.56779],[98.362945,19.567738],[98.362946,19.567689],[98.362947,19.567639],[98.362948,19.567587],[98.362948,19.567537],[98.36295,19.567488],[98.362951,19.567436],[98.362954,19.567386],[98.362958,19.567334],[98.362963,19.567284],[98.362969,19.567235],[98.362975,19.567183],[98.362981,19.567133],[98.362987,19.567083],[98.362993,19.567034],[98.362998,19.566984],[98.363003,19.566932],[98.363007,19.566882],[98.363012,19.566833],[98.363017,19.566783],[98.363022,19.566733],[98.363029,19.566684],[98.363036,19.566634],[98.363041,19.566582],[98.363043,19.566532],[98.363041,19.566483],[98.363036,19.566431],[98.363027,19.566381],[98.363013,19.566333],[98.362995,19.566286],[98.362973,19.566241],[98.36295,19.566195],[98.362925,19.56615],[98.362901,19.566105],[98.362876,19.566059],[98.362852,19.566014],[98.362831,19.565969],[98.362812,19.565921],[98.362794,19.565874],[98.362778,19.565824],[98.362762,19.565777],[98.362747,19.565729],[98.362732,19.565679],[98.362717,19.565632],[98.362702,19.565582],[98.362686,19.565535],[98.362671,19.565487],[98.362657,19.565437],[98.362642,19.565388],[98.362627,19.56534],[98.362611,19.565293],[98.362593,19.565245],[98.362574,19.565198],[98.362552,19.565152],[98.362526,19.565109],[98.362496,19.565069],[98.362465,19.565026],[98.362432,19.564987],[98.3624,19.564946],[98.362369,19.564905],[98.362339,19.564862],[98.362308,19.564822],[98.362278,19.564781],[98.362245,19.56474],[98.362212,19.564699],[98.362176,19.564663],[98.362139,19.564627],[98.3621,19.564593],[98.362062,19.564556],[98.362024,19.564522],[98.361987,19.564486],[98.36195,19.56445],[98.361913,19.564414],[98.361876,19.564377],[98.36184,19.564341],[98.361803,19.564303],[98.361767,19.564266],[98.361732,19.564228],[98.361697,19.564189],[98.361664,19.564148],[98.361631,19.56411],[98.361597,19.564071],[98.361563,19.564033],[98.361527,19.563997],[98.361491,19.56396],[98.361454,19.563924],[98.361417,19.563888],[98.36138,19.563851],[98.361344,19.563813],[98.361306,19.563777],[98.361267,19.56374],[98.361227,19.563706],[98.361187,19.563672],[98.361148,19.563636],[98.361109,19.5636],[98.361073,19.563563],[98.36104,19.563525],[98.361011,19.563484],[98.360986,19.563443],[98.360965,19.563398],[98.360948,19.563351],[98.360934,19.563303],[98.360922,19.563253],[98.360913,19.563201],[98.360905,19.563149],[98.360898,19.5631],[98.360892,19.563048],[98.360886,19.562998],[98.36088,19.562946],[98.360877,19.562896],[98.360876,19.562847],[98.360875,19.562795],[98.360876,19.562745],[98.360877,19.562695],[98.360877,19.562643],[98.360876,19.562594],[98.360875,19.562544],[98.360872,19.562492],[98.36087,19.562442],[98.360866,19.562392],[98.360863,19.562341],[98.36086,19.562291],[98.360856,19.562241],[98.360852,19.562191],[98.360849,19.562139],[98.360845,19.56209],[98.360842,19.56204],[98.360837,19.56199],[98.360831,19.561941],[98.360823,19.561889],[98.360817,19.561839],[98.360814,19.561789],[98.360815,19.561739],[98.360822,19.561687],[98.360832,19.561638],[98.360843,19.56159],[98.360856,19.561541],[98.360871,19.561491],[98.360886,19.561444],[98.360901,19.561394],[98.360917,19.561347],[98.360932,19.561297],[98.360946,19.56125],[98.36096,19.5612],[98.360972,19.561153],[98.360985,19.561103],[98.360997,19.561053],[98.361009,19.561004],[98.361021,19.560956],[98.361034,19.560907],[98.361046,19.560857],[98.361059,19.560809],[98.361072,19.56076],[98.361085,19.56071],[98.361096,19.560661],[98.361107,19.560611],[98.361119,19.560561],[98.361131,19.560512],[98.361146,19.560462],[98.361163,19.560415],[98.361183,19.560369],[98.361209,19.560329],[98.361242,19.560291],[98.36128,19.560252],[98.361319,19.560219],[98.361358,19.560182],[98.361395,19.560144],[98.361429,19.560104],[98.361462,19.560065],[98.361494,19.560025],[98.361527,19.559984],[98.361559,19.559944],[98.361592,19.559905],[98.361626,19.559867],[98.36166,19.559829],[98.361697,19.559793],[98.361734,19.559757],[98.361772,19.559721],[98.361811,19.559687],[98.36185,19.559653],[98.36189,19.55962],[98.361929,19.559586],[98.361969,19.55955],[98.362008,19.559516],[98.362049,19.559485],[98.362089,19.559451],[98.362129,19.559417],[98.362168,19.559383],[98.362207,19.559347],[98.362244,19.559311],[98.362278,19.559273],[98.362311,19.559235],[98.362343,19.559194],[98.362374,19.559151],[98.362405,19.559111],[98.362437,19.55907],[98.362468,19.55903],[98.3625,19.558989],[98.362531,19.558949],[98.362562,19.558908],[98.362593,19.558867],[98.362623,19.558825],[98.362652,19.558782],[98.36268,19.558739],[98.362707,19.558696],[98.362734,19.558653],[98.362761,19.558608],[98.362787,19.558565],[98.362813,19.558523],[98.36284,19.55848],[98.362867,19.558435],[98.362894,19.558392],[98.362919,19.558347],[98.362943,19.558302],[98.362965,19.558257],[98.362986,19.558209],[98.363007,19.558164],[98.363028,19.558117],[98.363048,19.558069],[98.363067,19.558022],[98.363085,19.557975],[98.363102,19.557927],[98.363117,19.55788],[98.36313,19.55783],[98.363141,19.557781],[98.363149,19.557731],[98.363156,19.557681],[98.36316,19.557631],[98.363163,19.55758],[98.363164,19.55753],[98.363165,19.557478],[98.363162,19.557428],[98.363157,19.557378],[98.363149,19.557329],[98.363141,19.557279],[98.363134,19.557227],[98.363129,19.557177],[98.363127,19.557128],[98.363126,19.557076],[98.363126,19.557026],[98.363125,19.556976],[98.363124,19.556924],[98.36312,19.556875],[98.363114,19.556825],[98.363107,19.556775],[98.363099,19.556723],[98.363089,19.556673],[98.363078,19.556626],[98.363066,19.556576],[98.363053,19.556526],[98.363037,19.556479],[98.363019,19.556431],[98.363,19.556384],[98.36298,19.556336],[98.362961,19.556291],[98.362942,19.556244],[98.362924,19.556196],[98.362906,19.556149],[98.362887,19.556101],[98.362866,19.556056],[98.362843,19.556011],[98.362818,19.555965],[98.36279,19.555922],[98.362759,19.555879],[98.362727,19.555838],[98.362693,19.5558],[98.362657,19.555764],[98.362619,19.55573],[98.362577,19.555698],[98.362531,19.555673],[98.362483,19.555648],[98.362435,19.555627],[98.362386,19.555609],[98.362336,19.555591],[98.362286,19.555575],[98.362236,19.555557],[98.362185,19.555541],[98.362135,19.555522],[98.362085,19.555506],[98.362036,19.555488],[98.361987,19.555468],[98.361938,19.555447],[98.361889,19.555424],[98.361841,19.555404],[98.361792,19.555386],[98.361741,19.55537],[98.36169,19.555356],[98.361639,19.555344],[98.361587,19.555333],[98.361535,19.555321],[98.361483,19.555312],[98.361431,19.555301],[98.361379,19.555291],[98.361327,19.555282],[98.361275,19.555271],[98.361223,19.555262],[98.36117,19.555252],[98.361118,19.555243],[98.361065,19.555234],[98.361013,19.555225],[98.360961,19.555215],[98.360908,19.555206],[98.360856,19.555197],[98.360804,19.555188],[98.360751,19.555179],[98.360699,19.555167],[98.360647,19.555158],[98.360595,19.555149],[98.360543,19.555137],[98.360491,19.555123],[98.360439,19.55511],[98.360388,19.555098],[98.360336,19.555084],[98.360285,19.555071],[98.360233,19.555059],[98.360181,19.555048],[98.360129,19.555039],[98.360077,19.555029],[98.360024,19.555022],[98.359972,19.555018],[98.359919,19.555015],[98.359866,19.555015],[98.359813,19.555017],[98.359759,19.555019],[98.359706,19.555023],[98.359652,19.555028],[98.359599,19.555032],[98.359546,19.555039],[98.359493,19.555045],[98.35944,19.55505],[98.359388,19.555058],[98.359335,19.555067],[98.359283,19.555076],[98.359231,19.555087],[98.359178,19.555096],[98.359126,19.555105],[98.359073,19.555114],[98.359021,19.555118],[98.358968,19.555123],[98.358915,19.555125],[98.358862,19.555124],[98.358808,19.555124],[98.358755,19.555122],[98.358702,19.555119],[98.358648,19.555119],[98.358595,19.555119],[98.358542,19.555121],[98.358489,19.555125],[98.358435,19.555127],[98.358382,19.555129],[98.358329,19.555132],[98.358276,19.555131],[98.358223,19.555129],[98.35817,19.555124],[98.358119,19.55511],[98.358068,19.555094],[98.358018,19.555078],[98.357966,19.555065],[98.357914,19.555053],[98.357862,19.555042],[98.35781,19.55503],[98.357758,19.555021],[98.357706,19.55501],[98.357654,19.554996],[98.357603,19.554982],[98.357553,19.554968],[98.357502,19.554952],[98.357452,19.554936],[98.357402,19.554918],[98.357353,19.5549],[98.357303,19.554882],[98.357254,19.554861],[98.357205,19.554841],[98.357157,19.55482],[98.357109,19.554797],[98.357062,19.554775],[98.357016,19.55475],[98.356971,19.554722],[98.356925,19.554697],[98.356879,19.554672],[98.356832,19.55465],[98.356784,19.554627],[98.356735,19.554604],[98.356687,19.554583],[98.356639,19.554563],[98.356591,19.55454],[98.356543,19.554517],[98.356496,19.554495],[98.356449,19.55447],[98.356405,19.554442],[98.35636,19.554415],[98.356316,19.554388],[98.356272,19.554358],[98.356228,19.554329],[98.356185,19.554299],[98.356142,19.55427],[98.356099,19.55424],[98.356056,19.554208],[98.356014,19.554179],[98.355973,19.554147],[98.355932,19.554113],[98.355892,19.554081],[98.355851,19.55405],[98.355812,19.554016],[98.355775,19.553979],[98.355738,19.553943],[98.355703,19.553904],[98.355669,19.553866],[98.355634,19.553827],[98.3556,19.553789],[98.355565,19.55375],[98.35553,19.553712],[98.355494,19.553676],[98.355457,19.553639],[98.355419,19.553605],[98.35538,19.553571],[98.35534,19.553537],[98.3553,19.553503],[98.355259,19.553471],[98.355218,19.55344],[98.355177,19.553408],[98.355134,19.553376],[98.355091,19.553347],[98.355048,19.553319],[98.355004,19.55329],[98.354958,19.553265],[98.354913,19.553237],[98.354866,19.553215],[98.354819,19.55319],[98.354771,19.553167],[98.354724,19.553144],[98.354677,19.553121],[98.35463,19.553096],[98.354583,19.553074],[98.354537,19.553046],[98.354491,19.553021],[98.354446,19.552994],[98.354401,19.552969],[98.354356,19.552942],[98.354311,19.552915],[98.354266,19.552887],[98.354221,19.55286],[98.354174,19.552837],[98.354131,19.55281],[98.354089,19.552776],[98.354048,19.552744],[98.354007,19.55271],[98.353966,19.552676],[98.353925,19.552642],[98.353884,19.552608],[98.353843,19.552576],[98.3538,19.552544],[98.353757,19.552517],[98.353712,19.55249],[98.353667,19.552467],[98.35362,19.552451],[98.353571,19.552435],[98.35352,19.552426],[98.353468,19.552419],[98.353414,19.552417],[98.35336,19.552414],[98.353306,19.552414],[98.353251,19.552411],[98.353196,19.552411],[98.353142,19.552407],[98.353089,19.552402],[98.353037,19.55239],[98.352985,19.552379],[98.352933,19.552367],[98.352882,19.552356],[98.35283,19.552342],[98.352779,19.552328],[98.352728,19.552315],[98.352677,19.552301],[98.352626,19.552287],[98.352575,19.552271],[98.352524,19.552257],[98.352473,19.552244],[98.352422,19.552228],[98.352339,19.552207],[98.352291,19.552187],[98.352243,19.552164],[98.352195,19.552143],[98.352146,19.552123],[98.352098,19.552102],[98.352049,19.552082],[98.352,19.552061],[98.351952,19.552039],[98.351903,19.552018],[98.351856,19.551998],[98.351807,19.551975],[98.35176,19.551952],[98.351713,19.551929],[98.351665,19.551906],[98.351619,19.551884],[98.351573,19.551856],[98.351527,19.551831],[98.351482,19.551804],[98.351437,19.551779],[98.351392,19.55175],[98.351348,19.551722],[98.351304,19.551693],[98.351261,19.551666],[98.351217,19.551636],[98.351173,19.551606],[98.351129,19.551579],[98.351086,19.55155],[98.351042,19.55152],[98.350997,19.551493],[98.350953,19.551466],[98.350908,19.551438],[98.350863,19.551411],[98.350818,19.551384],[98.350774,19.551357],[98.350729,19.551332],[98.350684,19.551304],[98.350639,19.551277],[98.350594,19.55125],[98.350549,19.551222],[98.350504,19.551195],[98.350459,19.551168],[98.350415,19.551141],[98.35037,19.551113],[98.350325,19.551086],[98.350281,19.551059],[98.350236,19.551029],[98.350192,19.551002],[98.350147,19.550975],[98.350103,19.550947],[98.350058,19.55092],[98.350014,19.550893],[98.349969,19.550863],[98.349925,19.550836],[98.349881,19.550809],[98.349836,19.550782],[98.349792,19.550752],[98.349747,19.550725],[98.349703,19.550698],[98.349659,19.550668],[98.349615,19.550641],[98.349571,19.550611],[98.349527,19.550584],[98.349484,19.550554],[98.34944,19.550525],[98.349396,19.550498],[98.349352,19.550468],[98.349309,19.550439],[98.349265,19.550411],[98.349221,19.550382],[98.349177,19.550355],[98.349133,19.550325],[98.349089,19.550298],[98.349044,19.55027],[98.349,19.550243],[98.348955,19.550216],[98.348909,19.550189],[98.348863,19.550164],[98.348817,19.550139],[98.348771,19.550114],[98.348724,19.550089],[98.348677,19.550064],[98.348631,19.550041],[98.348584,19.550016],[98.348538,19.549991],[98.348492,19.549966],[98.348446,19.549938],[98.348402,19.549911],[98.348358,19.549884],[98.348314,19.549854],[98.348272,19.549825],[98.348231,19.549793],[98.348192,19.549759],[98.348152,19.549725],[98.348113,19.549691],[98.348075,19.549655],[98.348036,19.549621],[98.347997,19.549587],[98.347957,19.549553],[98.347917,19.549521],[98.347876,19.549489],[98.347835,19.549457],[98.347793,19.549426],[98.347751,19.549394],[98.347709,19.549364],[98.347667,19.549332],[98.347626,19.549301],[98.347584,19.549269],[98.347543,19.549237],[98.347503,19.549203],[98.347464,19.549169],[98.347425,19.549135],[98.347387,19.549099],[98.347349,19.549065],[98.347311,19.549028],[98.347274,19.548992],[98.347236,19.548956],[98.347198,19.54892],[98.347161,19.548886],[98.347123,19.548849],[98.347084,19.548815],[98.347046,19.548779],[98.347008,19.548745],[98.346969,19.548709],[98.346931,19.548675],[98.346892,19.548641],[98.346853,19.548604],[98.346813,19.548573],[98.346773,19.548538],[98.346733,19.548507],[98.346691,19.548475],[98.346649,19.548445],[98.346606,19.548416],[98.346563,19.548386],[98.346519,19.548357],[98.346476,19.548327],[98.346432,19.5483],[98.346388,19.548271],[98.346344,19.548243],[98.3463,19.548214],[98.346255,19.548186],[98.346211,19.548159],[98.346167,19.54813],[98.346123,19.548102],[98.34608,19.548073],[98.346037,19.548043],[98.345995,19.548012],[98.345953,19.54798],[98.345911,19.547948],[98.345869,19.547916],[98.345828,19.547884],[98.345787,19.547853],[98.345747,19.547819],[98.345708,19.547785],[98.34567,19.547751],[98.345633,19.547714],[98.345596,19.547678],[98.34556,19.547639],[98.345525,19.547603],[98.345491,19.547565],[98.345457,19.547526],[98.345423,19.547485],[98.34539,19.547447],[98.345357,19.547406],[98.345324,19.547368],[98.34529,19.547329],[98.345257,19.547288],[98.345223,19.54725],[98.345189,19.547211],[98.345155,19.547173],[98.345121,19.547134],[98.345088,19.547096],[98.345055,19.547055],[98.345023,19.547014],[98.344992,19.546975],[98.344961,19.546935],[98.34493,19.546892],[98.3449,19.546851],[98.34487,19.546808],[98.344841,19.546767],[98.344812,19.546724],[98.344784,19.546681],[98.344756,19.546638],[98.344729,19.546595],[98.344704,19.54655],[98.34468,19.546504],[98.344657,19.546459],[98.344635,19.546414],[98.344614,19.546366],[98.344592,19.546321],[98.34457,19.546276],[98.344546,19.546231],[98.34452,19.546188],[98.344493,19.546145],[98.344465,19.546102],[98.344438,19.546058],[98.344409,19.546015],[98.34438,19.545972],[98.344351,19.545929],[98.344322,19.545889],[98.344293,19.545846],[98.344264,19.545803],[98.344235,19.545762],[98.344206,19.545719],[98.344178,19.545676],[98.344149,19.545633],[98.344121,19.54559],[98.344094,19.545547],[98.344067,19.545504],[98.344041,19.545458],[98.344015,19.545415],[98.343989,19.54537],[98.343964,19.545327],[98.343938,19.545282],[98.343913,19.545239],[98.343888,19.545193],[98.343862,19.545148],[98.343836,19.545105],[98.34381,19.54506],[98.343783,19.545017],[98.343756,19.544974],[98.343729,19.544931],[98.343703,19.544886],[98.34368,19.54484],[98.343658,19.544795],[98.343637,19.54475],[98.343617,19.544702],[98.343597,19.544655],[98.343577,19.544609],[98.343557,19.544562],[98.343538,19.544514],[98.343518,19.544467],[98.343498,19.544422],[98.343477,19.544374],[98.343455,19.544329],[98.343432,19.544284],[98.343408,19.544238],[98.343383,19.544193],[98.343358,19.544148],[98.343333,19.544105],[98.343307,19.54406],[98.343281,19.544017],[98.343254,19.543971],[98.343226,19.543928],[98.343199,19.543885],[98.34317,19.543842],[98.343141,19.543799],[98.343111,19.543758],[98.34308,19.543718],[98.343049,19.543677],[98.343017,19.543636],[98.342984,19.543597],[98.342949,19.543559],[98.342914,19.543523],[98.342877,19.543486],[98.342839,19.54345],[98.342801,19.543414],[98.342762,19.54338],[98.342723,19.543346],[98.342684,19.543309],[98.342645,19.543275],[98.342606,19.543239],[98.342568,19.543205],[98.342531,19.543169],[98.342494,19.543133],[98.342459,19.543094],[98.342424,19.543056],[98.342392,19.543017],[98.34236,19.542978],[98.34233,19.542938],[98.342301,19.542895],[98.342273,19.542852],[98.342246,19.542809],[98.34222,19.542763],[98.342195,19.54272],[98.34217,19.542675],[98.342146,19.54263],[98.342122,19.542585],[98.342099,19.542537],[98.342077,19.542492],[98.342055,19.542446],[98.342033,19.542399],[98.342011,19.542354],[98.34199,19.542308],[98.34197,19.542261],[98.341951,19.542213],[98.341934,19.542166],[98.341917,19.542118],[98.341901,19.542071],[98.341885,19.542021],[98.341871,19.541974],[98.341856,19.541924],[98.341841,19.541876],[98.341827,19.541827],[98.341813,19.541777],[98.341799,19.541729],[98.341786,19.54168],[98.341774,19.54163],[98.341761,19.541582],[98.341749,19.541533],[98.341737,19.541483],[98.341725,19.541435],[98.341713,19.541386],[98.3417,19.541336],[98.341688,19.541286],[98.341675,19.541239],[98.341663,19.541189],[98.341649,19.541139],[98.341636,19.541094],[98.341623,19.541044],[98.341609,19.540994],[98.341596,19.540947],[98.341582,19.540897],[98.341568,19.54085],[98.341555,19.5408],[98.34154,19.540752],[98.341525,19.540703],[98.34151,19.540655],[98.341493,19.540608],[98.341476,19.54056],[98.341458,19.540513],[98.341439,19.540465],[98.341417,19.540418],[98.341395,19.540372],[98.341372,19.540327],[98.341348,19.540282],[98.341325,19.540237],[98.341303,19.540189],[98.341281,19.540144],[98.341261,19.540096],[98.341242,19.540051],[98.341226,19.540001],[98.341213,19.539954],[98.341202,19.539904],[98.341192,19.539854],[98.341184,19.539805],[98.341177,19.539755],[98.341171,19.539703],[98.341164,19.539653],[98.341157,19.539603],[98.341149,19.539554],[98.341139,19.539504],[98.341128,19.539454],[98.341116,19.539407],[98.341103,19.539357],[98.34109,19.539307],[98.341076,19.53926],[98.341061,19.53921],[98.341046,19.539162],[98.34103,19.539115],[98.341013,19.539065],[98.340995,19.53902],[98.340976,19.53897],[98.340957,19.538925],[98.340937,19.538877],[98.340918,19.53883],[98.340898,19.538782],[98.340877,19.538737],[98.340855,19.53869],[98.340833,19.538644],[98.34081,19.538599],[98.340787,19.538554],[98.340762,19.538509],[98.340736,19.538465],[98.340709,19.538422],[98.34068,19.538379],[98.34065,19.538339],[98.340619,19.538298],[98.340587,19.538259],[98.340554,19.538219],[98.34052,19.53818],[98.340486,19.538142],[98.340452,19.538101],[98.340417,19.538062],[98.340384,19.538024],[98.34035,19.537985],[98.340317,19.537944],[98.340285,19.537904],[98.340255,19.537861],[98.340224,19.53782],[98.340195,19.537777],[98.340165,19.537736],[98.340136,19.537693],[98.340107,19.53765],[98.340078,19.537607],[98.340048,19.537566],[98.340018,19.537525],[98.339987,19.537482],[98.339955,19.537444],[98.339923,19.537403],[98.339889,19.537364],[98.339853,19.53733],[98.339813,19.537296],[98.339772,19.537265],[98.339728,19.537235],[98.339684,19.537206],[98.33964,19.537176],[98.339597,19.537146],[98.339556,19.537115],[98.339517,19.537081],[98.339482,19.537042],[98.339448,19.537004],[98.339414,19.536965],[98.339381,19.536924],[98.339349,19.536884],[98.339318,19.536843],[98.339287,19.5368],[98.339257,19.536759],[98.339229,19.536716],[98.339201,19.536673],[98.339174,19.536628],[98.339148,19.536585],[98.339122,19.536539],[98.339099,19.536496],[98.339077,19.536451],[98.339057,19.536406],[98.339039,19.536358],[98.339023,19.536308],[98.339008,19.536261],[98.338993,19.536211],[98.33898,19.536164],[98.338966,19.536114],[98.338953,19.536064],[98.338939,19.536014],[98.338925,19.535965],[98.338911,19.535917],[98.338897,19.535867],[98.338884,19.53582],[98.33887,19.53577],[98.338857,19.535721],[98.338845,19.535673],[98.338833,19.535623],[98.338822,19.535574],[98.338811,19.535524],[98.338802,19.535474],[98.338793,19.535424],[98.338785,19.535375],[98.338779,19.535325],[98.338772,19.535275],[98.338765,19.535225],[98.338759,19.535173],[98.338753,19.535124],[98.338747,19.535074],[98.338741,19.535024],[98.338736,19.534972],[98.338731,19.534923],[98.338726,19.534873],[98.338722,19.534821],[98.338718,19.534771],[98.338714,19.534721],[98.338711,19.534669],[98.338709,19.53462],[98.338707,19.53457],[98.338705,19.534518],[98.338704,19.534468],[98.338704,19.534419],[98.338704,19.534369],[98.338705,19.534319],[98.338711,19.53427],[98.338723,19.53422],[98.338738,19.534173],[98.338756,19.534123],[98.338774,19.534073],[98.338791,19.534026],[98.338805,19.533976],[98.338814,19.533927],[98.338816,19.533877],[98.338814,19.533827],[98.338811,19.533777],[98.338808,19.533728],[98.338804,19.533678],[98.3388,19.533628],[98.338796,19.533576],[98.338791,19.533527],[98.338786,19.533477],[98.33878,19.533427],[98.338774,19.533377],[98.338768,19.533328],[98.338762,19.533278],[98.338755,19.533226],[98.338748,19.533176],[98.338741,19.533127],[98.338734,19.533077],[98.338727,19.533027],[98.33872,19.532975],[98.338712,19.532925],[98.338705,19.532876],[98.338698,19.532826],[98.33869,19.532776],[98.338683,19.532724],[98.338675,19.532674],[98.338668,19.532625],[98.338661,19.532575],[98.338654,19.532525],[98.338647,19.532473],[98.338641,19.532424],[98.338628,19.532326],[98.338617,19.532277],[98.338606,19.532227],[98.338596,19.532177],[98.338586,19.532127],[98.338576,19.53208],[98.338566,19.53203],[98.338555,19.53198],[98.338545,19.531931],[98.338533,19.531881],[98.338522,19.531831],[98.338509,19.531784],[98.338496,19.531734],[98.338482,19.531686],[98.338466,19.531637],[98.338446,19.531591],[98.338424,19.531544],[98.3384,19.531499],[98.338375,19.531453],[98.33835,19.531408],[98.338326,19.531363],[98.338303,19.531318],[98.338285,19.53127],[98.338269,19.531223],[98.338258,19.531175],[98.338251,19.531125],[98.338247,19.531076],[98.338244,19.531026],[98.338243,19.530974],[98.338243,19.530922],[98.338242,19.530872],[98.33824,19.53082],[98.338236,19.530771],[98.33823,19.530721],[98.338224,19.530671],[98.338217,19.530621],[98.338211,19.530572],[98.338204,19.530522],[98.338198,19.53047],[98.338191,19.53042],[98.338184,19.530371],[98.338177,19.530321],[98.33817,19.530271],[98.338163,19.530221],[98.338156,19.530172],[98.338148,19.530122],[98.338141,19.53007],[98.338134,19.53002],[98.338127,19.52997],[98.338121,19.529921],[98.338114,19.529871],[98.338107,19.529821],[98.338101,19.529772],[98.338094,19.529722],[98.338088,19.52967],[98.338083,19.52962],[98.338079,19.52957],[98.338075,19.529521],[98.338072,19.529469],[98.338069,19.529419],[98.338066,19.529367],[98.338064,19.529317],[98.338062,19.529268],[98.33806,19.529216],[98.338058,19.529166],[98.338056,19.529116],[98.338055,19.529067],[98.338053,19.529015],[98.338051,19.528965],[98.338048,19.528915],[98.338046,19.528863],[98.338043,19.528813],[98.33804,19.528764],[98.338037,19.528714],[98.338033,19.528662],[98.338027,19.528612],[98.338021,19.528563],[98.338014,19.528513],[98.338007,19.528461],[98.337999,19.528411],[98.337993,19.528361],[98.337987,19.528312],[98.337983,19.528262],[98.33798,19.52821],[98.337979,19.52816],[98.337982,19.528111],[98.337991,19.528061],[98.338003,19.528011],[98.338016,19.527962],[98.338028,19.527912],[98.338038,19.527862],[98.338043,19.527815],[98.338047,19.527765],[98.338051,19.527713],[98.338053,19.527664],[98.338054,19.527614],[98.338055,19.527562],[98.338055,19.527512],[98.338055,19.52746],[98.338053,19.527411],[98.33805,19.527359],[98.338044,19.527307],[98.338038,19.527257],[98.338032,19.527205],[98.338027,19.527155],[98.338023,19.527103],[98.338022,19.527054],[98.338024,19.527004],[98.33803,19.526956],[98.33804,19.526909],[98.338054,19.526859],[98.33807,19.526812],[98.338088,19.526765],[98.338109,19.526719],[98.338131,19.526672],[98.338155,19.526627],[98.33818,19.52658],[98.338205,19.526535],[98.33823,19.526489],[98.338255,19.526444],[98.33828,19.526399],[98.338305,19.526356],[98.338331,19.526311],[98.338356,19.526266],[98.338381,19.526223],[98.338407,19.526178],[98.338433,19.526136],[98.338458,19.52609],[98.338484,19.526045],[98.33851,19.526003],[98.338536,19.525957],[98.338562,19.525915],[98.338588,19.52587],[98.338614,19.525827],[98.33864,19.525782],[98.338666,19.525739],[98.338693,19.525694],[98.338719,19.525651],[98.338745,19.525606],[98.338772,19.525563],[98.338798,19.52552],[98.338824,19.525475],[98.338851,19.525432],[98.338877,19.525387],[98.338904,19.525344],[98.33893,19.525299],[98.338957,19.525256],[98.338983,19.525211],[98.339009,19.525168],[98.339036,19.525126],[98.339062,19.525081],[98.339088,19.525038],[98.339115,19.524993],[98.339141,19.52495],[98.339167,19.524905],[98.339193,19.524862],[98.339219,19.524817],[98.339245,19.524774],[98.339271,19.524729],[98.339287,19.524686],[98.339312,19.524636],[98.339334,19.524591],[98.339357,19.524546],[98.33938,19.524499],[98.339404,19.524454],[98.339428,19.524409],[98.339453,19.524364],[98.339477,19.524316],[98.339501,19.524271],[98.339525,19.524226],[98.339548,19.524181],[98.33957,19.524134],[98.339592,19.524088],[98.339612,19.524041],[98.339631,19.523994],[98.339649,19.523946],[98.339665,19.523899],[98.33968,19.523852],[98.339692,19.523804],[98.339703,19.523754],[98.339713,19.523707],[98.339721,19.523657],[98.339728,19.523608],[98.339734,19.523558],[98.33974,19.523508],[98.339744,19.523459],[98.339748,19.523409],[98.339751,19.523357],[98.339753,19.523307],[98.339755,19.523258],[98.339757,19.523206],[98.339758,19.523156],[98.339758,19.523104],[98.339759,19.523054],[98.33976,19.523002],[98.33976,19.52295],[98.339761,19.522901],[98.339762,19.522849],[98.339763,19.522799],[98.339764,19.522747],[98.339765,19.522697],[98.339767,19.522648],[98.33977,19.522596],[98.339773,19.522546],[98.339777,19.522496],[98.339782,19.522444],[98.339787,19.522395],[98.339793,19.522345],[98.339799,19.522295],[98.339805,19.522243],[98.339811,19.522194],[98.339817,19.522144],[98.339822,19.522094],[98.339827,19.522042],[98.339831,19.521993],[98.339834,19.521943],[98.339837,19.521893],[98.339837,19.521841],[98.339838,19.521792],[98.339837,19.521742],[98.339835,19.52169],[98.339832,19.52164],[98.339828,19.521588],[98.339823,19.521539],[98.339816,19.521489],[98.339809,19.521439],[98.339799,19.521389],[98.339789,19.52134],[98.339776,19.521292],[98.339761,19.521245],[98.339744,19.521195],[98.339726,19.521147],[98.339707,19.521102],[98.339687,19.521055],[98.339668,19.521007],[98.33965,19.52096],[98.339632,19.520912],[98.339617,19.520862],[98.339604,19.520813],[98.33959,19.520765],[98.339578,19.520715],[98.339565,19.520666],[98.339553,19.520618],[98.33954,19.520568],[98.339529,19.520519],[98.339517,19.520471],[98.339505,19.520421],[98.339494,19.520372],[98.339484,19.520322],[98.339473,19.520272],[98.339463,19.520222],[98.339453,19.520173],[98.339443,19.520123],[98.339434,19.520073],[98.339425,19.520024],[98.339416,19.519976],[98.339407,19.519926],[98.339399,19.519877],[98.339392,19.519827],[98.339385,19.519777],[98.339378,19.519727],[98.339371,19.519678],[98.339364,19.519628],[98.339358,19.519576],[98.339352,19.519526],[98.339346,19.519477],[98.339341,19.519427],[98.339335,19.519377],[98.33933,19.519325],[98.339325,19.519275],[98.339319,19.519226],[98.339314,19.519176],[98.339312,19.519124],[98.339314,19.519074],[98.339316,19.519022],[98.339315,19.518973],[98.339309,19.518923],[98.339297,19.518873],[98.339284,19.518823],[98.33927,19.518776],[98.339256,19.518726],[98.339242,19.518679],[98.339227,19.518631],[98.339212,19.518581],[98.339197,19.518534],[98.339181,19.518486],[98.339165,19.518437],[98.33915,19.518389],[98.339133,19.518342],[98.339117,19.518294],[98.339101,19.518244],[98.339085,19.518197],[98.339069,19.518149],[98.339052,19.5181],[98.339036,19.518052],[98.33902,19.518005],[98.339004,19.517957],[98.338988,19.517907],[98.338972,19.51786],[98.338957,19.517812],[98.338941,19.517763],[98.338927,19.517715],[98.338913,19.517665],[98.338899,19.517616],[98.338887,19.517568],[98.338875,19.517518],[98.338863,19.517469],[98.338851,19.517419],[98.338838,19.517369],[98.338826,19.517319],[98.338813,19.517272],[98.338799,19.517222],[98.338784,19.517175],[98.338768,19.517125],[98.338751,19.51708],[98.338733,19.517032],[98.338712,19.516987],[98.33869,19.516942],[98.338666,19.516896],[98.33864,19.516853],[98.338612,19.51681],[98.338584,19.516767],[98.338555,19.516724],[98.338525,19.516683],[98.338495,19.51664],[98.338465,19.516597],[98.338435,19.516557],[98.338406,19.516514],[98.338378,19.516471],[98.33835,19.516428],[98.338324,19.516382],[98.338299,19.516339],[98.338274,19.516294],[98.33825,19.516249],[98.338225,19.516203],[98.3382,19.516158],[98.338177,19.516113],[98.338153,19.516068],[98.33813,19.516022],[98.338108,19.515977],[98.338087,19.51593],[98.338066,19.515884],[98.338047,19.515837],[98.338029,19.515789],[98.338012,19.515742],[98.337996,19.515694],[98.337982,19.515647],[98.33797,19.515597],[98.33796,19.515547],[98.337951,19.515498],[98.337943,19.515448],[98.337936,19.515398],[98.33793,19.515346],[98.337925,19.515296],[98.337919,19.515247],[98.337914,19.515195],[98.337909,19.515145],[98.337907,19.515095],[98.337905,19.515046],[98.337905,19.514994],[98.337905,19.514944],[98.337906,19.514894],[98.337906,19.514842],[98.337906,19.514793],[98.337905,19.514743],[98.337902,19.514693],[98.337898,19.514641],[98.337893,19.514591],[98.337887,19.514542],[98.337881,19.514492],[98.337874,19.514442],[98.337868,19.51439],[98.337861,19.514341],[98.337855,19.514291],[98.33785,19.514241],[98.337846,19.514191],[98.337844,19.514139],[98.337843,19.514087],[98.337845,19.514038],[98.337848,19.513988],[98.337851,19.513936],[98.337855,19.513886],[98.337857,19.513837],[98.337858,19.513787],[98.337857,19.513735],[98.337855,19.513685],[98.337853,19.513636],[98.337851,19.513584],[98.337848,19.513534],[98.337846,19.513484],[98.337846,19.513432],[98.337846,19.513383],[98.337848,19.513333],[98.337852,19.513281],[98.337858,19.513231],[98.337866,19.513182],[98.337874,19.513132],[98.337883,19.513082],[98.337892,19.513033],[98.337899,19.512983],[98.337906,19.512931],[98.33791,19.512881],[98.337913,19.512834],[98.337913,19.512782],[98.337912,19.512732],[98.337909,19.51268],[98.337907,19.51263],[98.337905,19.512581],[98.337903,19.512529],[98.337903,19.512479],[98.337905,19.512429],[98.337909,19.51238],[98.337916,19.512328],[98.337925,19.51228],[98.337935,19.512231],[98.337947,19.512181],[98.33796,19.512131],[98.337973,19.512084],[98.337988,19.512034],[98.338004,19.511985],[98.33802,19.511937],[98.338036,19.51189],[98.338053,19.51184],[98.33807,19.511793],[98.338088,19.511746],[98.338107,19.511698],[98.338127,19.511653],[98.338148,19.511606],[98.33817,19.511561],[98.338192,19.511513],[98.338215,19.511468],[98.338238,19.511423],[98.338261,19.511378],[98.338284,19.511331],[98.338308,19.511285],[98.338332,19.51124],[98.338357,19.511195],[98.338381,19.51115],[98.338406,19.511107],[98.338431,19.511062],[98.338455,19.511017],[98.338479,19.510972],[98.338503,19.510927],[98.338526,19.510882],[98.338547,19.510835],[98.338569,19.510789],[98.338591,19.510742],[98.338613,19.510697],[98.338634,19.51065],[98.338655,19.510604],[98.338676,19.510557],[98.338697,19.510512],[98.338717,19.510465],[98.338737,19.510417],[98.338756,19.51037],[98.338775,19.510323],[98.338793,19.510275],[98.338811,19.510228],[98.338827,19.51018],[98.338843,19.510133],[98.338858,19.510086],[98.338872,19.510038],[98.338885,19.509989],[98.338898,19.509939],[98.338909,19.509889],[98.338921,19.50984],[98.338931,19.509792],[98.338942,19.509743],[98.338951,19.509691],[98.338961,19.509641],[98.33897,19.509591],[98.338979,19.509542],[98.338987,19.509492],[98.338995,19.509442],[98.339002,19.509393],[98.339008,19.509343],[98.339013,19.509293],[98.339019,19.509241],[98.339024,19.509192],[98.339029,19.509142],[98.339034,19.509092],[98.33904,19.50904],[98.339046,19.508991],[98.339052,19.508941],[98.339059,19.508891],[98.339067,19.508842],[98.339076,19.508792],[98.339085,19.508742],[98.339097,19.508693],[98.339109,19.508643],[98.339123,19.508596],[98.339137,19.508546],[98.339152,19.508496],[98.339167,19.508449],[98.339183,19.508401],[98.339198,19.508352],[98.339214,19.508304],[98.339229,19.508255],[98.339252,19.50818],[98.339276,19.508135],[98.3393,19.50809],[98.339324,19.508045],[98.339348,19.508],[98.339372,19.507955],[98.339395,19.50791],[98.339419,19.507865],[98.339442,19.50782],[98.339465,19.507774],[98.339488,19.507727],[98.339509,19.507682],[98.339529,19.507635],[98.339548,19.507587],[98.339568,19.50754],[98.339587,19.507492],[98.339607,19.507447],[98.339628,19.5074],[98.33965,19.507355],[98.339675,19.50731],[98.339702,19.507267],[98.33973,19.507224],[98.33976,19.507181],[98.33979,19.507141],[98.339821,19.5071],[98.339852,19.507057],[98.339882,19.507017],[98.33991,19.506974],[98.339937,19.506931],[98.339963,19.506886],[98.339988,19.506841],[98.340013,19.506798],[98.340036,19.506753],[98.34006,19.506706],[98.340083,19.506661],[98.340106,19.506616],[98.340129,19.50657],[98.340151,19.506525],[98.340174,19.506478],[98.340197,19.506433],[98.340219,19.506388],[98.340241,19.506343],[98.340262,19.506295],[98.340283,19.50625],[98.340304,19.506203],[98.340326,19.506158],[98.340349,19.506113],[98.340374,19.506065],[98.340399,19.506022],[98.340426,19.50598],[98.340453,19.505935],[98.340481,19.505892],[98.340509,19.505849],[98.340537,19.505806],[98.340565,19.505763],[98.340592,19.50572],[98.340618,19.505675],[98.340644,19.505632],[98.34067,19.505587],[98.340695,19.505542],[98.340719,19.505497],[98.340742,19.505452],[98.340765,19.505407],[98.340787,19.505362],[98.340809,19.505317],[98.340831,19.505269],[98.340852,19.505224],[98.340872,19.505177],[98.340892,19.50513],[98.340911,19.505082],[98.340929,19.505035],[98.340945,19.504987],[98.340961,19.504938],[98.340976,19.50489],[98.340991,19.504841],[98.341005,19.504793],[98.341019,19.504744],[98.341033,19.504696],[98.341048,19.504649],[98.341062,19.504599],[98.341076,19.504552],[98.34109,19.504502],[98.341103,19.504455],[98.341116,19.504405],[98.341129,19.504356],[98.341141,19.504306],[98.341152,19.504256],[98.341163,19.504207],[98.341173,19.504157],[98.341183,19.50411],[98.341193,19.50406],[98.341202,19.50401],[98.341211,19.50396],[98.34122,19.503909],[98.341229,19.503859],[98.341237,19.503809],[98.341246,19.50376],[98.341253,19.50371],[98.34126,19.50366],[98.341266,19.503608],[98.341271,19.503559],[98.341275,19.503509],[98.341278,19.503459],[98.341281,19.503407],[98.341283,19.503358],[98.341284,19.503308],[98.341284,19.503256],[98.341284,19.503206],[98.341283,19.503154],[98.34128,19.503105],[98.341277,19.503055],[98.341273,19.503005],[98.341266,19.502955],[98.341258,19.502906],[98.341249,19.502856],[98.341238,19.502806],[98.341228,19.502756],[98.341217,19.502707],[98.341207,19.502657],[98.341198,19.502607],[98.341189,19.502557],[98.341181,19.502508],[98.341173,19.502458],[98.341164,19.502408],[98.341157,19.502359],[98.341149,19.502309],[98.341143,19.502259],[98.341137,19.502207],[98.341133,19.50216],[98.341133,19.502108],[98.341137,19.502058],[98.34114,19.502008],[98.341138,19.501956],[98.34113,19.501907],[98.34112,19.501857],[98.34111,19.501807],[98.3411,19.501757],[98.34109,19.50171],[98.341079,19.50166],[98.341068,19.50161],[98.341057,19.501561],[98.341046,19.501511],[98.341034,19.501463],[98.341023,19.501414],[98.341011,19.501364],[98.340999,19.501314],[98.340988,19.501264],[98.340976,19.501217],[98.340964,19.501167],[98.340952,19.501117],[98.34094,19.501068],[98.340929,19.50102],[98.340917,19.500971],[98.340905,19.500921],[98.340894,19.500871],[98.340882,19.500821],[98.34087,19.500767],[98.34089,19.500729],[98.340965,19.500383],[98.341137,19.499982],[98.341357,19.49958],[98.341529,19.499202],[98.3417,19.498825],[98.341883,19.498561],[98.342042,19.49832],[98.34225,19.497953],[98.3423,19.497585],[98.342375,19.497183],[98.342414,19.496562],[98.342404,19.49608],[98.342419,19.495574],[98.342421,19.495159],[98.342435,19.494804],[98.342474,19.494309],[98.342524,19.493815],[98.342515,19.49332],[98.342493,19.492861],[98.342483,19.492344],[98.342437,19.491905],[98.342475,19.491481],[98.342441,19.491031],[98.342406,19.490699],[98.34242,19.490353],[98.342373,19.490066],[98.342326,19.489757],[98.34234,19.489411],[98.34239,19.489102],[98.34244,19.488779],[98.342453,19.488458],[98.342431,19.488191],[98.342384,19.487915],[98.342361,19.487479],[98.342339,19.4871],[98.342316,19.486765],[98.342233,19.486422],[98.342138,19.486098],[98.34203,19.485763],[98.341922,19.485524],[98.341766,19.485211],[98.34161,19.484876],[98.341539,19.484451],[98.341469,19.484072],[98.341362,19.483646],[98.341315,19.483233],[98.341365,19.482921],[98.341524,19.48259],[98.341574,19.482371],[98.341574,19.482348],[98.341611,19.482152],[98.341625,19.481842],[98.341662,19.481671],[98.341724,19.481348],[98.341799,19.480901],[98.34197,19.480578],[98.342008,19.480235],[98.341974,19.479855],[98.341939,19.479498],[98.341831,19.479222],[98.34182,19.479107],[98.341676,19.478727],[98.341569,19.47844],[98.341437,19.478128],[98.341148,19.477758],[98.340955,19.477538],[98.340798,19.477423],[98.340387,19.477157],[98.339988,19.476936],[98.339758,19.47682],[98.339396,19.476496],[98.339155,19.476174],[98.338854,19.475816],[98.338589,19.475435],[98.338348,19.475134],[98.338107,19.474835],[98.337902,19.474547],[98.337697,19.474339],[98.33748,19.474037],[98.337251,19.473808],[98.336865,19.473439],[98.336636,19.473149],[98.336444,19.47285],[98.336251,19.472585],[98.336047,19.472272],[98.335793,19.47203],[98.335552,19.471798],[98.33525,19.47151],[98.335057,19.471336],[98.334936,19.471256],[98.334828,19.471118],[98.334768,19.471082],[98.334418,19.470723],[98.334055,19.470492],[98.333596,19.470284],[98.333197,19.470052],[98.332785,19.469866],[98.332495,19.469749],[98.332168,19.469585],[98.331866,19.469458],[98.331503,19.469307],[98.33108,19.469145],[98.330765,19.469015],[98.330414,19.468899],[98.330075,19.468805],[98.329773,19.4687],[98.329519,19.46862],[98.329349,19.468561],[98.329168,19.468467],[98.32901,19.468365],[98.328817,19.468213],[98.328661,19.468075],[98.328552,19.467948],[98.328407,19.467739],[98.328336,19.467567],[98.328264,19.467384],[98.328302,19.46705],[98.328267,19.466682],[98.328245,19.466349],[98.328343,19.466049],[98.328406,19.46567],[98.328371,19.465372],[98.328372,19.465152],[98.328386,19.464773],[98.328387,19.464579],[98.328315,19.464371],[98.328231,19.46421],[98.328014,19.464001],[98.327857,19.463829],[98.327713,19.463598],[98.327497,19.463229],[98.327255,19.463056],[98.326856,19.462824],[98.326542,19.462649],[98.326348,19.462592],[98.326167,19.462521],[98.325924,19.462439],[98.325659,19.46223],[98.325091,19.461781],[98.32473,19.461319],[98.324611,19.460973],[98.324515,19.460674],[98.324324,19.460167],[98.324192,19.45974],[98.324037,19.459371],[98.323905,19.459004],[98.323713,19.458692],[98.323665,19.45852],[98.323353,19.458035],[98.323161,19.457585],[98.322836,19.457089],[98.322524,19.456559],[98.322247,19.456097],[98.322043,19.455717],[98.321814,19.455348],[98.321658,19.455004],[98.321454,19.454646],[98.321226,19.454196],[98.321034,19.453746],[98.32083,19.453424],[98.320626,19.453055],[98.320507,19.452605],[98.320352,19.452031],[98.32016,19.451592],[98.320042,19.450983],[98.319984,19.450452],[98.319962,19.45005],[98.319842,19.449706],[98.319651,19.449152],[98.319496,19.448727],[98.319281,19.448023],[98.319175,19.447472],[98.319189,19.447024],[98.319059,19.446436],[98.319024,19.446023],[98.319023,19.445978],[98.319014,19.4457],[98.318907,19.445263],[98.318837,19.444768],[98.318827,19.444296],[98.318829,19.443849],[98.318831,19.443411],[98.318919,19.442894],[98.318885,19.442412],[98.318875,19.441895],[98.318867,19.441251],[98.318821,19.440709],[98.318726,19.44025],[98.318631,19.439766],[98.318512,19.439318],[98.318344,19.438972],[98.318238,19.438454],[98.318131,19.438119],[98.318024,19.437694],[98.317917,19.437244],[98.317701,19.436771],[98.31757,19.436346],[98.31739,19.435943],[98.31727,19.43562],[98.317163,19.435217],[98.31708,19.43493],[98.317021,19.43471],[98.316986,19.434308],[98.316976,19.43394],[98.31693,19.433456],[98.316824,19.432916],[98.316778,19.432387],[98.316767,19.43203],[98.316697,19.43156],[98.316602,19.431155],[98.31652,19.430662],[98.316449,19.430212],[98.316366,19.429799],[98.316272,19.429337],[98.316044,19.428808],[98.315937,19.428485],[98.315781,19.428037],[98.315638,19.427519],[98.315507,19.427127],[98.315305,19.42639],[98.315138,19.425768],[98.31497,19.425492],[98.314778,19.425168],[98.314525,19.424799],[98.314438,19.424593],[98.3142,19.424269],[98.314009,19.423819],[98.313913,19.423498],[98.313854,19.423335],[98.313734,19.423013],[98.313675,19.422634],[98.313641,19.422335],[98.313691,19.42192],[98.313803,19.42145],[98.313926,19.420911],[98.314074,19.420554],[98.314184,19.420336],[98.314417,19.419822],[98.314674,19.419339],[98.314943,19.418766],[98.315383,19.417986],[98.315884,19.417263],[98.31625,19.416724],[98.316567,19.416256],[98.316946,19.415636],[98.317252,19.41512],[98.317508,19.414684],[98.317716,19.414249],[98.317949,19.413699],[98.318182,19.413194],[98.318658,19.412495],[98.319097,19.411934],[98.319597,19.411281],[98.32006,19.410847],[98.32051,19.410514],[98.321045,19.410091],[98.321422,19.409806],[98.321848,19.409475],[98.322238,19.409108],[98.322663,19.4088],[98.32338,19.408482],[98.32389,19.408141],[98.324474,19.407775],[98.325094,19.407409],[98.325531,19.407124],[98.326188,19.40676],[98.326699,19.406326],[98.327124,19.40612],[98.32767,19.405997],[98.328083,19.405802],[98.328398,19.405702],[98.328628,19.405669],[98.329089,19.405589],[98.329501,19.405557],[98.329829,19.405479],[98.330072,19.405398],[98.330423,19.4054],[98.330959,19.404898],[98.331106,19.404542],[98.331217,19.404174],[98.331352,19.403716],[98.331608,19.40343],[98.331936,19.403212],[98.332507,19.403031],[98.333041,19.402827],[98.333648,19.40261],[98.334133,19.402488],[98.334679,19.402352],[98.335285,19.402205],[98.335771,19.402012],[98.336415,19.401705],[98.336816,19.401499],[98.337193,19.401272],[98.337582,19.40095],[98.337935,19.400665],[98.338215,19.400368],[98.338434,19.400138],[98.338689,19.399888],[98.338969,19.399636],[98.339128,19.399418],[98.339226,19.399142],[98.339325,19.398878],[98.339326,19.398637],[98.339242,19.398442],[98.338772,19.397842],[98.338531,19.397599],[98.33812,19.397424],[98.336801,19.396958],[98.336293,19.39683],[98.335349,19.396652],[98.334599,19.39636],[98.334261,19.39621],[98.33385,19.395885],[98.333561,19.395482],[98.333235,19.395411],[98.332823,19.395375],[98.332581,19.395327],[98.332206,19.395131],[98.331856,19.394864],[98.331421,19.39462],[98.331131,19.394425],[98.330817,19.394284],[98.33049,19.394192],[98.330114,19.394236],[98.329169,19.394266],[98.328963,19.394263],[98.328116,19.394041],[98.327196,19.39383],[98.326046,19.393699],[98.324993,19.393521],[98.323794,19.393377],[98.322788,19.393292],[98.322631,19.393291],[98.321891,19.39346],[98.320849,19.393386],[98.320499,19.393269],[98.31993,19.393127],[98.319191,19.393009],[98.318525,19.392892],[98.317183,19.392414],[98.31659,19.392306],[98.316251,19.392214],[98.315863,19.392211],[98.315464,19.392071],[98.315247,19.392],[98.314919,19.39208],[98.314506,19.392321],[98.314092,19.392696],[98.31386,19.393019],[98.313689,19.393305],[98.313579,19.393521],[98.313469,19.393706],[98.313347,19.393796],[98.31319,19.393865],[98.312838,19.393828],[98.312536,19.393689],[98.312052,19.393549],[98.311653,19.393385],[98.310625,19.392945],[98.30991,19.39301],[98.309158,19.393306],[98.308708,19.393453],[98.308174,19.393691],[98.307725,19.393897],[98.307117,19.394227],[98.306862,19.394327],[98.306571,19.394557],[98.306328,19.394578],[98.306062,19.394543],[98.305795,19.394542],[98.305625,19.394621],[98.305394,19.394803],[98.305235,19.395044],[98.305089,19.395308],[98.30493,19.395515],[98.304723,19.395778],[98.304479,19.39611],[98.304139,19.396212],[98.303702,19.396405],[98.303277,19.396507],[98.302877,19.396503],[98.301992,19.396649],[98.301701,19.396637],[98.301434,19.396762],[98.301276,19.396829],[98.30102,19.397081],[98.300728,19.397367],[98.300618,19.397597],[98.300617,19.397839],[98.300615,19.398092],[98.300724,19.398253],[98.300844,19.398506],[98.300903,19.398656],[98.300951,19.398816],[98.300986,19.399094],[98.300816,19.399218],[98.300585,19.399332],[98.30033,19.399354],[98.300063,19.399445],[98.299833,19.399535],[98.299711,19.399593],[98.299614,19.399708],[98.299528,19.399845],[98.299491,19.399994],[98.299515,19.40011],[98.299551,19.400214],[98.29961,19.400352],[98.299573,19.400627],[98.299475,19.400832],[98.299377,19.400995],[98.299243,19.401166],[98.299109,19.401256],[98.298951,19.40128],[98.298636,19.401277],[98.298357,19.401379],[98.297968,19.401665],[98.297932,19.401676],[98.297675,19.4021],[98.297455,19.402352],[98.297188,19.402593],[98.296884,19.402707],[98.296544,19.402751],[98.296327,19.402761],[98.296072,19.402724],[98.295927,19.402701],[98.295697,19.402539],[98.295371,19.402364],[98.294816,19.40189],[98.294697,19.401487],[98.294638,19.401304],[98.294566,19.401166],[98.294493,19.401084],[98.293815,19.401],[98.293452,19.401022],[98.2931,19.400986],[98.292774,19.400777],[98.292557,19.400512],[98.292329,19.400199],[98.292076,19.399923],[98.291859,19.399784],[98.291628,19.399781],[98.291385,19.399884],[98.291191,19.400066],[98.291104,19.400319],[98.291006,19.400538],[98.290872,19.40072],[98.290605,19.400882],[98.290301,19.401041],[98.290191,19.401142],[98.290058,19.401234],[98.289936,19.401279],[98.289743,19.401267],[98.289513,19.401185],[98.289271,19.400989],[98.289139,19.400758],[98.289105,19.40032],[98.289058,19.399976],[98.289047,19.399791],[98.288915,19.399653],[98.288648,19.399595],[98.28815,19.399833],[98.287834,19.400062],[98.287422,19.400117],[98.287301,19.400128],[98.287034,19.400082],[98.286841,19.399954],[98.286672,19.399825],[98.286503,19.399675],[98.286504,19.399481],[98.286553,19.399366],[98.286724,19.399206],[98.286894,19.399069],[98.287028,19.398943],[98.287114,19.398805],[98.287175,19.398645],[98.287115,19.398494],[98.28691,19.398262],[98.286609,19.398019],[98.286065,19.397674],[98.285763,19.397544],[98.285245,19.397058],[98.284846,19.396781],[98.284641,19.396654],[98.284389,19.396285],[98.284027,19.395904],[98.283654,19.395453],[98.283208,19.3949],[98.282992,19.394564],[98.282728,19.393987],[98.282549,19.393562],[98.282417,19.393238],[98.282165,19.392883],[98.281886,19.392789],[98.281692,19.392777],[98.281377,19.39281],[98.280905,19.392794],[98.280832,19.392771],[98.2807,19.392563],[98.280556,19.392298],[98.28029,19.392136],[98.279818,19.392087],[98.2792,19.39213],[98.278546,19.392046],[98.278292,19.392045],[98.278158,19.392092],[98.278086,19.392067],[98.277929,19.391962],[98.277626,19.391857],[98.277288,19.391707],[98.277751,19.391227],[98.278056,19.390849],[98.278239,19.390493],[98.27835,19.390276],[98.278739,19.389932],[98.279006,19.38975],[98.279323,19.389487],[98.279615,19.389167],[98.279823,19.388845],[98.280067,19.388492],[98.280202,19.38825],[98.280422,19.38786],[98.280617,19.387504],[98.280838,19.387137],[98.281045,19.38676],[98.281168,19.386415],[98.281279,19.386151],[98.281753,19.385762],[98.282239,19.385513],[98.282761,19.385285],[98.283162,19.385092],[98.283563,19.384956],[98.283915,19.384786],[98.284363,19.384754],[98.284751,19.384733],[98.285091,19.384711],[98.285224,19.384712],[98.285442,19.384665],[98.285721,19.384576],[98.286073,19.384428],[98.286316,19.384348],[98.286704,19.384214],[98.287081,19.384111],[98.287541,19.384172],[98.287952,19.384266],[98.288314,19.384555],[98.288677,19.384705],[98.28916,19.384974],[98.289523,19.385102],[98.289958,19.385241],[98.290358,19.385231],[98.290686,19.385131],[98.291171,19.384914],[98.291621,19.384662],[98.291997,19.384585],[98.292398,19.384403],[98.292775,19.38414],[98.293018,19.383922],[98.293274,19.383602],[98.293433,19.383339],[98.293543,19.383109],[98.29369,19.382811],[98.293655,19.382535],[98.293621,19.382212],[98.293573,19.38197],[98.29349,19.381638],[98.293419,19.381441],[98.293347,19.381235],[98.293348,19.381039],[98.293324,19.380901],[98.293361,19.380819],[98.293496,19.380626],[98.293751,19.380489],[98.294102,19.380434],[98.294539,19.380275],[98.295049,19.380128],[98.295449,19.379992],[98.295863,19.379695],[98.296252,19.379328],[98.296593,19.379124],[98.297127,19.378907],[98.297806,19.378704],[98.298607,19.378535],[98.299177,19.378332],[98.299784,19.378185],[98.300608,19.378098],[98.301408,19.378008],[98.30216,19.377817],[98.302779,19.377659],[98.303276,19.377501],[98.303786,19.377308],[98.304393,19.377173],[98.305011,19.377062],[98.305642,19.376811],[98.306237,19.376665],[98.306807,19.376531],[98.307329,19.376325],[98.307851,19.376167],[98.308506,19.376009],[98.309016,19.375735],[98.309526,19.375475],[98.310024,19.375224],[98.310546,19.374928],[98.311129,19.374621],[98.311724,19.374325],[98.312138,19.374062],[98.312612,19.373707],[98.313013,19.37341],[98.313585,19.373035],[98.314035,19.372601],[98.314449,19.372256],[98.314911,19.37189],[98.315348,19.371548],[98.31575,19.371148],[98.316128,19.370668],[98.316361,19.370242],[98.316581,19.36984],[98.316813,19.36945],[98.316996,19.369108],[98.317156,19.368695],[98.317229,19.36851],[98.31745,19.367982],[98.317585,19.36758],[98.317684,19.367271],[98.317782,19.366926],[98.31799,19.366549],[98.318174,19.366238],[98.318357,19.36593],[98.318625,19.365621],[98.318929,19.36538],[98.319172,19.36514],[98.319428,19.364899],[98.319792,19.364717],[98.320242,19.364443],[98.320715,19.364194],[98.32125,19.363966],[98.321699,19.363739],[98.322124,19.363454],[98.322574,19.363225],[98.322974,19.363089],[98.323447,19.362964],[98.323883,19.362968],[98.324405,19.3629],[98.325023,19.362846],[98.325471,19.362791],[98.325932,19.362725],[98.326416,19.36276],[98.326901,19.362832],[98.327252,19.362845],[98.327821,19.36279],[98.328282,19.362758],[98.328779,19.362634],[98.329228,19.362556],[98.329665,19.362431],[98.330017,19.362272],[98.330356,19.362124],[98.330612,19.361908],[98.330855,19.361701],[98.331135,19.361449],[98.331391,19.361163],[98.331501,19.3609],[98.331612,19.360602],[98.331662,19.360234],[98.3317,19.359877],[98.331702,19.359556],[98.331654,19.359269],[98.331717,19.358901],[98.331791,19.358533],[98.331805,19.358176],[98.331818,19.357912],[98.331893,19.357544],[98.331955,19.357201],[98.332078,19.356901],[98.332273,19.356626],[98.332529,19.35634],[98.332724,19.356042],[98.333053,19.355734],[98.333332,19.355527],[98.333515,19.355333],[98.333613,19.355139],[98.333687,19.354898],[98.333712,19.354586],[98.333738,19.354311],[98.333812,19.354047],[98.333923,19.353749],[98.334118,19.353404],[98.334289,19.353118],[98.334424,19.352831],[98.334789,19.352363],[98.335046,19.351984],[98.335387,19.351513],[98.335728,19.35116],[98.336093,19.350815],[98.336483,19.350392],[98.336908,19.350177],[98.337538,19.35003],[98.338036,19.34986],[98.338376,19.349631],[98.33885,19.349346],[98.339336,19.349083],[98.339918,19.348846],[98.340416,19.348664],[98.341022,19.34854],[98.341434,19.348553],[98.341772,19.348647],[98.342184,19.348752],[98.342681,19.348731],[98.343202,19.348539],[98.344232,19.348509],[98.345177,19.348365],[98.346014,19.348161],[98.346826,19.348107],[98.347383,19.348122],[98.347929,19.348068],[98.348499,19.347862],[98.349299,19.347648],[98.350197,19.347398],[98.350973,19.347254],[98.351615,19.3472],[98.352305,19.34734],[98.352935,19.347424],[98.353684,19.347842],[98.354602,19.34827],[98.355436,19.348644],[98.356257,19.349119],[98.356957,19.349799],[98.357463,19.35025],[98.358115,19.350795],[98.358718,19.351314],[98.359322,19.351685],[98.359974,19.352103],[98.360409,19.352473],[98.360805,19.353174],[98.361227,19.35358],[98.361903,19.354145],[98.362796,19.35491],[98.363496,19.355384],[98.364354,19.355859],[98.365187,19.356529],[98.366308,19.357524],[98.367491,19.358471],[98.368408,19.359373],[98.369144,19.359952],[98.369977,19.360461],[98.371076,19.361178],[98.372044,19.361552],[98.373011,19.361935],[98.373991,19.362354],[98.374595,19.362643],[98.374897,19.362829],[98.375174,19.363244],[98.375487,19.363672],[98.375825,19.363937],[98.376417,19.3641],[98.377083,19.364161],[98.377749,19.364278],[98.378125,19.364189],[98.378646,19.363949],[98.378658,19.364261],[98.378838,19.364619],[98.379043,19.364836],[98.379224,19.364975],[98.37949,19.365046],[98.379805,19.365047],[98.380047,19.365048],[98.38029,19.364981],[98.380472,19.364913],[98.380739,19.364833],[98.381151,19.364767],[98.381479,19.364698],[98.381817,19.364814],[98.38224,19.365059],[98.382663,19.365303],[98.383109,19.365684],[98.383423,19.366019],[98.383773,19.366296],[98.384208,19.366483],[98.384559,19.366599],[98.384898,19.366704],[98.385249,19.366762],[98.385576,19.366774],[98.385842,19.366879],[98.386155,19.367203],[98.386469,19.367401],[98.386807,19.367734],[98.386975,19.368114],[98.387179,19.368553],[98.387372,19.368852],[98.387637,19.369027],[98.387976,19.369177],[98.388194,19.369189],[98.388461,19.369052],[98.388739,19.369101],[98.389066,19.369136],[98.389369,19.369195],[98.389671,19.369334],[98.3899,19.369588],[98.390043,19.370027],[98.390102,19.370418],[98.390112,19.370969],[98.390206,19.371498],[98.390254,19.371729],[98.390447,19.371878],[98.390797,19.37211],[98.391051,19.372215],[98.391221,19.372297],[98.391414,19.372367],[98.391728,19.372597],[98.391992,19.373058],[98.392087,19.373565],[98.3924,19.373982],[98.392738,19.374281],[98.393004,19.374397],[98.393416,19.374446],[98.393694,19.374435],[98.393877,19.374332],[98.39423,19.373861],[98.394401,19.373667],[98.394668,19.373542],[98.395056,19.373383],[98.395384,19.373257],[98.395796,19.373146],[98.396074,19.373284],[98.396291,19.373595],[98.396556,19.373907],[98.396858,19.374105],[98.397305,19.374301],[98.397596,19.37436],[98.397899,19.374406],[98.398129,19.374373],[98.398395,19.374399],[98.39883,19.374676],[98.399301,19.374919],[98.399566,19.375311],[98.399625,19.375612],[98.399769,19.376037],[98.399877,19.376302],[98.40013,19.376533],[98.400554,19.376638],[98.401074,19.376814],[98.401606,19.377114],[98.402113,19.377473],[98.402802,19.377753],[98.40348,19.377836],[98.403867,19.378021],[98.404255,19.378069],[98.4044,19.378126],[98.404679,19.378141],[98.404993,19.378153],[98.405465,19.37834],[98.406166,19.378826],[98.406782,19.379162],[98.407472,19.379291],[98.408137,19.379501],[98.408948,19.37979],[98.409915,19.380302],[98.410701,19.380718],[98.411172,19.38109],[98.41163,19.381471],[98.412077,19.381886],[98.412511,19.38221],[98.412862,19.382394],[98.413031,19.382431],[98.413938,19.38294],[98.414591,19.383139],[98.415486,19.383442],[98.416019,19.383652],[98.416757,19.383839],[98.417265,19.383979],[98.418027,19.384257],[98.418645,19.384376],[98.419093,19.384457],[98.419528,19.384539],[98.42011,19.3846],[98.420582,19.384556],[98.420934,19.384591],[98.42137,19.38457],[98.421782,19.384492],[98.422049,19.384401],[98.42228,19.38423],[98.42256,19.38384],[98.422792,19.383497],[98.423097,19.38313],[98.423292,19.382809],[98.423573,19.382293],[98.42378,19.382086],[98.42412,19.381836],[98.424704,19.381321],[98.424766,19.381009],[98.424815,19.380677],[98.424878,19.380241],[98.425086,19.379792],[98.425245,19.379506],[98.425537,19.379139],[98.425769,19.378773],[98.426049,19.378395],[98.426317,19.378038],[98.426658,19.377696],[98.426998,19.377478],[98.427459,19.37724],[98.428005,19.377149],[98.428914,19.377177],[98.429822,19.377306],[98.430463,19.377435],[98.430947,19.377554],[98.43148,19.377659],[98.432121,19.37788],[98.432605,19.377997],[98.433174,19.378114],[98.433634,19.378138],[98.434204,19.378084],[98.434737,19.378017],[98.435078,19.377777],[98.43537,19.377502],[98.435698,19.377297],[98.436074,19.377183],[98.436365,19.377035],[98.436511,19.376875],[98.436488,19.376566],[98.436453,19.376231],[98.436394,19.376001],[98.43637,19.37584],[98.43642,19.37561],[98.436638,19.375439],[98.437123,19.375336],[98.437657,19.375166],[98.438204,19.374881],[98.438749,19.374758],[98.439222,19.374633],[98.439311,19.374611],[98.439258,19.374875],[98.43922,19.375218],[98.439194,19.375564],[98.439242,19.375761],[98.439519,19.376209],[98.439832,19.37666],[98.439964,19.376947],[98.440144,19.377338],[98.440288,19.377696],[98.440493,19.377985],[98.440757,19.378355],[98.441011,19.378608],[98.441252,19.378862],[98.441698,19.379243],[98.44206,19.379705],[98.442361,19.380165],[98.442735,19.380534],[98.442952,19.380743],[98.443326,19.381238],[98.443784,19.381701],[98.444098,19.382126],[98.444279,19.382301],[98.444568,19.382485],[98.444786,19.382671],[98.445015,19.382809],[98.44533,19.383018],[98.445462,19.383122],[98.445692,19.383306],[98.445873,19.383469],[98.446006,19.383608],[98.44615,19.383814],[98.446185,19.384067],[98.446172,19.384308],[98.446111,19.384493],[98.445977,19.384733],[98.445842,19.385134],[98.445683,19.38533],[98.445185,19.385593],[98.44487,19.385741],[98.444505,19.386072],[98.444323,19.386232],[98.4442,19.386474],[98.444089,19.386934],[98.444039,19.387393],[98.443905,19.387623],[98.443866,19.38807],[98.443768,19.388542],[98.443596,19.389104],[98.443291,19.389516],[98.443315,19.38955],[98.44329,19.389677],[98.443265,19.389896],[98.443264,19.390092],[98.44336,19.390413],[98.443407,19.390737],[98.44366,19.391106],[98.444022,19.391475],[98.444299,19.391785],[98.444504,19.392098],[98.444733,19.392329],[98.445035,19.392594],[98.445216,19.392744],[98.445578,19.393034],[98.445977,19.393266],[98.446303,19.393554],[98.44652,19.393785],[98.446822,19.39412],[98.447123,19.394464],[98.447352,19.394766],[98.447738,19.395191],[98.447991,19.395538],[98.448123,19.39585],[98.448243,19.396205],[98.448278,19.396424],[98.448156,19.3967],[98.448046,19.396848],[98.447936,19.397033],[98.44773,19.397171],[98.447572,19.397308],[98.447256,19.397524],[98.446988,19.397731],[98.446709,19.397969],[98.446404,19.398255],[98.446161,19.398519],[98.446173,19.3986],[98.446366,19.398773],[98.446499,19.398854],[98.446753,19.39897],[98.446922,19.399005],[98.447322,19.399124],[98.447697,19.399274],[98.448023,19.399446],[98.448434,19.399644],[98.448737,19.399819],[98.449136,19.399992],[98.449268,19.400316],[98.449303,19.400603],[98.449326,19.400856],[98.449276,19.401176],[98.449178,19.401373],[98.449045,19.401533],[98.448862,19.401647],[98.448656,19.401796],[98.448401,19.401885],[98.448219,19.401921],[98.447928,19.401954],[98.447637,19.402021],[98.447225,19.402076],[98.446691,19.40226],[98.446303,19.402349],[98.445963,19.40244],[98.445696,19.402623],[98.445416,19.402864],[98.444953,19.403529],[98.444721,19.403826],[98.444454,19.404031],[98.444077,19.404283],[98.443274,19.405051],[98.442775,19.405485],[98.442204,19.405849],[98.441742,19.406284],[98.441244,19.406685],[98.440938,19.407294],[98.440402,19.408074],[98.440084,19.408588],[98.439839,19.40929],[98.439643,19.409655],[98.439472,19.410116],[98.439396,19.410931],[98.439587,19.411598],[98.4399,19.412082],[98.440055,19.412532],[98.440115,19.412741],[98.440295,19.413155],[98.440427,19.413512],[98.440437,19.41388],[98.440507,19.414558],[98.440578,19.414938],[98.440649,19.415397],[98.440793,19.415869],[98.440937,19.416238],[98.441092,19.416629],[98.441499,19.417803],[98.441459,19.418736],[98.441577,19.419471],[98.441478,19.419909],[98.441501,19.420311],[98.441426,19.420724],[98.441436,19.421379],[98.441529,19.422198],[98.441624,19.422806],[98.44173,19.423405],[98.44168,19.423865],[98.441823,19.42444],[98.442038,19.42505],[98.44229,19.425672],[98.442578,19.42641],[98.442793,19.427133],[98.443142,19.427595],[98.443275,19.42786],[98.443504,19.42808],[98.443903,19.428334],[98.444241,19.428588],[98.44464,19.428867],[98.444845,19.429144],[98.445232,19.42942],[98.445424,19.42971],[98.44552,19.430076],[98.445663,19.430526],[98.445747,19.430884],[98.445842,19.431309],[98.445949,19.431793],[98.446056,19.432254],[98.446114,19.432771],[98.446161,19.433196],[98.446196,19.433542],[98.446279,19.434023],[98.446264,19.434554],[98.446202,19.435058],[98.446127,19.435519],[98.446124,19.436151],[98.446062,19.436668],[98.445914,19.437036],[98.445804,19.437483],[98.445632,19.437862],[98.445364,19.438252],[98.445156,19.438665],[98.444949,19.439019],[98.444656,19.439468],[98.444363,19.439858],[98.444035,19.440211],[98.443645,19.440624],[98.443329,19.440864],[98.443073,19.441209],[98.442744,19.441633],[98.4425,19.441908],[98.442123,19.44232],[98.441794,19.442778],[98.441489,19.443235],[98.441268,19.443718],[98.441097,19.444097],[98.440938,19.444592],[98.44067,19.444911],[98.440511,19.44513],[98.440315,19.445611],[98.440156,19.446082],[98.440046,19.446324],[98.43985,19.446599],[98.439534,19.446885],[98.438878,19.447181],[98.438429,19.447397],[98.437992,19.447626],[98.437736,19.447853],[98.43759,19.448072],[98.437406,19.448369],[98.4372,19.448565],[98.436981,19.448702],[98.436422,19.448999],[98.436337,19.449044],[98.436034,19.449122],[98.435621,19.449236],[98.435184,19.449291],[98.434299,19.449403],[98.433923,19.449436],[98.433329,19.449457],[98.432748,19.449351],[98.432324,19.449268],[98.431767,19.449104],[98.431283,19.448931],[98.430909,19.448663],[98.430559,19.448249],[98.430269,19.448076],[98.430099,19.44796],[98.429918,19.447946],[98.429591,19.447911],[98.429288,19.44791],[98.428936,19.447943],[98.428597,19.447804],[98.428344,19.447618],[98.427957,19.447398],[98.427594,19.447132],[98.427219,19.446934],[98.426771,19.446784],[98.426251,19.446507],[98.425804,19.446343],[98.425537,19.446353],[98.425307,19.446318],[98.425041,19.446248],[98.424701,19.446199],[98.424422,19.446291],[98.424228,19.446394],[98.423997,19.446576],[98.423839,19.44668],[98.423633,19.446747],[98.423463,19.44678],[98.423159,19.446849],[98.422905,19.446675],[98.422639,19.446651],[98.422251,19.446602],[98.421839,19.446716],[98.421306,19.446692],[98.421015,19.446689],[98.420748,19.446758],[98.420662,19.446941],[98.420637,19.447045],[98.420624,19.447264],[98.420817,19.447551],[98.420756,19.447655],[98.420634,19.447804],[98.420415,19.448009],[98.42039,19.448124],[98.420208,19.448295],[98.420013,19.448525],[98.41977,19.44872],[98.41955,19.448937],[98.419428,19.449119],[98.419367,19.449304],[98.419329,19.449591],[98.419292,19.449889],[98.419266,19.45012],[98.419253,19.450373],[98.419252,19.450729],[98.41925,19.451039],[98.419249,19.45143],[98.419295,19.451925],[98.419426,19.452316],[98.419522,19.452707],[98.419629,19.453098],[98.419688,19.453456],[98.419771,19.453917],[98.419855,19.454226],[98.419986,19.454561],[98.420142,19.454883],[98.420311,19.45515],[98.420479,19.455471],[98.420709,19.455657],[98.420877,19.455911],[98.421094,19.456221],[98.421238,19.456648],[98.421394,19.457006],[98.421514,19.457282],[98.421645,19.457729],[98.421705,19.458005],[98.421727,19.45841],[98.421665,19.458719],[98.421506,19.459109],[98.421323,19.459441],[98.421055,19.459786],[98.420665,19.460071],[98.420361,19.460346],[98.420032,19.4607],[98.419704,19.460988],[98.419485,19.461136],[98.419132,19.461397],[98.418755,19.461672],[98.418353,19.462131],[98.417915,19.462588],[98.417404,19.463082],[98.416917,19.463572],[98.416479,19.463917],[98.415932,19.464281],[98.415469,19.464614],[98.415117,19.4649],[98.414655,19.465253],[98.41412,19.465597],[98.413597,19.465846],[98.413014,19.46612],[98.412323,19.466312],[98.411691,19.466459],[98.411267,19.466502],[98.410975,19.466651],[98.410623,19.466925],[98.410306,19.467258],[98.410001,19.46759],[98.409599,19.468036],[98.409392,19.468392],[98.409075,19.468804],[98.408757,19.469321],[98.408696,19.469562],[98.408609,19.470054],[98.408497,19.470653],[98.408361,19.471192],[98.408371,19.471664],[98.408322,19.471825],[98.408175,19.472077],[98.40792,19.472341],[98.407676,19.472523],[98.407335,19.472831],[98.407007,19.473117],[98.406581,19.473439],[98.406192,19.473724],[98.406192,19.473713],[98.406131,19.473758],[98.405973,19.473873],[98.40573,19.473999],[98.405475,19.474111],[98.405245,19.474157],[98.404929,19.474156],[98.404687,19.474097],[98.404433,19.473981],[98.404312,19.473933],[98.404069,19.473991],[98.403899,19.474069],[98.403656,19.474172],[98.403328,19.474354],[98.402867,19.474536],[98.402454,19.474765],[98.402028,19.475005],[98.402028,19.475017],[98.401858,19.47512],[98.401736,19.475269],[98.401566,19.475451],[98.401468,19.475645],[98.401334,19.475864],[98.401211,19.476128],[98.401137,19.476426],[98.401051,19.476737],[98.400989,19.477001],[98.400915,19.477322],[98.400841,19.477645],[98.400815,19.477954],[98.400729,19.478288],[98.400618,19.478665],[98.400519,19.479033],[98.400421,19.479367],[98.400335,19.479642],[98.400333,19.479907],[98.400284,19.480126],[98.400198,19.480365],[98.400027,19.480629],[98.399857,19.480825],[98.399674,19.480973],[98.399455,19.48111],[98.399285,19.481247],[98.399163,19.481337],[98.398956,19.481499],[98.398846,19.481727],[98.398688,19.481935],[98.398614,19.482176],[98.398564,19.482542],[98.398514,19.482831],[98.398537,19.483107],[98.398499,19.483486],[98.398546,19.48375],[98.398472,19.483981],[98.398302,19.484208],[98.398119,19.484404],[98.398057,19.484553],[98.398166,19.484795],[98.398298,19.485026],[98.398334,19.485164],[98.398381,19.485428],[98.39838,19.485704],[98.398342,19.485968],[98.398244,19.486255],[98.398195,19.486426],[98.398231,19.48653],[98.398278,19.486635],[98.398435,19.486762],[98.398568,19.486911],[98.39881,19.487109],[98.399112,19.487281],[98.399305,19.487433],[98.399584,19.487572],[98.39991,19.48777],[98.400225,19.487897],[98.4006,19.488106],[98.400805,19.488186],[98.401011,19.488268],[98.401107,19.488451],[98.401203,19.488693],[98.401263,19.488901],[98.401371,19.489166],[98.401479,19.489282],[98.401613,19.489327],[98.40177,19.489283],[98.401904,19.489227],[98.402086,19.489157],[98.402389,19.489079],[98.402559,19.489091],[98.402729,19.489162],[98.402898,19.4893],[98.403164,19.489461],[98.403393,19.489625],[98.403574,19.489797],[98.403659,19.489958],[98.403706,19.490247],[98.403814,19.490534],[98.403873,19.490799],[98.403932,19.491156],[98.403918,19.491592],[98.40394,19.492053],[98.403987,19.492433],[98.404032,19.493178],[98.404151,19.493639],[98.404114,19.493904],[98.404064,19.494123],[98.404003,19.494238],[98.403918,19.494364],[98.403796,19.494501],[98.403637,19.49474],[98.403367,19.495417],[98.403319,19.495498],[98.403293,19.495751],[98.403267,19.496176],[98.403205,19.496521],[98.403204,19.49682],[98.403226,19.497177],[98.403285,19.497568],[98.403405,19.497891],[98.403561,19.498133],[98.403681,19.498421],[98.403837,19.498778],[98.404042,19.499077],[98.404308,19.499308],[98.404658,19.499551],[98.405094,19.499864],[98.405371,19.500071],[98.406024,19.500511],[98.406375,19.500698],[98.406956,19.500871],[98.407504,19.500995],[98.407923,19.501333],[98.408189,19.501553],[98.408333,19.501829],[98.408392,19.502268],[98.408403,19.502589],[98.408595,19.503165],[98.408751,19.503523],[98.408835,19.503833],[98.408906,19.504201],[98.408771,19.504741],[98.408721,19.505165],[98.40861,19.50551],[98.408622,19.505614],[98.408597,19.505775],[98.408596,19.506109],[98.408583,19.506315],[98.408485,19.506488],[98.408303,19.506682],[98.408229,19.506797],[98.408144,19.506957],[98.408385,19.50743],[98.408807,19.507949],[98.409012,19.508261],[98.409144,19.50863],[98.40941,19.508999],[98.4097,19.509183],[98.410003,19.509299],[98.410172,19.509381],[98.410475,19.509497],[98.410657,19.509647],[98.410911,19.509752],[98.411263,19.509787],[98.411578,19.50981],[98.412173,19.509674],[98.412805,19.509401],[98.413242,19.509231],[98.413472,19.509265],[98.414019,19.509129],[98.414274,19.508879],[98.414615,19.50858],[98.414895,19.508328],[98.415284,19.508123],[98.415564,19.507953],[98.416086,19.507746],[98.416584,19.507554],[98.417083,19.507244],[98.417545,19.506924],[98.41808,19.506603],[98.418869,19.506445],[98.419451,19.50632],[98.420228,19.50614],[98.420799,19.505959],[98.421091,19.505811],[98.421492,19.505593],[98.421808,19.505352],[98.422294,19.505125],[98.422744,19.504815],[98.423254,19.50469],[98.423801,19.504554],[98.424334,19.504615],[98.424965,19.504709],[98.425728,19.504827],[98.426237,19.50491],[98.426892,19.505131],[98.427364,19.505361],[98.427654,19.505465],[98.428176,19.505618],[98.428673,19.50571],[98.429012,19.505689],[98.429752,19.505761],[98.430443,19.505775],[98.431171,19.505698],[98.431838,19.505711],[98.432494,19.505634],[98.432992,19.505532],[98.433452,19.505488],[98.43389,19.505352],[98.434352,19.504996],[98.434716,19.504871],[98.434996,19.504653],[98.435458,19.504356],[98.435701,19.504149],[98.435969,19.503885],[98.436164,19.503622],[98.436202,19.503357],[98.436203,19.503082],[98.436289,19.502714],[98.436387,19.502348],[98.436558,19.502026],[98.436559,19.501854],[98.436596,19.50168],[98.43661,19.501072],[98.438922,19.500802],[98.440682,19.50083],[98.442222,19.501042],[98.443614,19.501349],[98.444043,19.501811],[98.444078,19.502248],[98.44421,19.502675],[98.444342,19.503078],[98.444558,19.503618],[98.444812,19.50401],[98.445029,19.504367],[98.445245,19.504818],[98.445438,19.505243],[98.445667,19.505657],[98.445956,19.506175],[98.446112,19.506775],[98.446279,19.507579],[98.446251,19.508535],[98.446176,19.509179],[98.446088,19.50989],[98.446062,19.510443],[98.446023,19.511076],[98.446057,19.511742],[98.445994,19.512546],[98.445846,19.513156],[98.44565,19.513765],[98.445454,19.514339],[98.445136,19.514948],[98.444977,19.515383],[98.444758,19.515647],[98.444648,19.515854],[98.444598,19.516141],[98.444391,19.516382],[98.444111,19.516761],[98.443867,19.517151],[98.44338,19.517586],[98.443027,19.517941],[98.442649,19.518308],[98.442272,19.518572],[98.441713,19.518936],[98.441324,19.519188],[98.440947,19.519521],[98.440545,19.519956],[98.439827,19.520403],[98.439329,19.520596],[98.438819,19.520813],[98.437848,19.521016],[98.43718,19.521186],[98.436719,19.521265],[98.436075,19.521469],[98.435382,19.521709],[98.434666,19.521937],[98.434313,19.522175],[98.434179,19.522554],[98.434104,19.522911],[98.433824,19.523312],[98.433495,19.523668],[98.433154,19.523943],[98.432837,19.524425],[98.432629,19.524861],[98.432289,19.525113],[98.431936,19.525353],[98.431716,19.525743],[98.431534,19.525948],[98.431326,19.526282],[98.431253,19.52649],[98.431178,19.526926],[98.431043,19.52735],[98.430956,19.527892],[98.43087,19.528294],[98.43077,19.528971],[98.430587,19.529443],[98.430427,19.529833],[98.430377,19.530362],[98.430314,19.531005],[98.4303,19.531568],[98.430334,19.532178],[98.430465,19.532741],[98.430706,19.533272],[98.430825,19.533731],[98.430957,19.534181],[98.431245,19.535034],[98.431376,19.53569],[98.431677,19.536312],[98.431918,19.536841],[98.43222,19.537337],[98.432485,19.537625],[98.432739,19.537856],[98.433018,19.538087],[98.433441,19.538398],[98.433683,19.538607],[98.434046,19.538895],[98.434348,19.53907],[98.434797,19.539277],[98.435269,19.539509],[98.435681,19.539636],[98.436069,19.539778],[98.436542,19.539847],[98.437221,19.53993],[98.437221,19.539919],[98.437499,19.540058],[98.437875,19.540163],[98.438275,19.540291],[98.438869,19.540396],[98.439451,19.540421],[98.440034,19.540411],[98.440629,19.540311],[98.441078,19.540232],[98.441393,19.54021],[98.44183,19.540256],[98.442158,19.540271],[98.442727,19.540329],[98.443201,19.540389],[98.443625,19.54054],[98.443854,19.540712],[98.444302,19.54098],[98.444714,19.541164],[98.445126,19.54143],[98.445501,19.541833],[98.445948,19.542262],[98.446008,19.542515],[98.446261,19.542861],[98.446551,19.543253],[98.446804,19.543667],[98.4469,19.54407],[98.446838,19.544404],[98.446788,19.544862],[98.446738,19.545323],[98.446725,19.545554],[98.446578,19.545921],[98.446504,19.546197],[98.446357,19.54654],[98.446125,19.546839],[98.445918,19.547114],[98.445893,19.54739],[98.44577,19.547803],[98.445599,19.548229],[98.445477,19.548527],[98.445366,19.54901],[98.445158,19.549423],[98.444902,19.549664],[98.444525,19.549939],[98.444318,19.550214],[98.444027,19.550086],[98.443954,19.550154],[98.443662,19.550499],[98.443163,19.550877],[98.442785,19.551381],[98.442346,19.551988],[98.442101,19.552642],[98.441929,19.553125],[98.441757,19.55378],[98.441218,19.555192],[98.44107,19.555825],[98.441032,19.556297],[98.44109,19.556859],[98.441003,19.557424],[98.440952,19.55809],[98.440768,19.558801],[98.440499,19.559261],[98.440303,19.559997],[98.440264,19.560593],[98.440237,19.56133],[98.440149,19.5621],[98.44011,19.562814],[98.44018,19.56363],[98.440177,19.564366],[98.440186,19.565263],[98.44027,19.565494],[98.440415,19.565792],[98.440619,19.566322],[98.440787,19.566943],[98.44099,19.567669],[98.441147,19.568072],[98.441303,19.568556],[98.441495,19.569166],[98.441578,19.569695],[98.441685,19.570258],[98.441889,19.570939],[98.442093,19.571387],[98.442141,19.571789],[98.442127,19.572261],[98.442198,19.572573],[98.442233,19.573021],[98.442074,19.573343],[98.441696,19.573939],[98.441537,19.574202],[98.440915,19.575109],[98.440645,19.575959],[98.44051,19.576406],[98.440118,19.57735],[98.439935,19.577751],[98.439763,19.578232],[98.439713,19.578577],[98.439639,19.578945],[98.439517,19.579187],[98.43954,19.579578],[98.439708,19.580025],[98.439913,19.58043],[98.440154,19.580811],[98.44048,19.581214],[98.440637,19.58156],[98.440878,19.581918],[98.441265,19.582195],[98.441629,19.582401],[98.441871,19.582599],[98.442052,19.582922],[98.442269,19.583348],[98.442425,19.583671],[98.442594,19.584038],[98.442665,19.584417],[98.442833,19.584983],[98.44305,19.585419],[98.44323,19.585903],[98.443301,19.586353],[98.443505,19.587102],[98.443697,19.587814],[98.443743,19.588494],[98.443885,19.589541],[98.44404,19.590058],[98.444148,19.590531],[98.444388,19.591336],[98.444628,19.592062],[98.444795,19.592763],[98.444987,19.593455],[98.444972,19.594087],[98.444764,19.594843],[98.444373,19.595556],[98.444128,19.595923],[98.444116,19.595912],[98.444007,19.59605],[98.443762,19.596462],[98.443579,19.596923],[98.443237,19.597577],[98.442822,19.598023],[98.442372,19.598286],[98.441971,19.59856],[98.441484,19.598823],[98.441022,19.599097],[98.440463,19.59943],[98.44,19.59983],[98.43944,19.600127],[98.439075,19.600435],[98.438795,19.600791],[98.438769,19.601056],[98.438817,19.601379],[98.438877,19.601632],[98.4389,19.601872],[98.438863,19.602113],[98.438704,19.602436],[98.438569,19.602745],[98.438374,19.602997],[98.438252,19.603273],[98.438117,19.603536],[98.43797,19.603812],[98.437787,19.604134],[98.437543,19.604581],[98.437226,19.604869],[98.436861,19.605177],[98.43658,19.605624],[98.436288,19.605912],[98.436105,19.606072],[98.435813,19.606324],[98.43557,19.606529],[98.435411,19.606851],[98.435374,19.607023],[98.43536,19.607402],[98.435334,19.607838],[98.43526,19.608091],[98.435223,19.608448],[98.435173,19.608782],[98.435026,19.609139],[98.434989,19.609333],[98.434928,19.609425],[98.434842,19.609563],[98.434708,19.609861],[98.434511,19.610608],[98.434449,19.610815],[98.434363,19.61124],[98.434349,19.611619],[98.434348,19.612021],[98.434334,19.612457],[98.43432,19.612837],[98.434428,19.613298],[98.434427,19.61361],[98.434499,19.61385],[98.434595,19.613943],[98.434765,19.613977],[98.434911,19.614059],[98.43525,19.614245],[98.435395,19.614395],[98.435491,19.614797],[98.43572,19.615234],[98.435767,19.615557],[98.435863,19.615892],[98.43591,19.616305],[98.435884,19.616685],[98.435883,19.616983],[98.435785,19.617294],[98.435577,19.61766],[98.435261,19.617982],[98.434883,19.618268],[98.434542,19.618497],[98.434311,19.618713],[98.434128,19.618816],[98.433959,19.618805],[98.433801,19.618781],[98.433668,19.618722],[98.433449,19.618688],[98.433243,19.618606],[98.433013,19.618411],[98.432759,19.618202],[98.432505,19.618018],[98.432227,19.617694],[98.43196,19.617522],[98.43167,19.617428],[98.431184,19.617449],[98.430783,19.617459],[98.43048,19.617515],[98.430249,19.617595],[98.430054,19.617699],[98.429738,19.617915],[98.429494,19.618088],[98.429214,19.618281],[98.428947,19.618441],[98.42857,19.618625],[98.428363,19.618796],[98.428156,19.618922],[98.427949,19.61914],[98.427742,19.619356],[98.427559,19.619575],[98.427364,19.619827],[98.42712,19.620114],[98.426839,19.6204],[98.426486,19.62071],[98.426218,19.621008],[98.426083,19.621294],[98.425949,19.621639],[98.425838,19.622098],[98.425618,19.622535],[98.425459,19.622752],[98.425082,19.623051],[98.424814,19.623152],[98.424486,19.623277],[98.424085,19.623391],[98.42366,19.623471],[98.423283,19.62356],[98.423028,19.623652],[98.422833,19.623755],[98.422748,19.623834],[98.422602,19.624064],[98.422406,19.624409],[98.422186,19.624777],[98.421991,19.625108],[98.42171,19.625408],[98.421345,19.625888],[98.421063,19.626404],[98.420794,19.626853],[98.42049,19.627277],[98.419807,19.627952],[98.418859,19.628396],[98.418688,19.628558],[98.418468,19.628822],[98.41814,19.629097],[98.417835,19.629371],[98.417518,19.62968],[98.41725,19.629966],[98.41697,19.630207],[98.416654,19.630402],[98.416325,19.630595],[98.416021,19.630802],[98.415729,19.630996],[98.415473,19.631203],[98.415218,19.631419],[98.41495,19.631671],[98.414632,19.632015],[98.414438,19.632245],[98.414121,19.632461],[98.41389,19.632702],[98.413731,19.632898],[98.413596,19.633162],[98.413498,19.633392],[98.4134,19.633645],[98.413302,19.633977],[98.413155,19.634288],[98.413069,19.634563],[98.412971,19.634816],[98.412812,19.635229],[98.412725,19.635608],[98.412711,19.635965],[98.412577,19.636229],[98.412406,19.636468],[98.412309,19.636583],[98.412077,19.636745],[98.411749,19.636893],[98.411457,19.637086],[98.411298,19.637271],[98.411128,19.637383],[98.411043,19.637464],[98.410823,19.637739],[98.410689,19.637946],[98.41053,19.63821],[98.41042,19.638452],[98.410164,19.638726],[98.410005,19.63892],[98.409846,19.639231],[98.409688,19.639391],[98.409493,19.639596],[98.409395,19.63986],[98.40926,19.640138],[98.40915,19.640402],[98.409028,19.640562],[98.408663,19.640813],[98.408443,19.641007],[98.408333,19.641156],[98.408151,19.641282],[98.407968,19.64143],[98.407762,19.641533],[98.407652,19.641592],[98.40753,19.641637],[98.407397,19.641718],[98.407117,19.64175],[98.406789,19.641783],[98.406486,19.641839],[98.40617,19.641908],[98.40595,19.642067],[98.405756,19.642205],[98.405682,19.642308],[98.405706,19.642527],[98.405729,19.642756],[98.405813,19.643009],[98.405958,19.643195],[98.406128,19.643333],[98.406249,19.643392],[98.406406,19.643438],[98.40654,19.643472],[98.406795,19.643566],[98.406988,19.643682],[98.407194,19.643809],[98.407424,19.643914],[98.407667,19.644041],[98.407824,19.64419],[98.407982,19.644306],[98.408223,19.644515],[98.408489,19.644791],[98.408792,19.645034],[98.409119,19.645277],[98.409288,19.645508],[98.409421,19.645714],[98.409626,19.645979],[98.409783,19.646142],[98.409904,19.64628],[98.409988,19.646486],[98.410061,19.646638],[98.41006,19.646936],[98.41001,19.647338],[98.410106,19.647546],[98.410227,19.647718],[98.410347,19.647915],[98.410516,19.648133],[98.410722,19.648364],[98.410855,19.648502],[98.411012,19.648654],[98.411157,19.648826],[98.411254,19.648919],[98.411338,19.649113],[98.41158,19.649311],[98.411762,19.649393],[98.411895,19.649542],[98.412101,19.649715],[98.412343,19.649876],[98.412645,19.650166],[98.412851,19.650431],[98.412996,19.650626],[98.413226,19.650789],[98.413504,19.651032],[98.41371,19.651263],[98.413891,19.651424],[98.413963,19.651607],[98.414059,19.651883],[98.414179,19.652263],[98.4143,19.65253],[98.414469,19.652806],[98.414601,19.653231],[98.414696,19.653611],[98.414767,19.653957],[98.414912,19.65443],[98.414996,19.654694],[98.415055,19.654877],[98.415128,19.655119],[98.415175,19.655418],[98.415258,19.655822],[98.415281,19.656121],[98.415256,19.656408],[98.415218,19.656683],[98.415109,19.656891],[98.415035,19.657143],[98.4149,19.657385],[98.414741,19.657716],[98.414534,19.658027],[98.41429,19.658279],[98.414143,19.658507],[98.413972,19.658796],[98.413595,19.658978],[98.413339,19.65923],[98.413144,19.659493],[98.412973,19.659712],[98.412802,19.659951],[98.412656,19.660181],[98.412521,19.660467],[98.412423,19.660686],[98.412374,19.660928],[98.412373,19.661181],[98.412408,19.661445],[98.412456,19.661631],[98.412552,19.661837],[98.412576,19.661952],[98.412709,19.662124],[98.412805,19.662228],[98.412902,19.662344],[98.413035,19.662482],[98.413132,19.662645],[98.413301,19.662828],[98.413373,19.662933],[98.413543,19.663116],[98.413724,19.663336],[98.413796,19.663429],[98.413905,19.663601],[98.413977,19.663764],[98.414074,19.664004],[98.414133,19.664223],[98.414133,19.664476],[98.414132,19.664706],[98.414155,19.664867],[98.414106,19.665097],[98.413984,19.665305],[98.413861,19.66551],[98.41386,19.665763],[98.41392,19.665982],[98.413993,19.666143],[98.414041,19.666258],[98.414113,19.666374],[98.41421,19.666534],[98.41427,19.666582],[98.414415,19.666731],[98.414403,19.666731],[98.414524,19.6668],[98.414646,19.666859],[98.414973,19.666975],[98.415167,19.667057],[98.415361,19.667103],[98.415591,19.667185],[98.415882,19.667265],[98.416161,19.667474],[98.416367,19.66759],[98.416646,19.667773],[98.416863,19.667959],[98.41719,19.668202],[98.417542,19.668398],[98.417699,19.668629],[98.417843,19.668929],[98.417988,19.669194],[98.418072,19.669344],[98.418242,19.669471],[98.418412,19.669564],[98.418569,19.66968],[98.418872,19.669818],[98.419126,19.670002],[98.419332,19.670199],[98.419586,19.670372],[98.41984,19.670592],[98.420362,19.67079],[98.420677,19.670906],[98.420955,19.671205],[98.421125,19.671344],[98.42127,19.67153],[98.421451,19.671761],[98.42179,19.67206],[98.421995,19.672257],[98.422371,19.672534],[98.422564,19.672706],[98.422673,19.672892],[98.422891,19.673146],[98.422987,19.67334],[98.423144,19.673571],[98.423203,19.67394],[98.423263,19.674261],[98.423261,19.67464],[98.423321,19.67502],[98.423453,19.675413],[98.423561,19.675804],[98.423608,19.676218],[98.423654,19.67669],[98.423714,19.677104],[98.423846,19.677414],[98.424003,19.677805],[98.424207,19.678337],[98.424339,19.678773],[98.424592,19.679176],[98.424772,19.679717],[98.424965,19.680144],[98.425206,19.680651],[98.425375,19.680972],[98.425494,19.681504],[98.425626,19.681906],[98.425734,19.682275],[98.425841,19.682827],[98.425876,19.683333],[98.425899,19.683735],[98.425862,19.683769],[98.425848,19.684263],[98.42581,19.684654],[98.4257,19.684862],[98.425529,19.685274],[98.425418,19.685642],[98.425308,19.685906],[98.425112,19.686215],[98.424941,19.68656],[98.424807,19.686824],[98.424709,19.687043],[98.424635,19.687273],[98.424561,19.687549],[98.424463,19.687801],[98.424389,19.688043],[98.424267,19.688352],[98.424144,19.688605],[98.42407,19.688869],[98.423935,19.689178],[98.42385,19.689363],[98.42374,19.689557],[98.423581,19.689798],[98.423422,19.690062],[98.423214,19.690418],[98.423068,19.690555],[98.422788,19.690774],[98.42241,19.691048],[98.422191,19.691253],[98.421996,19.691505],[98.4218,19.691805],[98.421508,19.69208],[98.421288,19.692355],[98.42102,19.692641],[98.420849,19.692961],[98.420665,19.693317],[98.420555,19.693663],[98.420432,19.69403],[98.420345,19.694362],[98.419957,19.696049]]]},"properties":{"Admin_code":"580303","T_Name_T":"ตำบลแม่นาเติง","T_Name_E":"TAMBON MAE NA TOENG","Source_Nam":"DOPA","Source_dat":1388361600000}},{"type":"Feature","geometry":{"type":"Polygon","coordinates":[[[98.466912,19.692609],[98.466537,19.692447],[98.466306,19.692435],[98.466148,19.692424],[98.465893,19.692457],[98.465565,19.692535],[98.465322,19.692615],[98.465018,19.69266],[98.464751,19.692636],[98.464562,19.692534],[98.464204,19.692621],[98.463912,19.692715],[98.463657,19.69292],[98.463462,19.693091],[98.463096,19.693517],[98.462852,19.693986],[98.462741,19.69432],[98.462715,19.694837],[98.462737,19.695298],[98.462664,19.695562],[98.462469,19.695826],[98.461994,19.696204],[98.461713,19.696468],[98.46142,19.696833],[98.461261,19.697271],[98.461041,19.697534],[98.460677,19.697716],[98.460336,19.697774],[98.460009,19.697726],[98.459694,19.697517],[98.459343,19.697136],[98.458809,19.696825],[98.458276,19.696582],[98.457766,19.696625],[98.457049,19.696716],[98.456466,19.696827],[98.45581,19.696836],[98.455288,19.696801],[98.454547,19.696729],[98.45343,19.696748],[98.453005,19.696643],[98.452678,19.69647],[98.452387,19.696182],[98.452169,19.695996],[98.451722,19.695407],[98.451177,19.695085],[98.45108,19.694969],[98.450753,19.694704],[98.450244,19.694506],[98.449468,19.694318],[98.448471,19.694397],[98.44767,19.694347],[98.446906,19.694024],[98.446107,19.693411],[98.44567,19.693272],[98.445402,19.693477],[98.445049,19.693706],[98.444684,19.693809],[98.444211,19.693875],[98.443628,19.693885],[98.443214,19.694032],[98.44268,19.694157],[98.442327,19.694122],[98.442,19.693981],[98.441418,19.693681],[98.440702,19.693564],[98.440106,19.693815],[98.43962,19.693974],[98.439023,19.694363],[98.438743,19.69473],[98.438523,19.695062],[98.438279,19.695373],[98.438084,19.695659],[98.437621,19.695933],[98.437183,19.696103],[98.436526,19.696354],[98.436065,19.69633],[98.436089,19.696319],[98.435737,19.696259],[98.435142,19.696291],[98.433855,19.696265],[98.432592,19.696109],[98.430833,19.695769],[98.429424,19.695776],[98.427955,19.69569],[98.427251,19.695457],[98.426961,19.695066],[98.42643,19.694339],[98.426057,19.693384],[98.425743,19.692911],[98.425439,19.692865],[98.425208,19.692932],[98.425087,19.693047],[98.424989,19.693266],[98.424903,19.693437],[98.424842,19.693597],[98.424792,19.693884],[98.424682,19.694125],[98.424535,19.694459],[98.424291,19.6947],[98.423926,19.694963],[98.42356,19.695249],[98.423572,19.695502],[98.423206,19.695765],[98.422878,19.695843],[98.422441,19.695901],[98.421943,19.695956],[98.421286,19.696069],[98.420533,19.696044],[98.419957,19.696049],[98.420345,19.694362],[98.420432,19.69403],[98.420555,19.693663],[98.420665,19.693317],[98.420849,19.692961],[98.42102,19.692641],[98.421288,19.692355],[98.421508,19.69208],[98.4218,19.691805],[98.421996,19.691505],[98.422191,19.691253],[98.42241,19.691048],[98.422788,19.690774],[98.423068,19.690555],[98.423214,19.690418],[98.423422,19.690062],[98.423581,19.689798],[98.42374,19.689557],[98.42385,19.689363],[98.423935,19.689178],[98.42407,19.688869],[98.424144,19.688605],[98.424267,19.688352],[98.424389,19.688043],[98.424463,19.687801],[98.424561,19.687549],[98.424635,19.687273],[98.424709,19.687043],[98.424807,19.686824],[98.424941,19.68656],[98.425112,19.686215],[98.425308,19.685906],[98.425418,19.685642],[98.425529,19.685274],[98.4257,19.684862],[98.42581,19.684654],[98.425848,19.684263],[98.425862,19.683769],[98.425899,19.683735],[98.425876,19.683333],[98.425841,19.682827],[98.425734,19.682275],[98.425626,19.681906],[98.425494,19.681504],[98.425375,19.680972],[98.425206,19.680651],[98.424965,19.680144],[98.424772,19.679717],[98.424592,19.679176],[98.424339,19.678773],[98.424207,19.678337],[98.424003,19.677805],[98.423846,19.677414],[98.423714,19.677104],[98.423654,19.67669],[98.423608,19.676218],[98.423561,19.675804],[98.423453,19.675413],[98.423321,19.67502],[98.423261,19.67464],[98.423263,19.674261],[98.423203,19.67394],[98.423144,19.673571],[98.422987,19.67334],[98.422891,19.673146],[98.422673,19.672892],[98.422564,19.672706],[98.422371,19.672534],[98.421995,19.672257],[98.42179,19.67206],[98.421451,19.671761],[98.42127,19.67153],[98.421125,19.671344],[98.420955,19.671205],[98.420677,19.670906],[98.420362,19.67079],[98.41984,19.670592],[98.419586,19.670372],[98.419332,19.670199],[98.419126,19.670002],[98.418872,19.669818],[98.418569,19.66968],[98.418412,19.669564],[98.418242,19.669471],[98.418072,19.669344],[98.417988,19.669194],[98.417843,19.668929],[98.417699,19.668629],[98.417542,19.668398],[98.41719,19.668202],[98.416863,19.667959],[98.416646,19.667773],[98.416367,19.66759],[98.416161,19.667474],[98.415882,19.667265],[98.415591,19.667185],[98.415361,19.667103],[98.415167,19.667057],[98.414973,19.666975],[98.414646,19.666859],[98.414524,19.6668],[98.414403,19.666731],[98.414415,19.666731],[98.41427,19.666582],[98.41421,19.666534],[98.414113,19.666374],[98.414041,19.666258],[98.413993,19.666143],[98.41392,19.665982],[98.41386,19.665763],[98.413861,19.66551],[98.413984,19.665305],[98.414106,19.665097],[98.414155,19.664867],[98.414132,19.664706],[98.414133,19.664476],[98.414133,19.664223],[98.414074,19.664004],[98.413977,19.663764],[98.413905,19.663601],[98.413796,19.663429],[98.413724,19.663336],[98.413543,19.663116],[98.413373,19.662933],[98.413301,19.662828],[98.413132,19.662645],[98.413035,19.662482],[98.412902,19.662344],[98.412805,19.662228],[98.412709,19.662124],[98.412576,19.661952],[98.412552,19.661837],[98.412456,19.661631],[98.412408,19.661445],[98.412373,19.661181],[98.412374,19.660928],[98.412423,19.660686],[98.412521,19.660467],[98.412656,19.660181],[98.412802,19.659951],[98.412973,19.659712],[98.413144,19.659493],[98.413339,19.65923],[98.413595,19.658978],[98.413972,19.658796],[98.414143,19.658507],[98.41429,19.658279],[98.414534,19.658027],[98.414741,19.657716],[98.4149,19.657385],[98.415035,19.657143],[98.415109,19.656891],[98.415218,19.656683],[98.415256,19.656408],[98.415281,19.656121],[98.415258,19.655822],[98.415175,19.655418],[98.415128,19.655119],[98.415055,19.654877],[98.414996,19.654694],[98.414912,19.65443],[98.414767,19.653957],[98.414696,19.653611],[98.414601,19.653231],[98.414469,19.652806],[98.4143,19.65253],[98.414179,19.652263],[98.414059,19.651883],[98.413963,19.651607],[98.413891,19.651424],[98.41371,19.651263],[98.413504,19.651032],[98.413226,19.650789],[98.412996,19.650626],[98.412851,19.650431],[98.412645,19.650166],[98.412343,19.649876],[98.412101,19.649715],[98.411895,19.649542],[98.411762,19.649393],[98.41158,19.649311],[98.411338,19.649113],[98.411254,19.648919],[98.411157,19.648826],[98.411012,19.648654],[98.410855,19.648502],[98.410722,19.648364],[98.410516,19.648133],[98.410347,19.647915],[98.410227,19.647718],[98.410106,19.647546],[98.41001,19.647338],[98.41006,19.646936],[98.410061,19.646638],[98.409988,19.646486],[98.409904,19.64628],[98.409783,19.646142],[98.409626,19.645979],[98.409421,19.645714],[98.409288,19.645508],[98.409119,19.645277],[98.408792,19.645034],[98.408489,19.644791],[98.408223,19.644515],[98.407982,19.644306],[98.407824,19.64419],[98.407667,19.644041],[98.407424,19.643914],[98.407194,19.643809],[98.406988,19.643682],[98.406795,19.643566],[98.40654,19.643472],[98.406406,19.643438],[98.406249,19.643392],[98.406128,19.643333],[98.405958,19.643195],[98.405813,19.643009],[98.405729,19.642756],[98.405706,19.642527],[98.405682,19.642308],[98.405756,19.642205],[98.40595,19.642067],[98.40617,19.641908],[98.406486,19.641839],[98.406789,19.641783],[98.407117,19.64175],[98.407397,19.641718],[98.40753,19.641637],[98.407652,19.641592],[98.407762,19.641533],[98.407968,19.64143],[98.408151,19.641282],[98.408333,19.641156],[98.408443,19.641007],[98.408663,19.640813],[98.409028,19.640562],[98.40915,19.640402],[98.40926,19.640138],[98.409395,19.63986],[98.409493,19.639596],[98.409688,19.639391],[98.409846,19.639231],[98.410005,19.63892],[98.410164,19.638726],[98.41042,19.638452],[98.41053,19.63821],[98.410689,19.637946],[98.410823,19.637739],[98.411043,19.637464],[98.411128,19.637383],[98.411298,19.637271],[98.411457,19.637086],[98.411749,19.636893],[98.412077,19.636745],[98.412309,19.636583],[98.412406,19.636468],[98.412577,19.636229],[98.412711,19.635965],[98.412725,19.635608],[98.412812,19.635229],[98.412971,19.634816],[98.413069,19.634563],[98.413155,19.634288],[98.413302,19.633977],[98.4134,19.633645],[98.413498,19.633392],[98.413596,19.633162],[98.413731,19.632898],[98.41389,19.632702],[98.414121,19.632461],[98.414438,19.632245],[98.414632,19.632015],[98.41495,19.631671],[98.415218,19.631419],[98.415473,19.631203],[98.415729,19.630996],[98.416021,19.630802],[98.416325,19.630595],[98.416654,19.630402],[98.41697,19.630207],[98.41725,19.629966],[98.417518,19.62968],[98.417835,19.629371],[98.41814,19.629097],[98.418468,19.628822],[98.418688,19.628558],[98.418859,19.628396],[98.419807,19.627952],[98.42049,19.627277],[98.420794,19.626853],[98.421063,19.626404],[98.421345,19.625888],[98.42171,19.625408],[98.421991,19.625108],[98.422186,19.624777],[98.422406,19.624409],[98.422602,19.624064],[98.422748,19.623834],[98.422833,19.623755],[98.423028,19.623652],[98.423283,19.62356],[98.42366,19.623471],[98.424085,19.623391],[98.424486,19.623277],[98.424814,19.623152],[98.425082,19.623051],[98.425459,19.622752],[98.425618,19.622535],[98.425838,19.622098],[98.425949,19.621639],[98.426083,19.621294],[98.426218,19.621008],[98.426486,19.62071],[98.426839,19.6204],[98.42712,19.620114],[98.427364,19.619827],[98.427559,19.619575],[98.427742,19.619356],[98.427949,19.61914],[98.428156,19.618922],[98.428363,19.618796],[98.42857,19.618625],[98.428947,19.618441],[98.429214,19.618281],[98.429494,19.618088],[98.429738,19.617915],[98.430054,19.617699],[98.430249,19.617595],[98.43048,19.617515],[98.430783,19.617459],[98.431184,19.617449],[98.43167,19.617428],[98.43196,19.617522],[98.432227,19.617694],[98.432505,19.618018],[98.432759,19.618202],[98.433013,19.618411],[98.433243,19.618606],[98.433449,19.618688],[98.433668,19.618722],[98.433801,19.618781],[98.433959,19.618805],[98.434128,19.618816],[98.434311,19.618713],[98.434542,19.618497],[98.434883,19.618268],[98.435261,19.617982],[98.435577,19.61766],[98.435785,19.617294],[98.435883,19.616983],[98.435884,19.616685],[98.43591,19.616305],[98.435863,19.615892],[98.435767,19.615557],[98.43572,19.615234],[98.435491,19.614797],[98.435395,19.614395],[98.43525,19.614245],[98.434911,19.614059],[98.434765,19.613977],[98.434595,19.613943],[98.434499,19.61385],[98.434427,19.61361],[98.434428,19.613298],[98.43432,19.612837],[98.434334,19.612457],[98.434348,19.612021],[98.434349,19.611619],[98.434363,19.61124],[98.434449,19.610815],[98.434511,19.610608],[98.434708,19.609861],[98.434842,19.609563],[98.434928,19.609425],[98.434989,19.609333],[98.435026,19.609139],[98.435173,19.608782],[98.435223,19.608448],[98.43526,19.608091],[98.435334,19.607838],[98.43536,19.607402],[98.435374,19.607023],[98.435411,19.606851],[98.43557,19.606529],[98.435813,19.606324],[98.436105,19.606072],[98.436288,19.605912],[98.43658,19.605624],[98.436861,19.605177],[98.437226,19.604869],[98.437543,19.604581],[98.437787,19.604134],[98.43797,19.603812],[98.438117,19.603536],[98.438252,19.603273],[98.438374,19.602997],[98.438569,19.602745],[98.438704,19.602436],[98.438863,19.602113],[98.4389,19.601872],[98.438877,19.601632],[98.438817,19.601379],[98.438769,19.601056],[98.438795,19.600791],[98.439075,19.600435],[98.43944,19.600127],[98.44,19.59983],[98.440463,19.59943],[98.441022,19.599097],[98.441484,19.598823],[98.441971,19.59856],[98.442372,19.598286],[98.442822,19.598023],[98.443237,19.597577],[98.443579,19.596923],[98.443762,19.596462],[98.444007,19.59605],[98.444116,19.595912],[98.444128,19.595923],[98.444373,19.595556],[98.444764,19.594843],[98.444972,19.594087],[98.444987,19.593455],[98.444795,19.592763],[98.444628,19.592062],[98.444388,19.591336],[98.444148,19.590531],[98.44404,19.590058],[98.443885,19.589541],[98.443743,19.588494],[98.443697,19.587814],[98.443505,19.587102],[98.443301,19.586353],[98.44323,19.585903],[98.44305,19.585419],[98.442833,19.584983],[98.442665,19.584417],[98.442594,19.584038],[98.442425,19.583671],[98.442269,19.583348],[98.442052,19.582922],[98.441871,19.582599],[98.441629,19.582401],[98.441265,19.582195],[98.440878,19.581918],[98.440637,19.58156],[98.44048,19.581214],[98.440154,19.580811],[98.439913,19.58043],[98.439708,19.580025],[98.43954,19.579578],[98.439517,19.579187],[98.439639,19.578945],[98.439713,19.578577],[98.439763,19.578232],[98.439935,19.577751],[98.440118,19.57735],[98.44051,19.576406],[98.440645,19.575959],[98.440915,19.575109],[98.441537,19.574202],[98.441696,19.573939],[98.442074,19.573343],[98.442233,19.573021],[98.442198,19.572573],[98.442127,19.572261],[98.442141,19.571789],[98.442093,19.571387],[98.441889,19.570939],[98.441685,19.570258],[98.441578,19.569695],[98.441495,19.569166],[98.441303,19.568556],[98.441147,19.568072],[98.44099,19.567669],[98.440787,19.566943],[98.440619,19.566322],[98.440415,19.565792],[98.44027,19.565494],[98.440186,19.565263],[98.440177,19.564366],[98.44018,19.56363],[98.44011,19.562814],[98.440149,19.5621],[98.440237,19.56133],[98.440264,19.560593],[98.440303,19.559997],[98.440499,19.559261],[98.440768,19.558801],[98.440952,19.55809],[98.441003,19.557424],[98.44109,19.556859],[98.441032,19.556297],[98.44107,19.555825],[98.441218,19.555192],[98.441757,19.55378],[98.441929,19.553125],[98.442101,19.552642],[98.442346,19.551988],[98.442785,19.551381],[98.443163,19.550877],[98.443662,19.550499],[98.443954,19.550154],[98.444027,19.550086],[98.444318,19.550214],[98.444525,19.549939],[98.444902,19.549664],[98.445158,19.549423],[98.445366,19.54901],[98.445477,19.548527],[98.445599,19.548229],[98.44577,19.547803],[98.445893,19.54739],[98.445918,19.547114],[98.446125,19.546839],[98.446357,19.54654],[98.446504,19.546197],[98.446578,19.545921],[98.446725,19.545554],[98.446738,19.545323],[98.446788,19.544862],[98.446838,19.544404],[98.4469,19.54407],[98.446804,19.543667],[98.446551,19.543253],[98.446261,19.542861],[98.446008,19.542515],[98.445948,19.542262],[98.445501,19.541833],[98.445126,19.54143],[98.444714,19.541164],[98.444302,19.54098],[98.443854,19.540712],[98.443625,19.54054],[98.443201,19.540389],[98.442727,19.540329],[98.442158,19.540271],[98.44183,19.540256],[98.441393,19.54021],[98.441078,19.540232],[98.440629,19.540311],[98.440034,19.540411],[98.439451,19.540421],[98.438869,19.540396],[98.438275,19.540291],[98.437875,19.540163],[98.437499,19.540058],[98.437221,19.539919],[98.437221,19.53993],[98.436542,19.539847],[98.436069,19.539778],[98.435681,19.539636],[98.435269,19.539509],[98.434797,19.539277],[98.434348,19.53907],[98.434046,19.538895],[98.433683,19.538607],[98.433441,19.538398],[98.433018,19.538087],[98.432739,19.537856],[98.432485,19.537625],[98.43222,19.537337],[98.431918,19.536841],[98.431677,19.536312],[98.431376,19.53569],[98.431245,19.535034],[98.430957,19.534181],[98.430825,19.533731],[98.430706,19.533272],[98.430465,19.532741],[98.430334,19.532178],[98.4303,19.531568],[98.430314,19.531005],[98.430377,19.530362],[98.430427,19.529833],[98.430587,19.529443],[98.43077,19.528971],[98.43087,19.528294],[98.430956,19.527892],[98.431043,19.52735],[98.431178,19.526926],[98.431253,19.52649],[98.431326,19.526282],[98.431534,19.525948],[98.431716,19.525743],[98.431936,19.525353],[98.432289,19.525113],[98.432629,19.524861],[98.432837,19.524425],[98.433154,19.523943],[98.433495,19.523668],[98.433824,19.523312],[98.434104,19.522911],[98.434179,19.522554],[98.434313,19.522175],[98.434666,19.521937],[98.435382,19.521709],[98.436075,19.521469],[98.436719,19.521265],[98.43718,19.521186],[98.437848,19.521016],[98.438819,19.520813],[98.439329,19.520596],[98.439827,19.520403],[98.440545,19.519956],[98.440947,19.519521],[98.441324,19.519188],[98.441713,19.518936],[98.442272,19.518572],[98.442649,19.518308],[98.443027,19.517941],[98.44338,19.517586],[98.443867,19.517151],[98.444111,19.516761],[98.444391,19.516382],[98.444598,19.516141],[98.444648,19.515854],[98.444758,19.515647],[98.444977,19.515383],[98.445136,19.514948],[98.445454,19.514339],[98.44565,19.513765],[98.445846,19.513156],[98.445994,19.512546],[98.446057,19.511742],[98.446023,19.511076],[98.446062,19.510443],[98.446088,19.50989],[98.446176,19.509179],[98.446251,19.508535],[98.446279,19.507579],[98.446112,19.506775],[98.445956,19.506175],[98.445667,19.505657],[98.445438,19.505243],[98.445245,19.504818],[98.445029,19.504367],[98.444812,19.50401],[98.444558,19.503618],[98.444342,19.503078],[98.44421,19.502675],[98.444078,19.502248],[98.444043,19.501811],[98.443614,19.501349],[98.442222,19.501042],[98.440682,19.50083],[98.438922,19.500802],[98.43661,19.501072],[98.436596,19.50168],[98.436559,19.501854],[98.436558,19.502026],[98.436387,19.502348],[98.436289,19.502714],[98.436203,19.503082],[98.436202,19.503357],[98.436164,19.503622],[98.435969,19.503885],[98.435701,19.504149],[98.435458,19.504356],[98.434996,19.504653],[98.434716,19.504871],[98.434352,19.504996],[98.43389,19.505352],[98.433452,19.505488],[98.432992,19.505532],[98.432494,19.505634],[98.431838,19.505711],[98.431171,19.505698],[98.430443,19.505775],[98.429752,19.505761],[98.429012,19.505689],[98.428673,19.50571],[98.428176,19.505618],[98.427654,19.505465],[98.427364,19.505361],[98.426892,19.505131],[98.426237,19.50491],[98.425728,19.504827],[98.424965,19.504709],[98.424334,19.504615],[98.423801,19.504554],[98.423254,19.50469],[98.422744,19.504815],[98.422294,19.505125],[98.421808,19.505352],[98.421492,19.505593],[98.421091,19.505811],[98.420799,19.505959],[98.420228,19.50614],[98.419451,19.50632],[98.418869,19.506445],[98.41808,19.506603],[98.417545,19.506924],[98.417083,19.507244],[98.416584,19.507554],[98.416086,19.507746],[98.415564,19.507953],[98.415284,19.508123],[98.414895,19.508328],[98.414615,19.50858],[98.414274,19.508879],[98.414019,19.509129],[98.413472,19.509265],[98.413242,19.509231],[98.412805,19.509401],[98.412173,19.509674],[98.411578,19.50981],[98.411263,19.509787],[98.410911,19.509752],[98.410657,19.509647],[98.410475,19.509497],[98.410172,19.509381],[98.410003,19.509299],[98.4097,19.509183],[98.40941,19.508999],[98.409144,19.50863],[98.409012,19.508261],[98.408807,19.507949],[98.408385,19.50743],[98.408144,19.506957],[98.408229,19.506797],[98.408303,19.506682],[98.408485,19.506488],[98.408583,19.506315],[98.408596,19.506109],[98.408597,19.505775],[98.408622,19.505614],[98.40861,19.50551],[98.408721,19.505165],[98.408771,19.504741],[98.408906,19.504201],[98.408835,19.503833],[98.408751,19.503523],[98.408595,19.503165],[98.408403,19.502589],[98.408392,19.502268],[98.408333,19.501829],[98.408189,19.501553],[98.407923,19.501333],[98.407504,19.500995],[98.406956,19.500871],[98.406375,19.500698],[98.406024,19.500511],[98.405371,19.500071],[98.405094,19.499864],[98.404658,19.499551],[98.404308,19.499308],[98.404042,19.499077],[98.403837,19.498778],[98.403681,19.498421],[98.403561,19.498133],[98.403405,19.497891],[98.403285,19.497568],[98.403226,19.497177],[98.403204,19.49682],[98.403205,19.496521],[98.403267,19.496176],[98.403293,19.495751],[98.403319,19.495498],[98.403367,19.495417],[98.403637,19.49474],[98.403796,19.494501],[98.403918,19.494364],[98.404003,19.494238],[98.404064,19.494123],[98.404114,19.493904],[98.404151,19.493639],[98.404032,19.493178],[98.403987,19.492433],[98.40394,19.492053],[98.403918,19.491592],[98.403932,19.491156],[98.403873,19.490799],[98.403814,19.490534],[98.403706,19.490247],[98.403659,19.489958],[98.403574,19.489797],[98.403393,19.489625],[98.403164,19.489461],[98.402898,19.4893],[98.402729,19.489162],[98.402559,19.489091],[98.402389,19.489079],[98.402086,19.489157],[98.401904,19.489227],[98.40177,19.489283],[98.401613,19.489327],[98.401479,19.489282],[98.401371,19.489166],[98.401263,19.488901],[98.401203,19.488693],[98.401107,19.488451],[98.401011,19.488268],[98.400805,19.488186],[98.4006,19.488106],[98.400225,19.487897],[98.39991,19.48777],[98.399584,19.487572],[98.399305,19.487433],[98.399112,19.487281],[98.39881,19.487109],[98.398568,19.486911],[98.398435,19.486762],[98.398278,19.486635],[98.398231,19.48653],[98.398195,19.486426],[98.398244,19.486255],[98.398342,19.485968],[98.39838,19.485704],[98.398381,19.485428],[98.398334,19.485164],[98.398298,19.485026],[98.398166,19.484795],[98.398057,19.484553],[98.398119,19.484404],[98.398302,19.484208],[98.398472,19.483981],[98.398546,19.48375],[98.398499,19.483486],[98.398537,19.483107],[98.398514,19.482831],[98.398564,19.482542],[98.398614,19.482176],[98.398688,19.481935],[98.398846,19.481727],[98.398956,19.481499],[98.399163,19.481337],[98.399285,19.481247],[98.399455,19.48111],[98.399674,19.480973],[98.399857,19.480825],[98.400027,19.480629],[98.400198,19.480365],[98.400284,19.480126],[98.400333,19.479907],[98.400335,19.479642],[98.400421,19.479367],[98.400519,19.479033],[98.400618,19.478665],[98.400729,19.478288],[98.400815,19.477954],[98.400841,19.477645],[98.400915,19.477322],[98.400989,19.477001],[98.401051,19.476737],[98.401137,19.476426],[98.401211,19.476128],[98.401334,19.475864],[98.401468,19.475645],[98.401566,19.475451],[98.401736,19.475269],[98.401858,19.47512],[98.402028,19.475017],[98.402028,19.475005],[98.402454,19.474765],[98.402867,19.474536],[98.403328,19.474354],[98.403656,19.474172],[98.403899,19.474069],[98.404069,19.473991],[98.404312,19.473933],[98.404433,19.473981],[98.404687,19.474097],[98.404929,19.474156],[98.405245,19.474157],[98.405475,19.474111],[98.40573,19.473999],[98.405973,19.473873],[98.406131,19.473758],[98.406192,19.473713],[98.406192,19.473724],[98.406581,19.473439],[98.407007,19.473117],[98.407335,19.472831],[98.407676,19.472523],[98.40792,19.472341],[98.408175,19.472077],[98.408322,19.471825],[98.408371,19.471664],[98.408361,19.471192],[98.408497,19.470653],[98.408609,19.470054],[98.408696,19.469562],[98.408757,19.469321],[98.409075,19.468804],[98.409392,19.468392],[98.409599,19.468036],[98.410001,19.46759],[98.410306,19.467258],[98.410623,19.466925],[98.410975,19.466651],[98.411267,19.466502],[98.411691,19.466459],[98.412323,19.466312],[98.413014,19.46612],[98.413597,19.465846],[98.41412,19.465597],[98.414655,19.465253],[98.415117,19.4649],[98.415469,19.464614],[98.415932,19.464281],[98.416479,19.463917],[98.416917,19.463572],[98.417404,19.463082],[98.417915,19.462588],[98.418353,19.462131],[98.418755,19.461672],[98.419132,19.461397],[98.419485,19.461136],[98.419704,19.460988],[98.420032,19.4607],[98.420361,19.460346],[98.420665,19.460071],[98.421055,19.459786],[98.421323,19.459441],[98.421506,19.459109],[98.421665,19.458719],[98.421727,19.45841],[98.421705,19.458005],[98.421645,19.457729],[98.421514,19.457282],[98.421394,19.457006],[98.421238,19.456648],[98.421094,19.456221],[98.420877,19.455911],[98.420709,19.455657],[98.420479,19.455471],[98.420311,19.45515],[98.420142,19.454883],[98.419986,19.454561],[98.419855,19.454226],[98.419771,19.453917],[98.419688,19.453456],[98.419629,19.453098],[98.419522,19.452707],[98.419426,19.452316],[98.419295,19.451925],[98.419249,19.45143],[98.41925,19.451039],[98.419252,19.450729],[98.419253,19.450373],[98.419266,19.45012],[98.419292,19.449889],[98.419329,19.449591],[98.419367,19.449304],[98.419428,19.449119],[98.41955,19.448937],[98.41977,19.44872],[98.420013,19.448525],[98.420208,19.448295],[98.42039,19.448124],[98.420415,19.448009],[98.420634,19.447804],[98.420756,19.447655],[98.420817,19.447551],[98.420624,19.447264],[98.420637,19.447045],[98.420662,19.446941],[98.420748,19.446758],[98.421015,19.446689],[98.421306,19.446692],[98.421839,19.446716],[98.422251,19.446602],[98.422639,19.446651],[98.422905,19.446675],[98.423159,19.446849],[98.423463,19.44678],[98.423633,19.446747],[98.423839,19.44668],[98.423997,19.446576],[98.424228,19.446394],[98.424422,19.446291],[98.424701,19.446199],[98.425041,19.446248],[98.425307,19.446318],[98.425537,19.446353],[98.425804,19.446343],[98.426251,19.446507],[98.426771,19.446784],[98.427219,19.446934],[98.427594,19.447132],[98.427957,19.447398],[98.428344,19.447618],[98.428597,19.447804],[98.428936,19.447943],[98.429288,19.44791],[98.429591,19.447911],[98.429918,19.447946],[98.430099,19.44796],[98.430269,19.448076],[98.430559,19.448249],[98.430909,19.448663],[98.431283,19.448931],[98.431767,19.449104],[98.432324,19.449268],[98.432748,19.449351],[98.433329,19.449457],[98.433923,19.449436],[98.434299,19.449403],[98.435184,19.449291],[98.435621,19.449236],[98.436034,19.449122],[98.436337,19.449044],[98.436422,19.448999],[98.436981,19.448702],[98.4372,19.448565],[98.437406,19.448369],[98.43759,19.448072],[98.437736,19.447853],[98.437992,19.447626],[98.438429,19.447397],[98.438878,19.447181],[98.439534,19.446885],[98.43985,19.446599],[98.440046,19.446324],[98.440156,19.446082],[98.440315,19.445611],[98.440511,19.44513],[98.44067,19.444911],[98.440938,19.444592],[98.441097,19.444097],[98.441268,19.443718],[98.441489,19.443235],[98.441794,19.442778],[98.442123,19.44232],[98.4425,19.441908],[98.442744,19.441633],[98.443073,19.441209],[98.443329,19.440864],[98.443645,19.440624],[98.444035,19.440211],[98.444363,19.439858],[98.444656,19.439468],[98.444949,19.439019],[98.445156,19.438665],[98.445364,19.438252],[98.445632,19.437862],[98.445804,19.437483],[98.445914,19.437036],[98.446062,19.436668],[98.446124,19.436151],[98.446127,19.435519],[98.446202,19.435058],[98.446264,19.434554],[98.446279,19.434023],[98.446196,19.433542],[98.446161,19.433196],[98.446114,19.432771],[98.446056,19.432254],[98.445949,19.431793],[98.445842,19.431309],[98.445747,19.430884],[98.445663,19.430526],[98.44552,19.430076],[98.445424,19.42971],[98.445232,19.42942],[98.444845,19.429144],[98.44464,19.428867],[98.444241,19.428588],[98.443903,19.428334],[98.443504,19.42808],[98.443275,19.42786],[98.443142,19.427595],[98.442793,19.427133],[98.442578,19.42641],[98.44229,19.425672],[98.442038,19.42505],[98.441823,19.42444],[98.44168,19.423865],[98.44173,19.423405],[98.441624,19.422806],[98.441529,19.422198],[98.441436,19.421379],[98.441426,19.420724],[98.441501,19.420311],[98.441478,19.419909],[98.441577,19.419471],[98.441459,19.418736],[98.441499,19.417803],[98.441092,19.416629],[98.440937,19.416238],[98.440793,19.415869],[98.440649,19.415397],[98.440578,19.414938],[98.440507,19.414558],[98.440437,19.41388],[98.440427,19.413512],[98.440295,19.413155],[98.440115,19.412741],[98.440055,19.412532],[98.4399,19.412082],[98.439587,19.411598],[98.439396,19.410931],[98.439472,19.410116],[98.439643,19.409655],[98.439839,19.40929],[98.440084,19.408588],[98.440402,19.408074],[98.440938,19.407294],[98.441244,19.406685],[98.441742,19.406284],[98.442204,19.405849],[98.442775,19.405485],[98.443274,19.405051],[98.444077,19.404283],[98.444454,19.404031],[98.444721,19.403826],[98.444953,19.403529],[98.445416,19.402864],[98.445696,19.402623],[98.445963,19.40244],[98.446303,19.402349],[98.446691,19.40226],[98.447225,19.402076],[98.447637,19.402021],[98.447928,19.401954],[98.448219,19.401921],[98.448401,19.401885],[98.448656,19.401796],[98.448862,19.401647],[98.449045,19.401533],[98.449178,19.401373],[98.449276,19.401176],[98.449326,19.400856],[98.449303,19.400603],[98.449268,19.400316],[98.449136,19.399992],[98.448737,19.399819],[98.448434,19.399644],[98.448023,19.399446],[98.447697,19.399274],[98.447322,19.399124],[98.446922,19.399005],[98.446753,19.39897],[98.446499,19.398854],[98.446366,19.398773],[98.446173,19.3986],[98.446161,19.398519],[98.446404,19.398255],[98.446709,19.397969],[98.446988,19.397731],[98.447256,19.397524],[98.447572,19.397308],[98.44773,19.397171],[98.447936,19.397033],[98.448046,19.396848],[98.448156,19.3967],[98.448278,19.396424],[98.448243,19.396205],[98.448123,19.39585],[98.447991,19.395538],[98.447738,19.395191],[98.447352,19.394766],[98.447123,19.394464],[98.446822,19.39412],[98.44652,19.393785],[98.446303,19.393554],[98.445977,19.393266],[98.445578,19.393034],[98.445216,19.392744],[98.445035,19.392594],[98.444733,19.392329],[98.444504,19.392098],[98.444299,19.391785],[98.444022,19.391475],[98.44366,19.391106],[98.443407,19.390737],[98.44336,19.390413],[98.443264,19.390092],[98.443265,19.389896],[98.44329,19.389677],[98.443315,19.38955],[98.443291,19.389516],[98.443596,19.389104],[98.443768,19.388542],[98.443866,19.38807],[98.443905,19.387623],[98.444039,19.387393],[98.444089,19.386934],[98.4442,19.386474],[98.444323,19.386232],[98.444505,19.386072],[98.44487,19.385741],[98.445185,19.385593],[98.445683,19.38533],[98.445842,19.385134],[98.445977,19.384733],[98.446111,19.384493],[98.446172,19.384308],[98.446185,19.384067],[98.44615,19.383814],[98.446006,19.383608],[98.445873,19.383469],[98.445692,19.383306],[98.445462,19.383122],[98.44533,19.383018],[98.445015,19.382809],[98.444786,19.382671],[98.444568,19.382485],[98.444279,19.382301],[98.444098,19.382126],[98.443784,19.381701],[98.443326,19.381238],[98.442952,19.380743],[98.442735,19.380534],[98.442361,19.380165],[98.44206,19.379705],[98.441698,19.379243],[98.441252,19.378862],[98.441011,19.378608],[98.440757,19.378355],[98.440493,19.377985],[98.440288,19.377696],[98.440144,19.377338],[98.439964,19.376947],[98.439832,19.37666],[98.439519,19.376209],[98.439242,19.375761],[98.439194,19.375564],[98.43922,19.375218],[98.439258,19.374875],[98.439311,19.374611],[98.439454,19.374325],[98.439661,19.374072],[98.43988,19.373809],[98.440136,19.373534],[98.440295,19.373225],[98.440453,19.372936],[98.440721,19.372616],[98.440807,19.372445],[98.440819,19.372445],[98.440832,19.372122],[98.440798,19.371685],[98.440751,19.371168],[98.44056,19.370729],[98.440355,19.370315],[98.44026,19.369842],[98.440129,19.369462],[98.440021,19.369037],[98.440035,19.36868],[98.440134,19.368256],[98.440232,19.367947],[98.440342,19.367694],[98.440379,19.367464],[98.440405,19.36705],[98.440626,19.366373],[98.440651,19.366236],[98.440701,19.366005],[98.440738,19.365764],[98.440823,19.365626],[98.441018,19.365455],[98.441345,19.365375],[98.441576,19.365375],[98.441902,19.365492],[98.442156,19.365608],[98.442361,19.365737],[98.442531,19.365771],[98.442737,19.365772],[98.442955,19.365761],[98.443064,19.365705],[98.443344,19.365476],[98.443611,19.365212],[98.44388,19.364845],[98.444147,19.36457],[98.444233,19.364272],[98.444279,19.364048],[98.445068,19.364598],[98.445358,19.364829],[98.445598,19.365139],[98.445864,19.365452],[98.446371,19.365765],[98.446697,19.365985],[98.446951,19.366113],[98.447375,19.366274],[98.447846,19.366402],[98.448367,19.366462],[98.448645,19.366545],[98.449203,19.366535],[98.449579,19.366444],[98.449797,19.366309],[98.450004,19.366194],[98.450259,19.366023],[98.450792,19.366002],[98.451556,19.365833],[98.45198,19.365708],[98.452586,19.365642],[98.452938,19.365539],[98.453629,19.36545],[98.454344,19.365396],[98.45495,19.365317],[98.455616,19.365332],[98.456246,19.365323],[98.456621,19.365416],[98.457433,19.365396],[98.458159,19.365606],[98.458934,19.36576],[98.459671,19.366096],[98.460324,19.366408],[98.460784,19.366628],[98.461074,19.36686],[98.461254,19.367136],[98.461531,19.367541],[98.461797,19.367736],[98.462184,19.367945],[98.462765,19.368073],[98.463382,19.368215],[98.464036,19.36831],[98.464835,19.368416],[98.465489,19.368533],[98.466118,19.36872],[98.466602,19.368952],[98.467097,19.369218],[98.467654,19.369486],[98.468148,19.37005],[98.468401,19.370363],[98.468581,19.37072],[98.468689,19.371157],[98.468796,19.371537],[98.468782,19.371939],[98.468757,19.372341],[98.468597,19.372697],[98.468778,19.373066],[98.469056,19.373297],[98.46943,19.373597],[98.469853,19.373794],[98.470264,19.374037],[98.47082,19.374247],[98.471352,19.374537],[98.471885,19.374747],[98.472235,19.374908],[98.472646,19.37514],[98.472876,19.37536],[98.473298,19.375786],[98.473441,19.37627],[98.473634,19.376638],[98.47391,19.377134],[98.474261,19.377399],[98.474586,19.377769],[98.475057,19.37807],[98.475868,19.378337],[98.476449,19.37849],[98.477224,19.378641],[98.477696,19.378735],[98.478278,19.378751],[98.478714,19.378741],[98.479211,19.378708],[98.479756,19.378594],[98.480338,19.378436],[98.480666,19.378254],[98.480982,19.377968],[98.481443,19.377888],[98.482013,19.377855],[98.482534,19.377859],[98.483042,19.377883],[98.483491,19.377839],[98.484012,19.377852],[98.484411,19.377912],[98.484725,19.378315],[98.485087,19.378605],[98.485267,19.378963],[98.485363,19.379318],[98.485495,19.379515],[98.485506,19.379917],[98.485638,19.380136],[98.485818,19.38062],[98.485962,19.380989],[98.485997,19.381448],[98.486141,19.381724],[98.486309,19.382002],[98.486514,19.38236],[98.486598,19.382498],[98.486817,19.382451],[98.487554,19.382731],[98.488038,19.382929],[98.488729,19.383057],[98.489189,19.383081],[98.489613,19.383003],[98.490026,19.382844],[98.490632,19.382812],[98.491189,19.382723],[98.491735,19.382494],[98.492063,19.382278],[98.492489,19.382004],[98.492804,19.38183],[98.493278,19.381626],[98.493739,19.381444],[98.4942,19.381181],[98.494782,19.380977],[98.495158,19.380897],[98.495328,19.380807],[98.495414,19.380611],[98.495608,19.380417],[98.49625,19.380466],[98.496493,19.380478],[98.496506,19.380478],[98.496834,19.380581],[98.496928,19.380597],[98.496981,19.380636],[98.497168,19.380769],[98.497301,19.380851],[98.497494,19.380922],[98.497603,19.381003],[98.497772,19.381072],[98.497856,19.381131],[98.497989,19.38112],[98.49822,19.380903],[98.498391,19.380606],[98.498551,19.380226],[98.498746,19.379895],[98.498917,19.379654],[98.499124,19.379412],[98.499331,19.379162],[98.499357,19.378943],[98.499576,19.378738],[98.499782,19.378601],[98.500243,19.378338],[98.50051,19.378248],[98.500777,19.3781],[98.501031,19.378067],[98.501201,19.378033],[98.501406,19.378011],[98.501733,19.37806],[98.501926,19.378119],[98.502143,19.378201],[98.502869,19.378284],[98.50299,19.378273],[98.503377,19.378252],[98.503692,19.378196],[98.504007,19.378073],[98.504274,19.377843],[98.504566,19.377649],[98.504943,19.377318],[98.505234,19.377113],[98.50555,19.376909],[98.505805,19.376702],[98.506,19.376567],[98.506219,19.376384],[98.506522,19.376258],[98.506849,19.376099],[98.507165,19.375872],[98.507686,19.375645],[98.50771,19.375667],[98.508097,19.37568],[98.508702,19.375788],[98.509246,19.375825],[98.509572,19.375941],[98.509934,19.376105],[98.510454,19.376165],[98.511009,19.376386],[98.511552,19.376572],[98.512108,19.376691],[98.512628,19.376706],[98.513209,19.376731],[98.513669,19.376711],[98.514128,19.376794],[98.514671,19.376924],[98.515143,19.377007],[98.515541,19.377204],[98.515806,19.377343],[98.516181,19.377391],[98.516508,19.377336],[98.516823,19.377325],[98.517163,19.377039],[98.517648,19.376745],[98.518037,19.37654],[98.518607,19.376313],[98.518922,19.376165],[98.519551,19.376122],[98.520447,19.376115],[98.520725,19.376059],[98.521233,19.376015],[98.521608,19.376111],[98.521946,19.376182],[98.522236,19.376275],[98.522284,19.376436],[98.522307,19.376619],[98.522415,19.376723],[98.522681,19.376726],[98.52296,19.376657],[98.523371,19.376615],[98.523638,19.376444],[98.52393,19.376214],[98.524185,19.375987],[98.524465,19.375768],[98.525023,19.375519],[98.525762,19.375282],[98.526331,19.37524],[98.5269,19.375219],[98.52748,19.375245],[98.52783,19.375443],[98.52812,19.375525],[98.528397,19.375641],[98.528482,19.375689],[98.528494,19.375689],[98.528929,19.375701],[98.52951,19.37575],[98.529872,19.375787],[98.530175,19.375754],[98.530405,19.375777],[98.530744,19.375654],[98.531035,19.375505],[98.531459,19.375461],[98.5321,19.375524],[98.532704,19.375711],[98.53326,19.375723],[98.53361,19.375761],[98.533949,19.375798],[98.534179,19.37573],[98.534434,19.375604],[98.534762,19.375364],[98.535115,19.37501],[98.535491,19.374794],[98.536072,19.374671],[98.536412,19.374593],[98.536835,19.374513],[98.53715,19.374423],[98.537478,19.374311],[98.53801,19.374267],[98.538457,19.374431],[98.539133,19.374652],[98.53958,19.374793],[98.540014,19.374979],[98.540208,19.374968],[98.540705,19.374787],[98.54131,19.374836],[98.541999,19.374896],[98.542725,19.374832],[98.543368,19.374558],[98.544071,19.374208],[98.544642,19.373843],[98.544994,19.373498],[98.545359,19.37326],[98.545711,19.373066],[98.546135,19.372873],[98.546909,19.372911],[98.547623,19.372915],[98.54865,19.373058],[98.549581,19.373214],[98.550342,19.373446],[98.550825,19.373621],[98.55132,19.373751],[98.551802,19.374121],[98.552053,19.374594],[98.552413,19.375159],[98.552592,19.375618],[98.552953,19.376035],[98.55323,19.3763],[98.553459,19.376452],[98.553761,19.37659],[98.553954,19.376616],[98.554317,19.376628],[98.55496,19.376322],[98.555687,19.375958],[98.556294,19.375627],[98.556755,19.375412],[98.557301,19.375137],[98.557677,19.374817],[98.558151,19.374568],[98.558551,19.374329],[98.558867,19.374136],[98.559425,19.373862],[98.559933,19.37375],[98.560394,19.373613],[98.560757,19.373557],[98.561132,19.373606],[98.561591,19.373713],[98.562291,19.373979],[98.563136,19.374295],[98.563848,19.374713],[98.564608,19.375026],[98.565585,19.375675],[98.566465,19.376163],[98.567322,19.376616],[98.56865,19.377094],[98.569845,19.37756],[98.57138,19.377945],[98.572274,19.378158],[98.573301,19.3783],[98.574268,19.378422],[98.574994,19.378539],[98.575698,19.37862],[98.57567,19.37866],[98.575512,19.3789],[98.57545,19.379186],[98.575352,19.37953],[98.575349,19.379979],[98.575347,19.380381],[98.575562,19.380818],[98.575803,19.381187],[98.575981,19.381625],[98.576124,19.382109],[98.576062,19.382385],[98.57594,19.382601],[98.57583,19.382831],[98.575489,19.383289],[98.575149,19.383575],[98.574845,19.38385],[98.574443,19.384331],[98.574186,19.384904],[98.573845,19.385339],[98.573541,19.385625],[98.573394,19.385968],[98.573319,19.386336],[98.573329,19.386843],[98.573398,19.387439],[98.573395,19.388015],[98.573572,19.388901],[98.573606,19.389349],[98.573652,19.389832],[98.573698,19.390257],[98.573708,19.390626],[98.573743,19.390983],[98.573898,19.391362],[98.574317,19.392156],[98.574534,19.392387],[98.574726,19.392551],[98.57493,19.392964],[98.575061,19.39338],[98.57524,19.393876],[98.575358,19.394357],[98.575597,19.394877],[98.575801,19.395224],[98.57615,19.39573],[98.576558,19.396375],[98.576773,19.396907],[98.577144,19.397518],[98.577373,19.397828],[98.578108,19.398383],[98.578445,19.39865],[98.578952,19.399008],[98.579362,19.399276],[98.579857,19.399288],[98.58033,19.399247],[98.58073,19.399121],[98.58136,19.398976],[98.581893,19.398864],[98.582413,19.398716],[98.582972,19.398374],[98.583226,19.398318],[98.583541,19.398192],[98.584111,19.398058],[98.584777,19.397924],[98.585395,19.39772],[98.586037,19.397549],[98.586558,19.397496],[98.587041,19.397579],[98.587186,19.397751],[98.587922,19.398123],[98.588271,19.398343],[98.588705,19.398633],[98.589007,19.398898],[98.589392,19.399222],[98.589753,19.399569],[98.590187,19.399974],[98.590535,19.40054],[98.590715,19.400816],[98.590991,19.40123],[98.591436,19.40175],[98.591665,19.401936],[98.592003,19.402086],[98.592317,19.402145],[98.59262,19.402146],[98.592825,19.40216],[98.593151,19.402299],[98.593441,19.402347],[98.593695,19.402508],[98.593911,19.402693],[98.594128,19.403017],[98.594235,19.403349],[98.594415,19.403673],[98.594666,19.404306],[98.594858,19.404618],[98.595204,19.405482],[98.595407,19.406],[98.595684,19.406312],[98.59602,19.406726],[98.596116,19.406993],[98.596067,19.407154],[98.595993,19.407244],[98.595811,19.407347],[98.595617,19.407437],[98.595387,19.407493],[98.595157,19.407551],[98.594855,19.407548],[98.594576,19.407593],[98.594298,19.407604],[98.593862,19.407614],[98.593535,19.407726],[98.593135,19.407897],[98.592807,19.408113],[98.59237,19.408329],[98.592127,19.408536],[98.591872,19.408775],[98.591653,19.409005],[98.591481,19.409475],[98.591394,19.409877],[98.59144,19.410313],[98.591438,19.410726],[98.591401,19.410957],[98.591352,19.411002],[98.59129,19.411187],[98.591083,19.411485],[98.590852,19.411735],[98.590621,19.411965],[98.590378,19.412159],[98.590014,19.412284],[98.589614,19.412455],[98.589262,19.412649],[98.588971,19.412887],[98.58897,19.412944],[98.588679,19.413104],[98.588255,19.413252],[98.587819,19.4134],[98.587382,19.413627],[98.586774,19.414107],[98.586652,19.414278],[98.586421,19.414599],[98.586322,19.414885],[98.586139,19.41531],[98.586076,19.415655],[98.585941,19.416032],[98.58583,19.416448],[98.585804,19.41678],[98.585803,19.417114],[98.58585,19.417401],[98.585848,19.417654],[98.585919,19.418023],[98.586014,19.418391],[98.586158,19.418622],[98.586277,19.41892],[98.586361,19.419174],[98.586395,19.419553],[98.586429,19.419967],[98.586464,19.420186],[98.586572,19.420417],[98.586716,19.420727],[98.586884,19.420924],[98.587186,19.421132],[98.587439,19.42127],[98.587692,19.421411],[98.587886,19.421468],[98.588212,19.421586],[98.588526,19.421725],[98.588876,19.421888],[98.589165,19.422072],[98.58937,19.422269],[98.58955,19.42257],[98.589669,19.422902],[98.589801,19.423203],[98.58986,19.423524],[98.589846,19.42387],[98.589809,19.424138],[98.589808,19.424145],[98.589771,19.424353],[98.58966,19.424766],[98.589525,19.425143],[98.589353,19.425604],[98.589121,19.425992],[98.588913,19.426337],[98.588597,19.426691],[98.588244,19.427115],[98.588109,19.42739],[98.588084,19.427607],[98.588082,19.427849],[98.588154,19.428091],[98.588225,19.428355],[98.588345,19.428656],[98.588428,19.428999],[98.588474,19.429323],[98.588509,19.42968],[98.58858,19.430001],[98.588614,19.430324],[98.588576,19.430622],[98.588454,19.43092],[98.588368,19.431046],[98.587955,19.431389],[98.587725,19.431526],[98.587481,19.431754],[98.587118,19.431857],[98.586718,19.432039],[98.586366,19.432266],[98.586013,19.432516],[98.585649,19.432814],[98.585539,19.432999],[98.585526,19.433136],[98.585525,19.433389],[98.585524,19.433584],[98.585632,19.433769],[98.585679,19.433997],[98.585665,19.434298],[98.585652,19.434573],[98.585503,19.435228],[98.585369,19.435468],[98.58521,19.435709],[98.585123,19.436167],[98.584987,19.436662],[98.584923,19.437328],[98.584847,19.438098],[98.584711,19.438613],[98.584563,19.439142],[98.584476,19.439521],[98.584438,19.439968],[98.584388,19.440232],[98.584435,19.440544],[98.584482,19.440716],[98.584699,19.440891],[98.585,19.441248],[98.585119,19.441535],[98.585117,19.44187],[98.585068,19.442123],[98.584957,19.442455],[98.584798,19.44273],[98.584664,19.442946],[98.584565,19.443348],[98.584563,19.443775],[98.584537,19.444211],[98.584728,19.444729],[98.584993,19.444881],[98.585161,19.445191],[98.585268,19.44548],[98.585569,19.445861],[98.58587,19.446103],[98.58622,19.446368],[98.586678,19.446706],[98.587064,19.446903],[98.587572,19.446986],[98.587705,19.447009],[98.588019,19.447229],[98.588356,19.447471],[98.588573,19.447634],[98.588742,19.447795],[98.588886,19.448048],[98.589126,19.448338],[98.589221,19.448659],[98.589425,19.448983],[98.589666,19.44934],[98.589906,19.44972],[98.590194,19.450204],[98.590397,19.450666],[98.590528,19.451057],[98.590551,19.451459],[98.590584,19.45192],[98.590715,19.452426],[98.590773,19.452863],[98.590867,19.45338],[98.591071,19.453819],[98.591286,19.454258],[98.591574,19.454798],[98.591959,19.455341],[98.592151,19.455584],[98.592235,19.455814],[98.592185,19.456067],[98.592123,19.456239],[98.592014,19.456444],[98.591806,19.456719],[98.591648,19.456891],[98.591381,19.457073],[98.591125,19.457303],[98.590955,19.457508],[98.590881,19.457668],[98.590856,19.457944],[98.590867,19.458186],[98.590938,19.458498],[98.590997,19.458703],[98.590996,19.459015],[98.590946,19.459313],[98.590932,19.459681],[98.590929,19.460163],[98.590878,19.460646],[98.590815,19.461116],[98.590789,19.461622],[98.590786,19.462035],[98.590856,19.462578],[98.590987,19.462991],[98.591192,19.463234],[98.591421,19.463327],[98.591711,19.463454],[98.59182,19.46349],[98.592122,19.463538],[98.592389,19.46348],[98.592595,19.463345],[98.59279,19.463208],[98.593045,19.463014],[98.593203,19.46284],[98.593422,19.462579],[98.593666,19.462259],[98.593957,19.462063],[98.594225,19.461928],[98.594418,19.461872],[98.594612,19.46185],[98.594769,19.461895],[98.594962,19.462081],[98.595118,19.462253],[98.595263,19.462461],[98.595504,19.462692],[98.595756,19.462982],[98.595768,19.462982],[98.595865,19.46312],[98.596033,19.463351],[98.596249,19.463593],[98.596623,19.463847],[98.5969,19.4641],[98.597092,19.464446],[98.597284,19.464804],[98.597403,19.465195],[98.59757,19.46569],[98.597593,19.466036],[98.597699,19.466486],[98.597745,19.466911],[98.597768,19.467186],[98.597839,19.467589],[98.597849,19.467946],[98.597993,19.46828],[98.598173,19.468568],[98.598316,19.46897],[98.598569,19.469248],[98.598736,19.469696],[98.598892,19.469997],[98.598878,19.470227],[98.598744,19.470455],[98.598659,19.470604],[98.598512,19.470823],[98.598257,19.471028],[98.598087,19.471211],[98.597916,19.471371],[98.59777,19.47159],[98.597623,19.471899],[98.597548,19.472289],[98.597413,19.472725],[98.597266,19.473161],[98.597178,19.473633],[98.597092,19.474046],[98.597029,19.474437],[98.597064,19.474688],[98.597124,19.474862],[98.597232,19.475011],[98.597388,19.475265],[98.597423,19.475484],[98.597422,19.475678],[98.597349,19.475829],[98.597251,19.476035],[98.597152,19.476287],[98.597067,19.47654],[98.597078,19.476678],[98.597113,19.476999],[98.597172,19.477286],[98.59717,19.477643],[98.59712,19.477862],[98.596865,19.478137],[98.596804,19.478227],[98.596694,19.47848],[98.596655,19.478814],[98.596617,19.479158],[98.596555,19.479467],[98.596481,19.47979],[98.596347,19.480018],[98.596189,19.480155],[98.595922,19.480281],[98.595703,19.480419],[98.595388,19.480531],[98.595133,19.480668],[98.594781,19.480758],[98.594478,19.480929],[98.594175,19.481066],[98.593883,19.481214],[98.593604,19.481397],[98.593348,19.481602],[98.593154,19.481854],[98.592983,19.482026],[98.592861,19.48222],[98.592738,19.482552],[98.592652,19.482782],[98.592578,19.483139],[98.592564,19.483425],[98.592551,19.483712],[98.592501,19.483954],[98.592536,19.4843],[98.592595,19.484472],[98.592655,19.484621],[98.592824,19.48477],[98.592969,19.484852],[98.593137,19.484992],[98.593197,19.48513],[98.593196,19.485279],[98.593195,19.485474],[98.593243,19.48567],[98.593326,19.485912],[98.59341,19.486118],[98.593506,19.486326],[98.593589,19.486627],[98.593685,19.48681],[98.593805,19.487018],[98.5939,19.487249],[98.594093,19.487514],[98.594225,19.487744],[98.594369,19.488054],[98.594525,19.488321],[98.594705,19.488609],[98.594861,19.488839],[98.594944,19.48907],[98.594979,19.489357],[98.595026,19.489576],[98.594953,19.48977],[98.594842,19.490023],[98.594696,19.490206],[98.594526,19.4904],[98.594307,19.49063],[98.5941,19.490846],[98.593966,19.491042],[98.59388,19.491191],[98.593818,19.491444],[98.59378,19.491742],[98.593755,19.491937],[98.593742,19.492156],[98.593705,19.492361],[98.593643,19.492603],[98.593569,19.492788],[98.593435,19.492993],[98.593313,19.493176],[98.59313,19.493417],[98.592923,19.493738],[98.59274,19.494035],[98.592532,19.494344],[98.592361,19.494608],[98.592118,19.494895],[98.591972,19.4951],[98.591764,19.495423],[98.591581,19.495673],[98.591289,19.495948],[98.590997,19.496187],[98.590681,19.496417],[98.590353,19.49661],[98.590135,19.496736],[98.589832,19.496882],[98.589577,19.497019],[98.589285,19.497134],[98.588824,19.497372],[98.588569,19.497566],[98.588386,19.497808],[98.588191,19.498128],[98.588068,19.498381],[98.588055,19.49853],[98.588006,19.498817],[98.587992,19.499185],[98.587953,19.499528],[98.587892,19.499758],[98.587805,19.500194],[98.587726,19.500422],[98.588036,19.503193],[98.588202,19.507199],[98.588227,19.511171],[98.588046,19.513106],[98.587601,19.5147],[98.587431,19.51493],[98.587019,19.515239],[98.586655,19.51564],[98.586255,19.516132],[98.585867,19.516671],[98.585322,19.517359],[98.584752,19.517909],[98.584219,19.518423],[98.583613,19.519099],[98.582886,19.51966],[98.581965,19.520187],[98.581105,19.520643],[98.580426,19.521055],[98.579784,19.521591],[98.579081,19.522175],[98.578547,19.52268],[98.578038,19.523092],[98.577311,19.523515],[98.576487,19.524202],[98.576051,19.524567],[98.575578,19.5249],[98.574887,19.525346],[98.57433,19.525435],[98.573749,19.525341],[98.573458,19.525227],[98.573252,19.525053],[98.572865,19.524776],[98.572574,19.524466],[98.572127,19.524086],[98.571509,19.523682],[98.571001,19.523222],[98.570493,19.522464],[98.5699,19.52167],[98.569403,19.520887],[98.568811,19.520266],[98.568569,19.520139],[98.568411,19.520116],[98.568205,19.520195],[98.568084,19.520332],[98.567962,19.520563],[98.567865,19.52079],[98.567853,19.520998],[98.567768,19.521308],[98.567731,19.521628],[98.56761,19.522042],[98.567537,19.522421],[98.567488,19.522927],[98.567391,19.52334],[98.567221,19.523672],[98.567003,19.524152],[98.566833,19.524475],[98.566506,19.524956],[98.566202,19.525391],[98.565887,19.525871],[98.565669,19.526146],[98.565511,19.526607],[98.565268,19.527076],[98.565062,19.527455],[98.564808,19.52797],[98.564674,19.528464],[98.564516,19.528807],[98.564407,19.529209],[98.564273,19.529507],[98.56414,19.529886],[98.564006,19.53046],[98.564103,19.531011],[98.564066,19.531104],[98.56409,19.531402],[98.564078,19.531723],[98.564138,19.532114],[98.564222,19.532722],[98.564355,19.533206],[98.564488,19.533642],[98.564536,19.534033],[98.564718,19.534526],[98.564935,19.534929],[98.565056,19.535227],[98.565129,19.535469],[98.565274,19.535745],[98.565383,19.535998],[98.565467,19.536204],[98.565528,19.536525],[98.565576,19.536789],[98.565636,19.537158],[98.565575,19.537537],[98.565527,19.537881],[98.565429,19.53826],[98.565296,19.538569],[98.565114,19.538889],[98.564944,19.539142],[98.564799,19.539417],[98.564592,19.539749],[98.564289,19.540083],[98.563974,19.540495],[98.563489,19.540941],[98.563174,19.541377],[98.562919,19.541767],[98.562798,19.542029],[98.562725,19.542386],[98.562688,19.542695],[98.562724,19.543041],[98.562773,19.54335],[98.562809,19.543694],[98.562881,19.54404],[98.56305,19.544395],[98.563183,19.544842],[98.563364,19.545349],[98.563486,19.545636],[98.563558,19.546095],[98.563533,19.54652],[98.563424,19.546888],[98.56329,19.547335],[98.563278,19.547863],[98.563193,19.548414],[98.563192,19.548862],[98.56324,19.549424],[98.563288,19.550184],[98.563373,19.550769],[98.563529,19.551619],[98.563553,19.552457],[98.563673,19.553386],[98.563963,19.554525],[98.564144,19.555777],[98.564385,19.556718],[98.564676,19.557489],[98.564893,19.55797],[98.565353,19.558627],[98.56568,19.559145],[98.565922,19.559548],[98.566091,19.559824],[98.565982,19.560006],[98.565909,19.560121],[98.565691,19.560259],[98.5654,19.560407],[98.564976,19.560612],[98.564552,19.560819],[98.564261,19.560956],[98.56351,19.561227],[98.562855,19.561583],[98.562092,19.56189],[98.561304,19.562026],[98.560371,19.562024],[98.559826,19.562056],[98.559462,19.562112],[98.559014,19.562192],[98.558675,19.562271],[98.558202,19.562418],[98.55779,19.562614],[98.556748,19.563036],[98.555644,19.563847],[98.554954,19.564236],[98.553935,19.564715],[98.552893,19.565379],[98.552141,19.565881],[98.55139,19.566281],[98.550541,19.566715],[98.549511,19.567331],[98.548699,19.567779],[98.548044,19.568236],[98.547171,19.568647],[98.546601,19.568955],[98.545959,19.569204],[98.545365,19.56956],[98.544929,19.570006],[98.544201,19.570429],[98.543716,19.570692],[98.543437,19.57084],[98.543219,19.571023],[98.542989,19.571219],[98.542783,19.571401],[98.542492,19.57164],[98.54231,19.571859],[98.542273,19.572019],[98.542285,19.572249],[98.542345,19.572433],[98.542418,19.572686],[98.542515,19.572903],[98.542623,19.573168],[98.542854,19.573444],[98.543023,19.573641],[98.543265,19.573836],[98.54341,19.574112],[98.543592,19.574297],[98.543785,19.574573],[98.543943,19.574849],[98.544064,19.575193],[98.544221,19.575537],[98.544317,19.57586],[98.544293,19.576136],[98.544232,19.576341],[98.544159,19.576583],[98.544026,19.576903],[98.543831,19.577294],[98.543649,19.577673],[98.543395,19.578027],[98.543128,19.578462],[98.542691,19.578886],[98.542424,19.579369],[98.542181,19.579987],[98.541866,19.580411],[98.541671,19.581203],[98.541562,19.581741],[98.54144,19.582258],[98.541391,19.582865],[98.541317,19.583785],[98.541341,19.584727],[98.541534,19.585335],[98.541425,19.585678],[98.541364,19.586207],[98.541363,19.586668],[98.541363,19.587149],[98.541253,19.587562],[98.541132,19.587916],[98.541046,19.588318],[98.540961,19.588779],[98.540864,19.589156],[98.540863,19.589741],[98.541057,19.590397],[98.54125,19.590949],[98.541225,19.591328],[98.541225,19.591719],[98.541213,19.592189],[98.541115,19.592819],[98.540981,19.593325],[98.540593,19.594047],[98.540362,19.594735],[98.540252,19.595148],[98.54007,19.595595],[98.539973,19.595952],[98.539767,19.596272],[98.539379,19.596477],[98.538918,19.596729],[98.538494,19.596933],[98.537972,19.597334],[98.537633,19.597746],[98.537353,19.598446],[98.537244,19.598755],[98.537183,19.598986],[98.537134,19.59925],[98.536988,19.599559],[98.536879,19.599927],[98.536745,19.600247],[98.536733,19.600729],[98.536781,19.601454],[98.536865,19.602118],[98.536986,19.602555],[98.537251,19.60336],[98.537384,19.603751],[98.537566,19.604153],[98.537699,19.604497],[98.538002,19.604923],[98.538086,19.605246],[98.538195,19.605578],[98.538243,19.606152],[98.538278,19.60667],[98.538302,19.606979],[98.538411,19.6073],[98.538556,19.607739],[98.538604,19.608128],[98.53864,19.60844],[98.538652,19.608876],[98.53864,19.60914],[98.538639,19.609438],[98.538566,19.609759],[98.538505,19.610195],[98.538456,19.610814],[98.538262,19.611114],[98.538189,19.61133],[98.538056,19.611594],[98.53791,19.611903],[98.537813,19.612179],[98.537691,19.61242],[98.537546,19.612648],[98.537303,19.612763],[98.537024,19.612888],[98.536782,19.613071],[98.536575,19.613484],[98.536466,19.613956],[98.536381,19.614321],[98.536247,19.614768],[98.536246,19.615286],[98.536355,19.615722],[98.536524,19.616136],[98.536561,19.61617],[98.536597,19.616355],[98.536718,19.616609],[98.536887,19.61686],[98.536984,19.617068],[98.537226,19.617516],[98.537565,19.61793],[98.537965,19.618266],[98.538158,19.618368],[98.538315,19.618782],[98.5384,19.619127],[98.538557,19.619437],[98.538763,19.619795],[98.538957,19.62022],[98.539198,19.620668],[98.539465,19.621161],[98.539585,19.621713],[98.539682,19.622185],[98.539742,19.622644],[98.539681,19.623057],[98.539535,19.623378],[98.539135,19.623734],[98.538783,19.624008],[98.538274,19.624258],[98.537631,19.624579],[98.537049,19.625014],[98.536406,19.62562],[98.535957,19.625951],[98.535412,19.62611],[98.534806,19.626235],[98.534018,19.626337],[98.533254,19.626461],[98.532466,19.626721],[98.531739,19.626834],[98.53106,19.627038],[98.530526,19.627175],[98.529993,19.627221],[98.529448,19.627127],[98.52866,19.626987],[98.527957,19.626915],[98.52729,19.626936],[98.526781,19.627038],[98.526429,19.627279],[98.526102,19.627656],[98.525883,19.627863],[98.525592,19.62816],[98.525289,19.628607],[98.524901,19.629008],[98.524391,19.629431],[98.523942,19.629911],[98.52342,19.630495],[98.523019,19.631093],[98.522837,19.631573],[98.522643,19.631986],[98.522509,19.632366],[98.522363,19.632835],[98.522241,19.633363],[98.522241,19.633752],[98.522216,19.634281],[98.522167,19.634671],[98.522131,19.635026],[98.52213,19.635338],[98.522178,19.63567],[98.522215,19.635968],[98.522299,19.636337],[98.522335,19.63668],[98.522298,19.636944],[98.52231,19.637403],[98.52231,19.637794],[98.522249,19.638069],[98.522079,19.638378],[98.521872,19.63869],[98.521775,19.638814],[98.521593,19.638965],[98.52135,19.639088],[98.52112,19.639225],[98.520781,19.639272],[98.520441,19.639316],[98.520078,19.639327],[98.519738,19.639314],[98.519411,19.639302],[98.518999,19.639276],[98.518647,19.6393],[98.518162,19.639299],[98.51769,19.639205],[98.517411,19.639123],[98.516793,19.638938],[98.516345,19.638822],[98.515836,19.638775],[98.515363,19.638715],[98.514793,19.638646],[98.514442,19.638656],[98.514066,19.638768],[98.513775,19.638905],[98.513545,19.638986],[98.513362,19.639089],[98.513205,19.639179],[98.513059,19.639317],[98.512974,19.639547],[98.512841,19.639879],[98.512694,19.640269],[98.51244,19.640499],[98.51227,19.640819],[98.511967,19.640979],[98.511773,19.641046],[98.511627,19.64115],[98.511287,19.641343],[98.511057,19.641528],[98.510802,19.641699],[98.510281,19.64188],[98.509917,19.641983],[98.509541,19.64212],[98.509068,19.642279],[98.508668,19.642461],[98.508255,19.642654],[98.507795,19.642906],[98.507309,19.643169],[98.506691,19.643305],[98.506206,19.643487],[98.505903,19.643635],[98.505636,19.643738],[98.505454,19.643841],[98.505078,19.644023],[98.504775,19.644149],[98.504483,19.644331],[98.504314,19.644457],[98.504083,19.644674],[98.503877,19.64487],[98.503659,19.645052],[98.503416,19.645223],[98.503185,19.645487],[98.503003,19.645705],[98.502833,19.645969],[98.502663,19.646267],[98.502529,19.646531],[98.502432,19.646702],[98.502311,19.64693],[98.50225,19.647149],[98.502213,19.647355],[98.502116,19.647689],[98.501994,19.648009],[98.501934,19.648285],[98.501848,19.64856],[98.501812,19.648779],[98.50169,19.648996],[98.501593,19.64919],[98.501399,19.649386],[98.501205,19.649591],[98.50101,19.649787],[98.500792,19.649947],[98.500549,19.650151],[98.500282,19.650322],[98.499979,19.650507],[98.499627,19.650689],[98.499239,19.650837],[98.49896,19.650893],[98.498633,19.651029],[98.498257,19.651225],[98.497857,19.651475],[98.497456,19.651738],[98.497238,19.651945],[98.496954,19.652157],[98.493351,19.653545],[98.490913,19.654297],[98.487909,19.655016],[98.485305,19.65561],[98.482468,19.656137],[98.477162,19.656928],[98.47675,19.656983],[98.475972,19.657062],[98.475329,19.657106],[98.474819,19.657149],[98.474199,19.657229],[98.473592,19.65734],[98.473069,19.657431],[98.472607,19.657672],[98.472351,19.657888],[98.472144,19.658165],[98.471985,19.658451],[98.471936,19.658704],[98.47191,19.659061],[98.471763,19.65937],[98.47158,19.659715],[98.471312,19.65999],[98.471069,19.660206],[98.470679,19.660413],[98.470375,19.660618],[98.470058,19.660895],[98.46962,19.661329],[98.469133,19.661741],[98.468877,19.662086],[98.468803,19.66243],[98.468728,19.66289],[98.468715,19.663166],[98.468763,19.663396],[98.468968,19.663765],[98.469246,19.664225],[98.469451,19.664582],[98.469741,19.664906],[98.470007,19.665115],[98.470298,19.665344],[98.470467,19.665575],[98.470551,19.665875],[98.470538,19.666162],[98.470489,19.666449],[98.470391,19.666668],[98.470268,19.667],[98.470206,19.667345],[98.470217,19.667668],[98.470349,19.668139],[98.470529,19.668738],[98.470685,19.669256],[98.470889,19.669934],[98.470997,19.670488],[98.471165,19.671087],[98.471212,19.6715],[98.471234,19.671914],[98.471318,19.672375],[98.471352,19.67296],[98.471411,19.673489],[98.471483,19.673939],[98.47159,19.674445],[98.471698,19.67494],[98.471781,19.675458],[98.471779,19.675953],[98.471753,19.676447],[98.47157,19.676813],[98.471289,19.677158],[98.470984,19.677466],[98.470692,19.677881],[98.470204,19.678338],[98.469802,19.678798],[98.469534,19.679141],[98.469411,19.679508],[98.469312,19.680084],[98.469226,19.680427],[98.469261,19.680843],[98.469381,19.681246],[98.469598,19.681705],[98.469827,19.682189],[98.470092,19.682685],[98.470393,19.683341],[98.470513,19.683836],[98.470475,19.684308],[98.470303,19.684847],[98.470167,19.685525],[98.470007,19.686157],[98.469798,19.686904],[98.469686,19.687617],[98.469624,19.688169],[98.469379,19.688812],[98.468853,19.689822],[98.468168,19.691257],[98.467693,19.691818],[98.467108,19.692356],[98.466912,19.692609]]]},"properties":{"Admin_code":"580302","T_Name_T":"ตำบลเวียงเหนือ","T_Name_E":"TAMBON WIANG NUEA","Source_Nam":"DOPA","Source_dat":1388361600000}}]}